name,city,state,website,vertical,source_strategy,source_url,evidence,date_added
Ariana Restaurant,Bend,OR,,restaurants,small_market_local_dominance,https://eatdrinkbend.com/fine-dining-in-bend-oregon/,French-inspired seasonal chef's tasting menu and Bend's fine-dining anchor for 18+ years with reservations opening at midnight 30 days out,2026-06-16
5 Fusion,Bend,OR,,restaurants,small_market_local_dominance,https://www.tastingtable.com/2104711/best-restaurants-bend-oregon/,Chef Joe Kim is a two-time James Beard nominee for creative Asian fusion,2026-06-16
Bosa,Bend,OR,,restaurants,small_market_local_dominance,https://www.bosabend.com/,Chef-owned Italian and French restaurant with housemade pasta; reservations are hard to get,2026-06-16
Dear Irene,Bend,OR,,restaurants,small_market_local_dominance,https://epicbend.com/best-restaurants-in-bend-oregon/,"Chef Jonny Becklund's fixed-menu seasonal Northwest fine dining, a top Bend restaurant",2026-06-16
Rancher Butcher Chef,Bend,OR,,restaurants,small_market_local_dominance,https://www.rbcbend.com/,Restaurant of the Year dry-aged steakhouse and butcher counter sourcing from family ranches,2026-06-16
Celilo Restaurant & Bar,Hood River,OR,,restaurants,small_market_local_dominance,https://oregonessential.com/best-restaurants-hood-river-oregon/,"Widely considered Hood River's best, upscale farm-to-table with constantly changing local menu",2026-06-16
Sixth Street Bistro,Hood River,OR,,restaurants,small_market_local_dominance,https://www.winecountry.com/inspirations/guides/best-restaurants-hood-river/,Hood River staple and one of Oregon's first sustainable restaurants featuring local ingredients,2026-06-16
The Kitchen at Abeja,Walla Walla,WA,,restaurants,small_market_local_dominance,https://www.seattlemet.com/eat-and-drink/best-restaurants-walla-walla-washington,James Beard nominee Chef Mike Easton leads multi-course prix-fixe Tuscan-inspired wine-country dining,2026-06-16
Saffron Mediterranean Kitchen,Walla Walla,WA,,restaurants,small_market_local_dominance,https://www.seattlemet.com/eat-and-drink/best-restaurants-walla-walla-washington,"Elder statesman of Walla Walla dining since 2007, Mediterranean with housemade pastas and steaks",2026-06-16
Brasserie Four,Walla Walla,WA,,restaurants,small_market_local_dominance,https://www.theinfatuation.com/seattle/reviews/brasserie-four,"Upscale French fare with legendary steak frites and fresh oysters, Infatuation-reviewed",2026-06-16
Hattaway's on Alder,Walla Walla,WA,,restaurants,small_market_local_dominance,https://www.emeraldpalate.com/best-restaurants-in-walla-walla/,Upscale Southern restaurant with seasonal menu built on Pacific Northwest farm ingredients,2026-06-16
Passatempo Taverna,Walla Walla,WA,,restaurants,small_market_local_dominance,https://www.theinfatuation.com/seattle/guides/best-restaurants-walla-walla,Downtown Italian gem with handmade pastas and a commitment to local farms,2026-06-16
Carta,Leavenworth,WA,,restaurants,small_market_local_dominance,https://www.seattlemet.com/travel-and-outdoors/where-to-eat-best-restaurants-in-leavenworth-washington,"Fine dining with a seasonal Pacific Northwest menu, locally sourced seafood and beef",2026-06-16
Old World Chophouse,Leavenworth,WA,,restaurants,small_market_local_dominance,https://roamandthrive.com/best-restaurants-in-leavenworth-washington/,Leavenworth's only steakhouse sourcing premium beef from small family-owned PNW farms,2026-06-16
Mana,Leavenworth,WA,,restaurants,small_market_local_dominance,https://www.seattlemet.com/travel-and-outdoors/where-to-eat-best-restaurants-in-leavenworth-washington,"Seven-course tasting menu of local, organic, wild-foraged ingredients",2026-06-16
The Cooks' House,Traverse City,MI,,restaurants,small_market_local_dominance,https://wgrd.com/the-cooks-house-traverse-city-james-beard-award/,"Intimate 25-seat farm-to-table, only Michigan restaurant to advance as a 2026 James Beard finalist",2026-06-16
Trattoria Stella,Traverse City,MI,,restaurants,small_market_local_dominance,https://stellatc.com/,Chef Myles Anton is a five-time James Beard semifinalist; farm-to-table Italian with housemade pasta,2026-06-16
Amical,Traverse City,MI,,restaurants,small_market_local_dominance,https://www.traversecity.com/sp/foodies/index.html,Downtown European bistro with seasonal themed menus on West Grand Traverse Bay,2026-06-16
Red Ginger,Traverse City,MI,,restaurants,small_market_local_dominance,https://everafterinthewoods.com/must-try-restaurants-in-traverse-city-michigan-worth-the-trip-in-2026/,"Modern Pan-Asian with lacquered Korean short ribs, nigiri and a chef-driven cocktail list",2026-06-16
1911 Restaurant,Petoskey,MI,,restaurants,small_market_local_dominance,https://www.brookwalsh.com/blog/the-ultimate-petoskey-michigan-dining-guide.html,Chef Andy Carlson's seasonal farm-to-table menu at the historic Terrace Inn,2026-06-16
Chandler's,Petoskey,MI,,restaurants,small_market_local_dominance,https://www.awesomemitten.com/petoskey-restaurants/,Progressive American with a daily-changing chef menu and wine cellar in the Gaslight District,2026-06-16
Trixie's,Sister Bay,WI,,restaurants,worth_the_drive,https://doorcountypulse.com/a-new-era-of-dining-in-door/,Companion eatery to Wickman House sourcing regional ingredients with a modern twist,2026-06-16
Wickman House,Fish Creek,WI,,restaurants,worth_the_drive,https://www.timeout.com/chicago/blog/door-countys-wickman-house-is-a-seriously-good-restaurant-101415,Time Out-praised Door County restaurant focused on locally sourced classic dishes,2026-06-16
The Whistling Swan,Fish Creek,WI,,restaurants,worth_the_drive,https://thebestofdoorcounty.com/30-best-restaurants-in-door-county-local-dining-guide/,Historic National Register inn known for creative cuisine in Fish Creek,2026-06-16
Waterfront Restaurant,Sister Bay,WI,,restaurants,worth_the_drive,https://www.epicureantravelerblog.com/where-door-county-locals-eat/,Refined American fine dining with chef-designed seasonal land-and-sea dishes on Green Bay,2026-06-16
Chop,Sister Bay,WI,,restaurants,worth_the_drive,https://ashbrooke.net/door-county-restaurants/,"Upscale steakhouse in Sister Bay, Door County",2026-06-16
Mezzanine,Egg Harbor,WI,,restaurants,worth_the_drive,https://thebestofdoorcounty.com/30-best-restaurants-in-door-county-local-dining-guide/,Innovative restaurant with rooftop patio and elevated locally native food and beverage program,2026-06-16
Barringer's Restaurant,Fish Creek,WI,,restaurants,worth_the_drive,https://www.getawayandstay.com/blog/10IncredibleRestaurantsinDoorCounty,"Stylish dining with steaks, fresh seafood and craft cocktails in Fish Creek",2026-06-16
Edge by Goldmoor Inn,Galena,IL,,restaurants,worth_the_drive,https://edgeofgalena.com/,"Locally sourced, executive-chef-crafted refined dining; #1 rated Galena restaurant",2026-06-16
Goldmoor Inn Dining,Galena,IL,,restaurants,worth_the_drive,https://www.goldmoor.com/dining-spirits,Top-rated Galena fine dining with house-made stocks and sauces; national date-night honors,2026-06-16
Fried Green Tomatoes,Galena,IL,,restaurants,worth_the_drive,https://www.opentable.com/neighborhood/il/galena-restaurants,Old World Italian fine dining with diverse wine cellar; Tripadvisor top-10 US date-night restaurant,2026-06-16
Brazen Open Kitchen + Bar,Galena,IL,,restaurants,worth_the_drive,https://www.visitgalena.org/food-drink/,"James Beard-nominated, Top Chef alum-led restaurant in Galena",2026-06-16
Rÿn,Bentonville,AR,,restaurants,small_market_local_dominance,https://www.theinfatuation.com/bentonville/guides/best-restaurants-bentonville,10-course chef-driven tasting menu with $95 wine pairing from the owners of Conifer,2026-06-16
Eleven at Crystal Bridges,Bentonville,AR,,restaurants,small_market_local_dominance,https://www.theinfatuation.com/bentonville/guides/best-restaurants-bentonville,Chef Tim Ordway leads a five-course tasting of regionally inspired cuisine at Crystal Bridges,2026-06-16
The Hive,Bentonville,AR,,restaurants,small_market_local_dominance,https://everafterinthewoods.com/top-restaurants-in-bentonville-arkansas-worth-the-trip-in-2026/,Chef-driven Arkansas country cuisine with local sourcing at 21c Museum Hotel,2026-06-16
The Preacher's Son,Bentonville,AR,,restaurants,small_market_local_dominance,https://www.theinfatuation.com/bentonville/guides/best-restaurants-bentonville,Chef Matt Cooper's farm-to-fork menu in a restored Gothic Revival church,2026-06-16
Tavola Trattoria,Bentonville,AR,,restaurants,small_market_local_dominance,https://www.yelp.com/biz/tavola-trattoria-bentonville,Chef-driven Italian trattoria with hand-rolled gnocchi and seasonal sauces,2026-06-16
Le Stick Nouveau,Eureka Springs,AR,,restaurants,worth_the_drive,https://www.lestick.com/eurekaspringslestickblog/,French-inspired chef-driven multi-course tasting menus; ranked top US date-night restaurant,2026-06-16
Local Flavor Cafe,Eureka Springs,AR,,restaurants,worth_the_drive,https://nwatravelguide.com/top-10-best-eureka-springs-restaurants/,Chef-owned with a regularly changing seasonal menu in downtown Eureka Springs,2026-06-16
Grotto Wood-Fired Grill,Eureka Springs,AR,,restaurants,worth_the_drive,https://arkansashotsprings.org/15-must-try-restaurants-in-eureka-springs/,Wood-fired dishes and extensive wine selection in a cave-like setting,2026-06-16
Bordo,Marfa,TX,,restaurants,worth_the_drive,https://www.marfasaintgeorge.com/best-restaurants-marfa-tx,Chef Michael Anthony Serva's ingredient-driven restaurant in a renovated 1930s service station,2026-06-16
LaVenture,Marfa,TX,,restaurants,worth_the_drive,https://www.aol.com/lifestyle/remote-u-town-quietly-becoming-101927251.html,Creative ingredient-driven seasonal menus with Southwestern influences in Marfa,2026-06-16
Cabernet Grill,Fredericksburg,TX,,restaurants,small_market_local_dominance,https://www.winecountry.com/inspirations/guides/best-restaurants-in-fredericksburg-tx/,Chef Ross Burtwell's Hill Country restaurant named one of America's 100 Best Wine Restaurants with the nation's largest Texas wine list,2026-06-16
Limestone Restaurant,Fredericksburg,TX,,restaurants,small_market_local_dominance,https://www.visitfredericksburgtx.com/restaurants/fine-dining/,"Chef-driven, ingredient-obsessed tasting menus with a deep sommelier-led wine pairing program",2026-06-16
Hill & Vine,Fredericksburg,TX,,restaurants,small_market_local_dominance,https://www.fodors.com/world/north-america/usa/texas/the-hill-country/places/fredericksburg/restaurants,Chef-driven open-kitchen menu using top ingredients with a curated wine list,2026-06-16
Otto's German Bistro,Fredericksburg,TX,,restaurants,small_market_local_dominance,https://feastio.com/best-restaurants-fredericksburg-tx/,Farm-to-table German bistro with refined dishes like foie gras and duck schnitzel,2026-06-16
Vaudeville,Fredericksburg,TX,,restaurants,small_market_local_dominance,https://www.fredericksburgtexas.com/eat,Chef Jordan Muraglia's European-inspired bistro that becomes a tasting-menu supper club weekends,2026-06-16
August E's,Fredericksburg,TX,,restaurants,small_market_local_dominance,https://baronscreekvineyards.com/blog/fredericksburg-restaurant-guide/,Family-owned upscale Texas-fusion restaurant with a chef's tasting flight and extensive wine list,2026-06-16
Materia,Litchfield,CT,,restaurants,small_market_local_dominance,https://www.fodors.com/world/north-america/usa/connecticut/the-litchfield-hills/restaurants,Award-winning Italian; chef David DiStasi named CT Chef of the Year 2023,2026-06-16
Belden House,Litchfield,CT,,restaurants,worth_the_drive,https://www.fodors.com/world/north-america/usa/connecticut/the-litchfield-hills/restaurants,Seasonal chef-driven dining with a Michelin Key; one of CT's top 2025 openings,2026-06-16
Arethusa al Tavolo,Bantam,CT,,restaurants,worth_the_drive,https://www.fodors.com/world/north-america/usa/connecticut/the-litchfield-hills/restaurants,Farm-to-table from Arethusa Dairy; chef Dan Magill a James Beard Best Chef Northeast semifinalist,2026-06-16
The Courtroom,Litchfield,CT,,restaurants,small_market_local_dominance,https://www.fodors.com/world/north-america/usa/connecticut/the-litchfield-hills/restaurants,Modern tavern with continental influences using locally sourced ingredients in The Abner Hotel,2026-06-16
The White Horse,New Preston,CT,,restaurants,small_market_local_dominance,https://whitehorsecountrypub.com/,Country pub voted Best Outdoor and Best Fireside Dining in CT 2025,2026-06-16
The Hopkins Inn,New Preston,CT,,restaurants,small_market_local_dominance,https://explorewashingtonct.com/plan-your-visit/explore-interest/taste-of-washington/,Historic lakeside inn restaurant listed among the area's best,2026-06-16
The Smithy at 9 Main,Kent,CT,,restaurants,small_market_local_dominance,https://www.kentct.com/eat,Chef-driven farm-sourced dining in downtown Kent,2026-06-16
The White Hart Inn,Salisbury,CT,,restaurants,worth_the_drive,https://www.whitehartinn.com/about/,Nose-to-tail ingredient-driven menu; named to Bon Appetit Best New Restaurants in America,2026-06-16
West Street Grill,Litchfield,CT,,restaurants,small_market_local_dominance,https://www.weststreetgrill.com/,30-year refined New American with elevated French and Italian roots in the Litchfield Hills,2026-06-16
Community Table,New Preston,CT,,restaurants,small_market_local_dominance,https://www.communitytablect.com/,Locally sourced seasonal cuisine and wine program near Washington Depot,2026-06-16
Galley Beach,Nantucket,MA,,restaurants,worth_the_drive,https://www.bostonmagazine.com/restaurants/best-restaurants-nantucket/,Five-star beachfront fine dining; family-owned for six decades,2026-06-16
CRU,Nantucket,MA,,restaurants,worth_the_drive,https://www.bostonmagazine.com/restaurants/best-restaurants-nantucket/,French-Mediterranean harborside menus with a raw oyster bar on Straight Wharf,2026-06-16
Topper's,Nantucket,MA,,restaurants,worth_the_drive,https://www.bostonmagazine.com/restaurants/best-restaurants-nantucket/,Seasonally inspired fine dining at The Wauwinet with a noted wine cellar,2026-06-16
Brant Point Grill,Nantucket,MA,,restaurants,worth_the_drive,https://www.bostonmagazine.com/restaurants/best-restaurants-nantucket/,Premier steak and seafood with chef-prepared cuisine at the White Elephant,2026-06-16
Ships Inn Restaurant,Nantucket,MA,,restaurants,small_market_local_dominance,https://www.timeout.com/boston/restaurants/ships-inn,One of Nantucket's finest dining rooms in an 1831 whaling captain's mansion,2026-06-16
The Nautilus,Nantucket,MA,,restaurants,worth_the_drive,https://www.theinfatuation.com/nantucket/reviews/the-nautilus,Izakaya-style small seafood plates; Infatuation best-of pick,2026-06-16
Lola 41,Nantucket,MA,,restaurants,worth_the_drive,https://www.theinfatuation.com/nantucket/guides/best-restaurants-nantucket-massachusetts,Creative sushi and global seafood; Infatuation best-of pick,2026-06-16
The Proprietors Bar and Table,Nantucket,MA,,restaurants,worth_the_drive,https://www.theinfatuation.com/nantucket/guides/best-restaurants-nantucket-massachusetts,Chef-driven global small plates; Infatuation best-of pick,2026-06-16
Ceraldi,Provincetown,MA,,restaurants,worth_the_drive,https://www.theinfatuation.com/cape-cod/guides/best-restaurants-cape-cod,Daily-changing seven-course Italian-influenced tasting menu from chef Michael Ceraldi,2026-06-16
The Mews Restaurant,Provincetown,MA,,restaurants,small_market_local_dominance,https://wequassett.com/blog/the-best-restaurants-on-cape-cod-waterfront-dining-coastal-favorites-fine-cuisine/,Longtime fine dining with an eclectic internationally influenced menu,2026-06-16
The Red Inn,Provincetown,MA,,restaurants,small_market_local_dominance,https://wequassett.com/blog/the-best-restaurants-on-cape-cod-waterfront-dining-coastal-favorites-fine-cuisine/,Waterfront fine dining and raw bar with local lobster and Wellfleet oysters,2026-06-16
Sal's Place,Provincetown,MA,,restaurants,small_market_local_dominance,https://www.hyperlocalcapecod.com/guides/what-are-the-best-restaurants-in-provincetown,Authentic homemade-pasta Italian with beachside dining,2026-06-16
Strangers & Saints,Provincetown,MA,,restaurants,small_market_local_dominance,https://www.hyperlocalcapecod.com/guides/what-are-the-best-restaurants-in-provincetown,Mediterranean-inspired chef-driven shared plates,2026-06-16
The Wicked Oyster,Wellfleet,MA,,restaurants,small_market_local_dominance,https://wequassett.com/blog/the-best-restaurants-on-cape-cod-waterfront-dining-coastal-favorites-fine-cuisine/,Award-winning fresh seafood and inventive entrees in a historic Wellfleet building,2026-06-16
Del Mar Bar and Bistro,Chatham,MA,,restaurants,small_market_local_dominance,https://wequassett.com/blog/the-best-restaurants-on-cape-cod-waterfront-dining-coastal-favorites-fine-cuisine/,Creative chef-crafted bistro dishes on Cape Cod,2026-06-16
Leonessa,Cape Cod,MA,,restaurants,small_market_local_dominance,https://www.theinfatuation.com/cape-cod/guides/best-restaurants-cape-cod,Italian with house pasta and meaty entrees like cavatelli with wild boar ragu; Infatuation pick,2026-06-16
Timothy O'Connell,Falmouth,MA,,restaurants,small_market_local_dominance,https://www.theinfatuation.com/cape-cod/guides/best-restaurants-cape-cod,Fine dining serving dishes like lobster strudel since 2009; Infatuation pick,2026-06-16
Lune,Dennis Port,MA,,restaurants,small_market_local_dominance,https://www.theinfatuation.com/cape-cod/guides/best-restaurants-cape-cod,Chef-driven restaurant featured on the Infatuation Cape Cod best-of list,2026-06-16
Fin,Dennis,MA,,restaurants,small_market_local_dominance,https://www.theinfatuation.com/cape-cod/reviews/fin,Seafood with Japanese twists; Infatuation Cape Cod best-of pick,2026-06-16
The Terrace at The Charlotte Inn,Edgartown,MA,,restaurants,worth_the_drive,https://www.bostonmagazine.com/restaurants/best-restaurants-marthas-vineyard/,Elegant fine dining led by chef Zach Prifti at a landmark inn,2026-06-16
L'Etoile,Edgartown,MA,,restaurants,worth_the_drive,https://www.bostonmagazine.com/restaurants/best-restaurants-marthas-vineyard/,"Chef-owned, seasonally driven inventive American at the Sydney",2026-06-16
Atlantic Fish & Chop House,Edgartown,MA,,restaurants,small_market_local_dominance,https://www.bostonmagazine.com/restaurants/best-restaurants-marthas-vineyard/,Upscale harborside seafood and chop house on Edgartown Harbor,2026-06-16
Red Cat Kitchen,Oak Bluffs,MA,,restaurants,small_market_local_dominance,https://www.bostonmagazine.com/restaurants/best-restaurants-marthas-vineyard/,Chef-owner Ben Deforest's soulful art-lined chef-driven eatery,2026-06-16
Détente,Edgartown,MA,,restaurants,small_market_local_dominance,https://www.bostonmagazine.com/restaurants/best-restaurants-marthas-vineyard/,Inventive American with a frequently changing menu since 2005,2026-06-16
Chilmark Tavern,Chilmark,MA,,restaurants,small_market_local_dominance,https://www.theinfatuation.com/marthas-vineyard/guides/best-restaurants-marthas-vineyard,Bistro classics leaning on New England farm-sourced ingredients,2026-06-16
Beach Plum Inn,Menemsha,MA,,restaurants,small_market_local_dominance,https://www.bostonmagazine.com/restaurants/best-restaurants-marthas-vineyard/,Seafood-focused fine dining inn restaurant in Menemsha,2026-06-16
Cello,Lenox,MA,,restaurants,small_market_local_dominance,https://www.tastingtable.com/1301081/absolute-best-restaurants-berkshires-massachusetts/,Chef-driven Italian sourcing from local farms and foraging; opened 2023,2026-06-16
Wheatleigh,Lenox,MA,,restaurants,worth_the_drive,https://www.foodnetwork.com/restaurants/ma/lenox/wheatleigh-restaurant,"Award-winning gourmet dining in a century-old estate with local lobster, halibut, foie gras",2026-06-16
Café Adam,Great Barrington,MA,,restaurants,small_market_local_dominance,https://www.tastingtable.com/1301081/absolute-best-restaurants-berkshires-massachusetts/,Chef-owned modern European farm-to-table with a Wine Spectator award-winning list,2026-06-16
Due Terre,West Stockbridge,MA,,restaurants,small_market_local_dominance,https://www.tastingtable.com/1301081/absolute-best-restaurants-berkshires-massachusetts/,Skillfully prepared Tuscan Italian cuisine,2026-06-16
Prairie Whale,Great Barrington,MA,,restaurants,small_market_local_dominance,https://www.tastingtable.com/1301081/absolute-best-restaurants-berkshires-massachusetts/,Daily-changing farm-to-table menu largely sourced from local farms,2026-06-16
The Old Inn on the Green,New Marlborough,MA,,restaurants,worth_the_drive,https://www.bostonmagazine.com/restaurants/best-restaurants-berkshires/,Candlelit fine dining serving up-to-the-minute seasonal cuisine,2026-06-16
Michael's on the Hill,Stowe,VT,,restaurants,worth_the_drive,https://www.bostonmagazine.com/restaurants/best-restaurants-stowe-vermont/,Chef Michael Kloeti's high-end French-countryside-inspired locally sourced cuisine,2026-06-16
Edson Hill Restaurant,Stowe,VT,,restaurants,small_market_local_dominance,https://edsonhill.com/casual-fine-dining-stowe-vt/,Seasonal New England farm-driven dining led by chef Matt Hiebsch,2026-06-16
Alpine Hall,Stowe,VT,,restaurants,small_market_local_dominance,https://www.bostonmagazine.com/restaurants/best-restaurants-stowe-vermont/,Chef Sean Blomgren's hyper-seasonal menu with dishes like rack of lamb,2026-06-16
Tipsy Trout,Stowe,VT,,restaurants,small_market_local_dominance,https://www.bostonmagazine.com/restaurants/best-restaurants-stowe-vermont/,Chef-driven seafood with lobster agnolotti from the Alpine Hall team,2026-06-16
Hen of the Wood,Waterbury,VT,,restaurants,worth_the_drive,https://www.bostonmagazine.com/restaurants/best-restaurants-stowe-vermont/,Legendary farm-to-table; chef Eric Warnstedt a multiple James Beard nominee,2026-06-16
Doc Ponds,Stowe,VT,,restaurants,small_market_local_dominance,https://www.bostonmagazine.com/restaurants/best-restaurants-stowe-vermont/,Eclectic locally sourced gastropub from the Hen of the Wood team,2026-06-16
Oakes & Evelyn,Woodstock,VT,,restaurants,small_market_local_dominance,https://discoverwoodstockvermont.com/restaurants-in-woodstock-vermont/,Modern farm-to-table at the Jackson Inn; opened 2025,2026-06-16
Cloudland Farm,Woodstock,VT,,restaurants,worth_the_drive,https://discoverwoodstockvermont.com/restaurants-in-woodstock-vermont/,On-farm seasonal prix-fixe sourcing the farm's own meats and produce,2026-06-16
The Prince and Pauper,Woodstock,VT,,restaurants,small_market_local_dominance,https://www.fodors.com/world/north-america/usa/vermont/central-vermont/places/woodstock/restaurants,Classic fine dining bistro and main room in Woodstock,2026-06-16
White Barn Inn,Kennebunkport,ME,,restaurants,worth_the_drive,https://www.bostonmagazine.com/restaurants/best-restaurants-kennebunkport-maine/,Elegant prix-fixe chef dining in a candlelit barn; $135+ tasting menu,2026-06-16
Earth at Hidden Pond,Kennebunkport,ME,,restaurants,worth_the_drive,https://www.bostonmagazine.com/restaurants/best-restaurants-kennebunkport-maine/,Farm-to-table sourcing onsite organic gardens and Maine purveyors,2026-06-16
Tides Beach Club,Kennebunkport,ME,,restaurants,small_market_local_dominance,https://www.bostonmagazine.com/restaurants/best-restaurants-kennebunkport-maine/,Five-Star waterfront fine dining with a seasonal three-course tasting menu,2026-06-16
Primo,Rockland,ME,,restaurants,worth_the_drive,https://www.themainemag.com/48-hours-in-camden-rockport-rockland/,Celebrated farm-driven fine dining from James Beard winner chef Melissa Kelly,2026-06-16
Natalie's,Camden,ME,,restaurants,worth_the_drive,https://www.countryinnmaine.com/best-restaurants-camden-maine/,Fine dining at Camden Harbour Inn with a multi-course lobster tasting menu,2026-06-16
Bay View Landing,Camden,ME,,restaurants,small_market_local_dominance,https://www.bostonmagazine.com/restaurants/camden-maine-winter-restaurants/,American Mediterranean ingredient-driven cuisine from chef-owner Steven Steeves,2026-06-16
Giusto,Newport,RI,,restaurants,worth_the_drive,https://www.theinfatuation.com/newport/guides/best-restaurants-newport-rhode-island,Tasting-menu-focused American with high-end quality; Infatuation pick,2026-06-16
Thames Street Kitchen,Newport,RI,,restaurants,small_market_local_dominance,https://www.theinfatuation.com/newport/guides/best-restaurants-newport-rhode-island,Field-to-fork chef-driven locally sourced cuisine,2026-06-16
Flora,Newport,RI,,restaurants,small_market_local_dominance,https://www.discovernewport.org/restaurants/,Mediterranean-inspired seafood and steaks with harbor views; chef Miguel Somoza,2026-06-16
Aurelia at Castle Hill,Newport,RI,,restaurants,worth_the_drive,https://www.theinfatuation.com/newport/guides/best-restaurants-newport-rhode-island,Special-occasion fine dining with a noted chef's tasting at Castle Hill Inn,2026-06-16
The Dining Room at The Vanderbilt,Newport,RI,,restaurants,small_market_local_dominance,https://www.theinfatuation.com/newport/guides/best-restaurants-newport-rhode-island,Elevated New England ingredient-driven dining at the Vanderbilt,2026-06-16
Tallulah on Thames,Newport,RI,,restaurants,small_market_local_dominance,https://parade.com/1337263/kelli-acciardo/best-restaurants-in-newport-ri/,Intimate seasonal locally sourced cuisine from RI native chef Kevin O'Donnell,2026-06-16
Stella New Hope,New Hope,PA,,restaurants,small_market_local_dominance,https://www.opentable.com/neighborhood/us/new-hope-restaurants,Innovative special-occasion dining with Delaware River views,2026-06-16
Northridge Restaurant,Stockton,NJ,,restaurants,small_market_local_dominance,https://www.woolvertoninn.com/best-area-dining,Seasonal prix-fixe by chef Lance Knowling in a restored 1830s stone barn at Woolverton Inn,2026-06-16
D'Floret,Lambertville,NJ,,restaurants,small_market_local_dominance,https://www.woolvertoninn.com/best-area-dining,"Chef-owned farm-to-table with French, American and Mediterranean influences",2026-06-16
Anton's at the Swan,Lambertville,NJ,,restaurants,small_market_local_dominance,https://www.foxhoundinn.com/blog/new-hope-and-lambertville-restaurants-recommendations,Chef-owned New American in a historic hotel,2026-06-16
Peter Shields Inn & Restaurant,Cape May,NJ,,restaurants,small_market_local_dominance,https://njmonthly.com/articles/eat-drink/best-restaurants-in-cape-may/,Seasonally driven contemporary American with dishes like lobster thermidor and grilled venison,2026-06-16
The Washington Inn,Cape May,NJ,,restaurants,small_market_local_dominance,https://njmonthly.com/articles/eat-drink/best-restaurants-in-cape-may/,Upscale inventive regional American with local Atlantic fish and farm produce,2026-06-16
Maison Bleue,Cape May,NJ,,restaurants,small_market_local_dominance,https://njmonthly.com/articles/eat-drink/best-restaurants-in-cape-may/,Stylish classic French bistro from chef Anthony Depasquale,2026-06-16
Grana BYOB,Cape May,NJ,,restaurants,small_market_local_dominance,https://njmonthly.com/articles/eat-drink/best-restaurants-in-cape-may/,68-seat chef-owner Italian from Carl Messick,2026-06-16
Shamone,Cape May,NJ,,restaurants,small_market_local_dominance,https://njmonthly.com/articles/eat-drink/best-restaurants-in-cape-may/,Multi-course chef's tasting menu dinner experience,2026-06-16
Torrisi,New York,NY,,restaurants,best_of_city_list,https://www.cozymeal.com/magazine/best-italian-restaurants-nyc,Michelin-starred chef-driven Italian-American in the Puck Building; Cozymeal best Italian NYC,2026-06-16
Altro Paradiso,New York,NY,,restaurants,best_of_city_list,https://www.cozymeal.com/magazine/best-italian-restaurants-nyc,Chef Ignacio Mattos regional Italian; Cozymeal best Italian NYC,2026-06-16
Locanda Verde,New York,NY,,restaurants,best_of_city_list,https://www.cozymeal.com/magazine/best-italian-restaurants-nyc,Chef Andrew Carmellini rustic urban Italian; Cozymeal best Italian NYC,2026-06-16
I Sodi,New York,NY,,restaurants,best_of_city_list,https://www.cozymeal.com/magazine/best-italian-restaurants-nyc,"Chef Rita Sodi Tuscan, hard-to-book; Cozymeal best Italian NYC",2026-06-16
Le French Diner,New York,NY,,restaurants,best_of_city_list,https://www.theinfatuation.com/new-york/guides/best-french-restaurants-nyc,Walk-in-only French bistro on LES; Infatuation best French NYC,2026-06-16
Buvette,New York,NY,,restaurants,best_of_city_list,https://www.theinfatuation.com/new-york/guides/best-french-restaurants-nyc,West Village French gastrotheque; Infatuation best French NYC,2026-06-16
Pastis,New York,NY,,restaurants,best_of_city_list,https://www.theinfatuation.com/new-york/guides/best-french-restaurants-nyc,Meatpacking French brasserie; Infatuation best French NYC,2026-06-16
Restaurant Yuu,New York,NY,,restaurants,best_of_city_list,https://www.wallpaper.com/travel/restaurants/best-omakase-nyc,Michelin-starred French-Japanese tasting menu from chef Yuu Shimano; best omakase/tasting NYC,2026-06-16
Joji,New York,NY,,restaurants,best_of_city_list,https://www.wallpaper.com/travel/restaurants/best-omakase-nyc,Michelin-starred omakase counter; best omakase NYC,2026-06-16
Sushi Nakazawa,New York,NY,,restaurants,best_of_city_list,https://www.wallpaper.com/travel/restaurants/best-omakase-nyc,Michelin-starred omakase from chef Daisuke Nakazawa; best omakase NYC,2026-06-16
Masa,New York,NY,,restaurants,best_of_city_list,https://www.wallpaper.com/travel/restaurants/best-omakase-nyc,Three-star Hinoki counter omakase from chef Masa Takayama; best omakase NYC,2026-06-16
Wayla,New York,NY,,restaurants,best_of_city_list,https://www.theinfatuation.com/new-york/guides/thai-restaurant-nyc,Chef Tom Naumsuwan market-driven Thai on LES; Infatuation best Thai NYC,2026-06-16
Thai Diner,New York,NY,,restaurants,best_of_city_list,https://www.theinfatuation.com/new-york/guides/thai-restaurant-nyc,Chefs Ann Redding and Matt Danzer Thai on Mott St; Infatuation best Thai NYC,2026-06-16
Fish Cheeks,New York,NY,,restaurants,best_of_city_list,https://www.theinfatuation.com/new-york/guides/thai-restaurant-nyc,Chef-brothers Thai seafood in Noho; Infatuation best Thai NYC,2026-06-16
Zaab Zaab,New York,NY,,restaurants,best_of_city_list,https://www.theinfatuation.com/new-york/guides/thai-restaurant-nyc,Chef Aniwat Khotsopa Isan Thai in Queens; Infatuation best Thai NYC,2026-06-16
Peter Luger,New York,NY,,restaurants,best_of_city_list,https://www.theinfatuation.com/new-york/guides/best-steakhouses-nyc,Iconic independent Brooklyn steakhouse; Infatuation best steakhouses NYC,2026-06-16
Keens Steakhouse,New York,NY,,restaurants,best_of_city_list,https://www.theinfatuation.com/new-york/guides/best-steakhouses-nyc,Historic independent Midtown chophouse; Infatuation best steakhouses NYC,2026-06-16
Minetta Tavern,New York,NY,,restaurants,best_of_city_list,https://www.theinfatuation.com/new-york/guides/best-steakhouses-nyc,Chef-driven Village steakhouse/tavern; Infatuation best steakhouses NYC,2026-06-16
Charles Pan-Fried Chicken,New York,NY,,restaurants,best_of_city_list,https://joinpearl.co/lists/2026-eater-ny-38-best-restaurants-in-new-york-city,Harlem chef-driven icon; Eater NY 38 best restaurants,2026-06-16
Noz Market,New York,NY,,restaurants,best_of_city_list,https://joinpearl.co/lists/2026-eater-ny-38-best-restaurants-in-new-york-city,Chef Nozumo Abe sushi on UES; Eater NY 38 best restaurants,2026-06-16
Cafe Commerce,New York,NY,,restaurants,best_of_city_list,https://joinpearl.co/lists/2026-eater-ny-38-best-restaurants-in-new-york-city,Chef Harold Moore contemporary American with French/Italian technique; Eater NY 38,2026-06-16
Carbone,New York,NY,,restaurants,best_of_city_list,https://joinpearl.co/lists/2026-eater-ny-38-best-restaurants-in-new-york-city,Chef-driven Italian-American in Greenwich Village; Eater NY 38,2026-06-16
La Tete d'Or,New York,NY,,restaurants,best_of_city_list,https://www.timeout.com/newyork/restaurants/the-best-steak-restaurants-in-new-york,Daniel Boulud chophouse with prime rib trolley; Time Out best steak NYC,2026-06-16
Miss Ada,New York,NY,,restaurants,best_of_city_list,https://www.theinfatuation.com/new-york/cuisines/israeli,Chef Tomer Blechman contemporary Israeli/Mediterranean in Fort Greene; Infatuation Israeli NYC,2026-06-16
Bustan,New York,NY,,restaurants,best_of_city_list,https://www.theinfatuation.com/new-york/cuisines/mediterranean,Chef-driven Mediterranean on UWS; Infatuation Mediterranean NYC,2026-06-16
Dagon,New York,NY,,restaurants,best_of_city_list,https://www.dagonnyc.com/,Chef Ari Bokovza modern Israeli/Levantine on UWS; best Mediterranean NYC,2026-06-16
Shmone,New York,NY,,restaurants,best_of_city_list,https://www.theinfatuation.com/new-york/cuisines/israeli,Chef Eyal Shani Michelin-starred Israeli in Greenwich Village; Infatuation Israeli NYC,2026-06-16
Balaboosta,New York,NY,,restaurants,best_of_city_list,https://www.theinfatuation.com/new-york/cuisines/israeli,Chef Einat Admony Moroccan-Israeli; Infatuation Israeli NYC,2026-06-16
Jungsik,New York,NY,,restaurants,best_of_city_list,https://guide.michelin.com/us/en/best-of/best-korean-restaurants-in-new-york-city,Three-Michelin-star modern Korean tasting menu in Tribeca; Michelin best Korean NYC,2026-06-16
COQODAQ,New York,NY,,restaurants,best_of_city_list,https://guide.michelin.com/us/en/best-of/best-korean-restaurants-in-new-york-city,Upscale chef-driven Korean fried chicken with caviar/champagne in Flatiron; Michelin best Korean NYC,2026-06-16
Nudibranch,New York,NY,,restaurants,best_of_city_list,https://www.worldofmouth.app/articles/best-asian-restaurants-in-new-york,East Village prix-fixe blending Korean/Chinese/Japanese; best Asian NYC,2026-06-16
Fox & the Knife,Boston,MA,,restaurants,best_of_city_list,https://www.modernluxury.com/best-italian-restaurants-boston/,Chef Karen Akunowicz Modenese Italian; best Italian Boston,2026-06-16
Bar Volpe,Boston,MA,,restaurants,best_of_city_list,https://www.tastingtable.com/2092357/boston-best-italian-restaurant-bar-volpe/,Chef Karen Akunowicz Southern Italian; Tasting Table best Italian Boston,2026-06-16
MIDA,Boston,MA,,restaurants,best_of_city_list,https://www.modernluxury.com/best-italian-restaurants-boston/,Chef-driven Italian; best Italian Boston,2026-06-16
Prezza,Boston,MA,,restaurants,best_of_city_list,https://www.modernluxury.com/best-italian-restaurants-boston/,North End chef-driven Italian; best Italian Boston,2026-06-16
Lehrahus,Cambridge,MA,,restaurants,best_of_city_list,https://www.barvlaha.com/press/eater-boston-the-38-best-restaurants-around-boston,Region's only Jewish tavern; Eater Boston 38,2026-06-16
Brassica Kitchen,Boston,MA,,restaurants,best_of_city_list,https://www.barvlaha.com/press/eater-boston-the-38-best-restaurants-around-boston,Creative chef-driven neighborhood spot in Jamaica Plain; Eater Boston 38,2026-06-16
Juliet,Somerville,MA,,restaurants,best_of_city_list,https://www.theinfatuation.com/boston/cuisines/french,French tasting-menu restaurant in Union Square; Infatuation French Boston,2026-06-16
Troquet on South,Boston,MA,,restaurants,best_of_city_list,https://www.theinfatuation.com/boston/cuisines/french,French fine dining with multi-course tasting menus; Infatuation French Boston,2026-06-16
No. 9 Park,Boston,MA,,restaurants,best_of_city_list,https://www.theinfatuation.com/boston/cuisines/french,Barbara Lynch French/Italian fine dining with chef's tasting; Infatuation French Boston,2026-06-16
Abe & Louie's,Boston,MA,,restaurants,best_of_city_list,https://www.theinfatuation.com/boston/cuisines/steaks,High-end independent steakhouse; Infatuation best steakhouses Boston,2026-06-16
Grill 23 & Bar,Boston,MA,,restaurants,best_of_city_list,https://www.theinfatuation.com/boston/cuisines/steaks,Independent steakhouse with Wine Spectator Grand Award; Infatuation steakhouses Boston,2026-06-16
Boston Chops,Boston,MA,,restaurants,best_of_city_list,https://www.theinfatuation.com/boston/cuisines/steaks,Downtown chef-driven steakhouse; Infatuation steakhouses Boston,2026-06-16
Mooo,Boston,MA,,restaurants,best_of_city_list,https://www.theinfatuation.com/boston/cuisines/steaks,Beacon Hill/Seaport upscale steakhouse; Infatuation steakhouses Boston,2026-06-16
Mahaniyom,Brookline,MA,,restaurants,best_of_city_list,https://www.bostonmagazine.com/restaurants/the-best-thai-restaurants-in-boston/,"Chef-driven Thai tapas, home-cooked style; best Thai Boston",2026-06-16
Klin Thai,Boston,MA,,restaurants,best_of_city_list,https://www.bostonmagazine.com/restaurants/the-best-thai-restaurants-in-boston/,Thai omakase tasting from Chef Pun in West Roxbury; best Thai Boston,2026-06-16
Sarma,Somerville,MA,,restaurants,best_of_city_list,https://www.bostonmagazine.com/restaurants/best-middle-eastern-restaurants-boston/,Chef Cassie Piuma Eastern Mediterranean/Middle Eastern meze; best Middle Eastern Boston,2026-06-16
Oleana,Cambridge,MA,,restaurants,best_of_city_list,https://en.wikipedia.org/wiki/Oleana_(restaurant),Chef Ana Sortun acclaimed Mediterranean; best Mediterranean Boston,2026-06-16
Anoush'ella,Boston,MA,,restaurants,best_of_city_list,https://www.bostonmagazine.com/restaurants/best-middle-eastern-restaurants-boston/,Chef-driven Eastern Mediterranean meze; best Middle Eastern Boston,2026-06-16
Fiola,Washington,DC,,restaurants,best_of_city_list,https://www.fioladc.com/,Chef Fabio Trabocchi Michelin-starred Italian tasting menu in Penn Quarter; best Italian DC,2026-06-16
Masseria,Washington,DC,,restaurants,best_of_city_list,https://www.modernluxury.com/best-italian-restaurants-dc/,Chef Nicholas Stefanelli Puglian tasting menu; best Italian DC,2026-06-16
Officina,Washington,DC,,restaurants,best_of_city_list,https://officinadc.com/,Chef Nicholas Stefanelli Italian-American; best Italian DC,2026-06-16
Rosselli,Washington,DC,,restaurants,best_of_city_list,https://www.popville.com/2026/04/rosselli-opened-italian-downtown/,Michelin-starred chef Carlos Cardona Italian downtown; best Italian DC,2026-06-16
Bresca,Washington,DC,,restaurants,best_of_city_list,https://www.theinfatuation.com/washington-dc/guides/best-french-restaurants-dc,Michelin-starred French prix-fixe with chef's table; Infatuation French DC,2026-06-16
La Boheme,Washington,DC,,restaurants,best_of_city_list,https://www.theinfatuation.com/washington-dc/guides/best-french-restaurants-dc,Under-the-radar French above Apero champagne bar; Infatuation French DC,2026-06-16
Le Chat Noir,Washington,DC,,restaurants,best_of_city_list,https://www.theinfatuation.com/washington-dc/guides/best-french-restaurants-dc,Chef-driven French bistro; Infatuation French DC,2026-06-16
Amelie,Washington,DC,,restaurants,best_of_city_list,https://www.theinfatuation.com/washington-dc/guides/best-french-restaurants-dc,Chef Anthony Lemortellec modernized French classics in Logan Circle; Infatuation French DC,2026-06-16
Albi,Washington,DC,,restaurants,best_of_city_list,https://www.2fiftybbq.com/news/the-38-best-restaurants-around-d-c,Michelin-starred chef-driven Levantine; Eater DC 38,2026-06-16
Sushi Sato,Washington,DC,,restaurants,best_of_city_list,https://www.2fiftybbq.com/news/the-38-best-restaurants-around-d-c,Chef-driven sushi/omakase; Eater DC 38,2026-06-16
Caruso's Grocery,Washington,DC,,restaurants,best_of_city_list,https://www.2fiftybbq.com/news/the-38-best-restaurants-around-d-c,Chef-driven Italian-American on Capitol Hill; Eater DC 38,2026-06-16
Moon Rabbit,Washington,DC,,restaurants,best_of_city_list,https://www.2fiftybbq.com/news/the-38-best-restaurants-around-d-c,Chef Kevin Tien modern Vietnamese; Eater DC 38,2026-06-16
Le Diplomate,Washington,DC,,restaurants,best_of_city_list,https://www.2fiftybbq.com/news/the-38-best-restaurants-around-d-c,Starr French brasserie in Logan Circle; Eater DC 38,2026-06-16
Omakase @ Barracks Row,Washington,DC,,restaurants,best_of_city_list,https://guide.michelin.com/us/en/district-of-columbia/washington-dc/restaurant/omakase-at-barracks-row,Chef Ricky Wang Michelin-starred omakase on Capitol Hill; best omakase DC,2026-06-16
Omakase Room by Tadayoshi,Washington,DC,,restaurants,best_of_city_list,https://wtop.com/food-restaurant/2025/04/best-omakase-sushi-kaiseki-washington-dc/,Chef Tadayoshi Motoa 20-course omakase counter; best omakase DC,2026-06-16
The Monocle,Washington,DC,,restaurants,best_of_city_list,https://www.theinfatuation.com/washington-dc/guides/best-steakhouses-dc,Classic family-run Capitol Hill steakhouse; Infatuation steakhouses DC,2026-06-16
St. Anselm,Washington,DC,,restaurants,best_of_city_list,https://www.theinfatuation.com/washington-dc/guides/best-steakhouses-dc,Chef-driven Union Market steakhouse; Infatuation steakhouses DC,2026-06-16
Shoto,Washington,DC,,restaurants,best_of_city_list,https://www.theinfatuation.com/washington-dc/guides/best-steakhouses-dc,Japanese steakhouse with wagyu and grill; Infatuation steakhouses DC,2026-06-16
Thip Khao,Washington,DC,,restaurants,best_of_city_list,https://guide.michelin.com/us/en/district-of-columbia/washington-dc/restaurant/thip-khao,"Chef-driven Lao/Thai, Michelin Bib Gourmand in Columbia Heights; best Thai DC",2026-06-16
Maydan,Washington,DC,,restaurants,best_of_city_list,https://guide.michelin.com/us/en/article/dining-out/best-mediterranean-restaurants-washington-dc,Chef Rose Previte Michelin-starred open-hearth Middle Eastern; best Mediterranean DC,2026-06-16
Ottoman Taverna,Washington,DC,,restaurants,best_of_city_list,https://www.theinfatuation.com/washington-dc/guides/best-mediterranean-restaurants-dc,"Turkish, Michelin Bib Gourmand in Mt. Vernon Triangle; best Mediterranean DC",2026-06-16
Hazel,Washington,DC,,restaurants,best_of_city_list,https://www.theinfatuation.com/washington-dc/guides/best-mediterranean-restaurants-dc,"Chef-driven Mediterranean, Michelin Bib Gourmand in Shaw; best Mediterranean DC",2026-06-16
Emilia,Philadelphia,PA,,restaurants,best_of_city_list,https://blog.resy.com/the-hit-list/philadelphia-restaurants-march-2026/,"Greg Vernick wood-fired Italian, booking weeks out; Infatuation/Resy best Italian Philly",2026-06-16
Vetri Cucina,Philadelphia,PA,,restaurants,best_of_city_list,https://www.theinfatuation.com/philadelphia/guides/the-best-italian-restaurants-in-philadelphia,Chef Marc Vetri tasting-menu Italian on Spruce St; Infatuation best Italian Philly,2026-06-16
Laurel,Philadelphia,PA,,restaurants,best_of_city_list,https://www.phillymag.com/foobooz/best-tasting-menus/,Chef Nicholas Elmi 22-seat BYOB French tasting menu; best French/tasting Philly,2026-06-16
June BYOB,Philadelphia,PA,,restaurants,best_of_city_list,https://junebyob.com/,Chefs Richard and Christina Cusack French tasting menu BYOB; best French Philly,2026-06-16
Bibou,Philadelphia,PA,,restaurants,best_of_city_list,https://www.theinfatuation.com/philadelphia/guides/best-french-in-philly,Chef Pierre Calmels four-star French BYOB; Infatuation best French Philly,2026-06-16
At The Table BYOB,Philadelphia,PA,,restaurants,best_of_city_list,https://www.phillymag.com/foobooz/french-restaurants-food-philadelphia/,Modern French tasting menus on the Main Line; best French Philly,2026-06-16
Hiroki,Philadelphia,PA,,restaurants,best_of_city_list,https://www.theinfatuation.com/philadelphia/guides/the-best-omakase-in-philly,Chef Hiroki Fujiyama Michelin-recognized 21-course omakase in Fishtown; best omakase Philly,2026-06-16
Dawa,Philadelphia,PA,,restaurants,best_of_city_list,https://www.theinfatuation.com/philadelphia/guides/the-best-omakase-in-philly,22-piece sushi omakase counter in Fishtown; best omakase Philly,2026-06-16
Chatayee Thai,Philadelphia,PA,,restaurants,best_of_city_list,https://chatayeethai.com/,Chef Chatayee Kapugthong Michelin-recognized Thai; best Thai Philly,2026-06-16
Chabaa Thai Bistro,Philadelphia,PA,,restaurants,best_of_city_list,https://www.theinfatuation.com/philadelphia/guides/best-thai-philly,Chef Moon Krapugthong chef-driven Thai; Infatuation best Thai Philly,2026-06-16
Zahav,Philadelphia,PA,,restaurants,best_of_city_list,https://www.visitphilly.com/things-to-do/food-drink/zahav/,"Chef Michael Solomonov James Beard Outstanding Restaurant, Israeli; best Mediterranean Philly",2026-06-16
Barclay Prime,Philadelphia,PA,,restaurants,best_of_city_list,https://www.theinfatuation.com/philadelphia/guides/best-steakhouses-philadelphia,Upscale chef-driven steakhouse; Infatuation best steakhouses Philly,2026-06-16
Saloon,Philadelphia,PA,,restaurants,best_of_city_list,https://www.theinfatuation.com/philadelphia/guides/best-steakhouses-philadelphia,Italian chophouse in Bella Vista; Infatuation best steakhouses Philly,2026-06-16
Butcher & Singer,Philadelphia,PA,,restaurants,best_of_city_list,https://www.theinfatuation.com/philadelphia/guides/best-steakhouses-philadelphia,Quintessential Center City steakhouse; Infatuation best steakhouses Philly,2026-06-16
My Loup,Philadelphia,PA,,restaurants,best_of_city_list,https://www.theinfatuation.com/philadelphia/guides/best-steakhouses-philadelphia,"Chefs Amanda Shulman and Alex Kemp Quebecois-French, great steak; Infatuation Philly",2026-06-16
Sang Kee Peking Duck House,Philadelphia,PA,,restaurants,best_of_city_list,https://patch.com/pennsylvania/ardmore/new-restaurants-added-eaters-best-philadelphia-list,Chinatown Cantonese/Peking duck institution; Eater Philadelphia 38,2026-06-16
Torno Subito,Miami,FL,,restaurants,best_of_city_list,https://travel.yahoo.com/guides/articles/38-best-restaurants-miami-130000509.html,Chef-driven Italian in the Design District; Eater Miami 38,2026-06-16
Shingo,Miami,FL,,restaurants,best_of_city_list,https://travel.yahoo.com/guides/articles/38-best-restaurants-miami-130000509.html,Chef Shingo Akikuni intimate omakase counter; Eater Miami 38,2026-06-16
Boia De,Miami,FL,,restaurants,best_of_city_list,https://www.miamiandbeaches.com/restaurants/michelin-star-restaurants-in-miami,Michelin-starred chef-driven Italian in Little Haiti; best Italian Miami,2026-06-16
Mano Libera,Miami,FL,,restaurants,best_of_city_list,https://www.miamiandbeaches.com/restaurants/michelin-star-restaurants-in-miami,Michelin-recommended contemporary Italian in South Miami; best Italian Miami,2026-06-16
Lido,Miami,FL,,restaurants,best_of_city_list,https://www.miamiandbeaches.com/restaurants/michelin-star-restaurants-in-miami,Chef Marco Calenzo Michelin-recommended coastal Italian at Surf Club; best Italian Miami,2026-06-16
Luca Osteria,Coral Gables,FL,,restaurants,best_of_city_list,https://www.miaminewtimes.com/food-drink/best-italian-restaurants-in-miami-21251813/,Chef Giorgio Rapicavoli chef-driven Italian; best Italian Miami,2026-06-16
Mutra,Miami,FL,,restaurants,best_of_city_list,https://www.miamilivingmagazine.com/post/miami-michelin-guide-2026-every-michelin-starred-restaurant-you-need-to-know,Chef Raz Shabtai Michelin-starred Israeli/Middle Eastern chef's counter; best Mediterranean Miami,2026-06-16
ADRIFT Mare,Miami,FL,,restaurants,best_of_city_list,https://www.opentable.com/blog/best-mediterranean-restaurants-miami/,Chef David Myers Michelin-pedigreed coastal Mediterranean; best Mediterranean Miami,2026-06-16
MILA,Miami Beach,FL,,restaurants,best_of_city_list,https://mila-miami.com/milaomakase,Mediterrasian chef-driven dining with MILA Omakase counter; best omakase Miami,2026-06-16
Hiden,Miami,FL,,restaurants,best_of_city_list,https://www.cozymeal.com/magazine/michelin-star-restaurants-miami,Michelin-starred eight-seat hidden omakase in Wynwood; best omakase Miami,2026-06-16
1986 Steak House,Miami,FL,,restaurants,best_of_city_list,https://www.miaminewtimes.com/food-drink/new-miami-restaurants-opened-april-2026-40547024/,Argentine live-fire steakhouse in Coconut Grove; best new Miami restaurants,2026-06-16
Los Felix,Miami,FL,,restaurants,best_of_city_list,https://www.miaminewtimes.com/food-drink/new-miami-restaurants-opened-april-2026-40547024/,Michelin-starred masa-driven Mexican in Coconut Grove; best Miami restaurants,2026-06-16
Doya,Miami,FL,,restaurants,best_of_city_list,https://www.miaminewtimes.com/food-drink/new-miami-restaurants-opened-april-2026-40547024/,Chef Erhan Kostepen wood-fired Aegean/Turkish in Wynwood; best new Miami restaurants,2026-06-16
Tam Tam,Miami,FL,,restaurants,best_of_city_list,https://www.miaminewtimes.com/food-drink/new-miami-restaurants-opened-april-2026-40547024/,Downtown Vietnamese quan nhau drinking tavern; best new Miami restaurants,2026-06-16
Park Tavern,Atlanta,GA,,restaurants,best_of_city_list,https://www.yahoo.com/lifestyle/articles/38-best-restaurants-atlanta-2026-183347966.html,Chef-driven American; Eater Atlanta 38 (Jan 2026 addition),2026-06-16
St. Cecilia,Atlanta,GA,,restaurants,best_of_city_list,https://www.theinfatuation.com/atlanta/guides/best-italian-restaurants-atlanta,Chef WF Fry coastal Italian/Spanish/French in Buckhead; best Italian Atlanta,2026-06-16
No. 246,Decatur,GA,,restaurants,best_of_city_list,https://www.theinfatuation.com/atlanta/guides/best-italian-restaurants-atlanta,Chefs Drew Belline and Ford Fry chef-driven Italian; best Italian Atlanta,2026-06-16
Novo Cucina,Atlanta,GA,,restaurants,best_of_city_list,https://www.modernluxury.com/best-italian-restaurants-atlanta/,Chef-driven Italian with house-made pasta in Dunwoody; best Italian Atlanta,2026-06-16
O-nada,Atlanta,GA,,restaurants,best_of_city_list,https://hoodline.com/2026/03/westside-sizzler-omakase-star-leonardo-yu-fires-up-tiny-argentine-steakhouse-o-nada/,Michelin-starred chef Leonardo Yu Argentine live-fire steakhouse on the Westside; best Atlanta,2026-06-16
Rumi's Kitchen,Atlanta,GA,,restaurants,best_of_city_list,https://www.theinfatuation.com/atlanta/guides/the-best-mediterranean-restaurants-in-atlanta,Chef Ali Mesghali Persian/Middle Eastern in Sandy Springs; best Mediterranean Atlanta,2026-06-16
Delbar,Atlanta,GA,,restaurants,best_of_city_list,https://www.theinfatuation.com/atlanta/guides/the-best-mediterranean-restaurants-in-atlanta,Chef-driven Middle Eastern in Inman Park; best Mediterranean Atlanta,2026-06-16
Kitty Dare,Atlanta,GA,,restaurants,best_of_city_list,https://www.theinfatuation.com/atlanta/guides/the-best-mediterranean-restaurants-in-atlanta,Chef-driven Mediterranean in Inman Park; best Mediterranean Atlanta,2026-06-16
Zakia,Atlanta,GA,,restaurants,best_of_city_list,https://www.theinfatuation.com/atlanta/guides/the-best-mediterranean-restaurants-in-atlanta,"Modern Lebanese, chef-driven; best Mediterranean Atlanta",2026-06-16
Bayon,New York,NY,,restaurants,press_awards_recent_momentum,https://www.opentable.com/blog/michelin-bib-gourmand-nyc/,Michelin Bib Gourmand 2025 New York for this Cambodian restaurant,2026-06-16
Bonnie's,New York,NY,,restaurants,press_awards_recent_momentum,https://www.opentable.com/blog/michelin-bib-gourmand-nyc/,Michelin Bib Gourmand 2025 New York for this Cantonese-American restaurant,2026-06-16
Cafe Mars,New York,NY,,restaurants,press_awards_recent_momentum,https://www.opentable.com/blog/michelin-bib-gourmand-nyc/,Michelin Bib Gourmand 2025 New York for this Italian restaurant,2026-06-16
Cardamom,New York,NY,,restaurants,press_awards_recent_momentum,https://www.opentable.com/blog/michelin-bib-gourmand-nyc/,Michelin Bib Gourmand 2025 New York for this Indian restaurant,2026-06-16
Cervo's,New York,NY,,restaurants,press_awards_recent_momentum,https://www.opentable.com/blog/michelin-bib-gourmand-nyc/,Michelin Bib Gourmand 2025 New York for this Spanish-Portuguese seafood restaurant,2026-06-16
Chavela's,New York,NY,,restaurants,press_awards_recent_momentum,https://www.opentable.com/blog/michelin-bib-gourmand-nyc/,Michelin Bib Gourmand 2025 New York for this Mexican restaurant,2026-06-16
CheLi,New York,NY,,restaurants,press_awards_recent_momentum,https://www.opentable.com/blog/michelin-bib-gourmand-nyc/,Michelin Bib Gourmand 2025 New York for this Shanghainese restaurant,2026-06-16
Cho Dang Gol,New York,NY,,restaurants,press_awards_recent_momentum,https://www.opentable.com/blog/michelin-bib-gourmand-nyc/,Michelin Bib Gourmand 2025 New York for this Korean tofu restaurant,2026-06-16
Chutney Masala,New York,NY,,restaurants,press_awards_recent_momentum,https://www.opentable.com/blog/michelin-bib-gourmand-nyc/,Michelin Bib Gourmand 2025 New York for this Indian restaurant,2026-06-16
Covacha,New York,NY,,restaurants,press_awards_recent_momentum,https://www.opentable.com/blog/michelin-bib-gourmand-nyc/,Michelin Bib Gourmand 2025 New York for this Mexican restaurant,2026-06-16
Dhamaka,New York,NY,,restaurants,press_awards_recent_momentum,https://www.opentable.com/blog/michelin-bib-gourmand-nyc/,Michelin Bib Gourmand 2025 New York for this regional Indian restaurant,2026-06-16
Enoteca Maria,New York,NY,,restaurants,press_awards_recent_momentum,https://www.opentable.com/blog/michelin-bib-gourmand-nyc/,Michelin Bib Gourmand 2025 New York for this Italian restaurant,2026-06-16
Falansai,New York,NY,,restaurants,press_awards_recent_momentum,https://www.opentable.com/blog/michelin-bib-gourmand-nyc/,Michelin Bib Gourmand 2025 New York for this Vietnamese restaurant,2026-06-16
Haenyeo,New York,NY,,restaurants,press_awards_recent_momentum,https://www.opentable.com/blog/michelin-bib-gourmand-nyc/,Michelin Bib Gourmand 2025 New York for this Korean restaurant,2026-06-16
HanGawi,New York,NY,,restaurants,press_awards_recent_momentum,https://www.opentable.com/blog/michelin-bib-gourmand-nyc/,Michelin Bib Gourmand 2025 New York for this Korean vegetarian restaurant,2026-06-16
Ishq,New York,NY,,restaurants,press_awards_recent_momentum,https://www.opentable.com/blog/michelin-bib-gourmand-nyc/,Michelin Bib Gourmand 2025 New York for this Indian restaurant,2026-06-16
Jiang Nan,New York,NY,,restaurants,press_awards_recent_momentum,https://www.opentable.com/blog/michelin-bib-gourmand-nyc/,Michelin Bib Gourmand 2025 New York for this Chinese restaurant,2026-06-16
Little Alley,New York,NY,,restaurants,press_awards_recent_momentum,https://www.opentable.com/blog/michelin-bib-gourmand-nyc/,Michelin Bib Gourmand 2025 New York for this Shanghainese restaurant,2026-06-16
MaLa Project,New York,NY,,restaurants,press_awards_recent_momentum,https://www.opentable.com/blog/michelin-bib-gourmand-nyc/,Michelin Bib Gourmand 2025 New York for this Chinese dry-pot restaurant,2026-06-16
8282,New York,NY,,restaurants,press_awards_recent_momentum,https://www.opentable.com/blog/michelin-bib-gourmand-nyc/,Michelin Bib Gourmand 2025 New York for this Korean restaurant,2026-06-16
Chilam Balam,Chicago,IL,,restaurants,press_awards_recent_momentum,https://www.opentable.com/blog/michelin-bib-gourmand-chicago/,Michelin Bib Gourmand 2025 Chicago for this Mexican restaurant,2026-06-16
Ciccio Mio,Chicago,IL,,restaurants,press_awards_recent_momentum,https://www.opentable.com/blog/michelin-bib-gourmand-chicago/,Michelin Bib Gourmand 2025 Chicago for this Italian restaurant,2026-06-16
Daisies,Chicago,IL,,restaurants,press_awards_recent_momentum,https://www.opentable.com/blog/michelin-bib-gourmand-chicago/,Michelin Bib Gourmand 2025 Chicago for this pasta-driven American restaurant,2026-06-16
Frontera Grill,Chicago,IL,,restaurants,press_awards_recent_momentum,https://www.opentable.com/blog/michelin-bib-gourmand-chicago/,Michelin Bib Gourmand 2025 Chicago for this Mexican restaurant,2026-06-16
Gilt Bar,Chicago,IL,,restaurants,press_awards_recent_momentum,https://www.opentable.com/blog/michelin-bib-gourmand-chicago/,Michelin Bib Gourmand 2025 Chicago for this American restaurant,2026-06-16
Girl & The Goat,Chicago,IL,,restaurants,press_awards_recent_momentum,https://www.opentable.com/blog/michelin-bib-gourmand-chicago/,Michelin Bib Gourmand 2025 Chicago for this New American restaurant,2026-06-16
Longman & Eagle,Chicago,IL,,restaurants,press_awards_recent_momentum,https://www.opentable.com/blog/michelin-bib-gourmand-chicago/,Michelin Bib Gourmand 2025 Chicago for this gastropub American restaurant,2026-06-16
Lula Cafe,Chicago,IL,,restaurants,press_awards_recent_momentum,https://www.opentable.com/blog/michelin-bib-gourmand-chicago/,Michelin Bib Gourmand 2025 Chicago for this farm-to-table American restaurant,2026-06-16
Mott St,Chicago,IL,,restaurants,press_awards_recent_momentum,https://www.opentable.com/blog/michelin-bib-gourmand-chicago/,Michelin Bib Gourmand 2025 Chicago for this pan-Asian restaurant,2026-06-16
Proxi,Chicago,IL,,restaurants,press_awards_recent_momentum,https://www.opentable.com/blog/michelin-bib-gourmand-chicago/,Michelin Bib Gourmand 2025 Chicago for this global small-plates restaurant,2026-06-16
Sol de Mexico,Chicago,IL,,restaurants,press_awards_recent_momentum,https://www.opentable.com/blog/michelin-bib-gourmand-chicago/,Michelin Bib Gourmand 2025 Chicago for this Mexican restaurant,2026-06-16
Superkhana International,Chicago,IL,,restaurants,press_awards_recent_momentum,https://www.opentable.com/blog/michelin-bib-gourmand-chicago/,Michelin Bib Gourmand 2025 Chicago for this Indian-American restaurant,2026-06-16
Perilla,Chicago,IL,,restaurants,press_awards_recent_momentum,https://www.opentable.com/blog/michelin-bib-gourmand-chicago/,Michelin Bib Gourmand 2025 Chicago for this Korean-American restaurant,2026-06-16
Daru,Washington,DC,,restaurants,press_awards_recent_momentum,https://www.opentable.com/blog/michelin-bib-gourmand-dc/,Michelin Bib Gourmand 2025 Washington DC for this Indian restaurant,2026-06-16
Dauphine's,Washington,DC,,restaurants,press_awards_recent_momentum,https://www.opentable.com/blog/michelin-bib-gourmand-dc/,Michelin Bib Gourmand 2025 Washington DC for this New Orleans Creole restaurant,2026-06-16
Karma Modern Indian,Washington,DC,,restaurants,press_awards_recent_momentum,https://www.opentable.com/blog/michelin-bib-gourmand-dc/,Michelin Bib Gourmand 2025 Washington DC for this Indian restaurant,2026-06-16
L'Ardente,Washington,DC,,restaurants,press_awards_recent_momentum,https://www.opentable.com/blog/michelin-bib-gourmand-dc/,Michelin Bib Gourmand 2025 Washington DC for this Italian restaurant,2026-06-16
Maketto,Washington,DC,,restaurants,press_awards_recent_momentum,https://www.opentable.com/blog/michelin-bib-gourmand-dc/,Michelin Bib Gourmand 2025 Washington DC for this Cambodian-Taiwanese restaurant,2026-06-16
Oyamel,Washington,DC,,restaurants,press_awards_recent_momentum,https://www.opentable.com/blog/michelin-bib-gourmand-dc/,Michelin Bib Gourmand 2025 Washington DC for this Mexican restaurant,2026-06-16
Queen's English,Washington,DC,,restaurants,press_awards_recent_momentum,https://www.opentable.com/blog/michelin-bib-gourmand-dc/,Michelin Bib Gourmand 2025 Washington DC for this Filipino restaurant,2026-06-16
Sababa,Washington,DC,,restaurants,press_awards_recent_momentum,https://www.opentable.com/blog/michelin-bib-gourmand-dc/,Michelin Bib Gourmand 2025 Washington DC for this Israeli-Middle Eastern restaurant,2026-06-16
The Red Hen,Washington,DC,,restaurants,press_awards_recent_momentum,https://www.opentable.com/blog/michelin-bib-gourmand-dc/,Michelin Bib Gourmand 2025 Washington DC for this Italian restaurant,2026-06-16
Amparo Fondita,Washington,DC,,restaurants,press_awards_recent_momentum,https://www.opentable.com/blog/michelin-bib-gourmand-dc/,Michelin Bib Gourmand 2025 Washington DC for this Mexican restaurant,2026-06-16
El Turco,Miami,FL,,restaurants,press_awards_recent_momentum,https://www.opentable.com/blog/michelin-bib-gourmand-florida/,Michelin Bib Gourmand 2025 Florida for this Turkish restaurant,2026-06-16
Ghee Indian Kitchen,Miami,FL,,restaurants,press_awards_recent_momentum,https://www.opentable.com/blog/michelin-bib-gourmand-florida/,Michelin Bib Gourmand 2025 Florida for this Indian restaurant,2026-06-16
La Natural,Miami,FL,,restaurants,press_awards_recent_momentum,https://www.opentable.com/blog/michelin-bib-gourmand-florida/,Michelin Bib Gourmand 2025 Florida for this Argentine wood-fired restaurant,2026-06-16
Mandolin Aegean Bistro,Miami,FL,,restaurants,press_awards_recent_momentum,https://www.opentable.com/blog/michelin-bib-gourmand-florida/,Michelin Bib Gourmand 2025 Florida for this Greek-Mediterranean restaurant,2026-06-16
Michael's Genuine,Miami,FL,,restaurants,press_awards_recent_momentum,https://www.opentable.com/blog/michelin-bib-gourmand-florida/,Michelin Bib Gourmand 2025 Florida for this New American restaurant,2026-06-16
Phuc Yea,Miami,FL,,restaurants,press_awards_recent_momentum,https://www.opentable.com/blog/michelin-bib-gourmand-florida/,Michelin Bib Gourmand 2025 Florida for this Vietnamese-Cajun restaurant,2026-06-16
Isan Zaap,Orlando,FL,,restaurants,press_awards_recent_momentum,https://www.opentable.com/blog/michelin-bib-gourmand-florida/,Michelin Bib Gourmand 2025 Florida for this Thai restaurant,2026-06-16
Rooster & the Till,Tampa,FL,,restaurants,press_awards_recent_momentum,https://www.opentable.com/blog/michelin-bib-gourmand-florida/,Michelin Bib Gourmand 2025 Florida for this New American small-plates restaurant,2026-06-16
Heritage,Fort Lauderdale,FL,,restaurants,press_awards_recent_momentum,https://www.opentable.com/blog/michelin-bib-gourmand-florida/,Michelin Bib Gourmand 2025 Florida for this New American restaurant,2026-06-16
Dai Due,Austin,TX,,restaurants,press_awards_recent_momentum,https://www.opentable.com/blog/michelin-bib-gourmand-texas/,Michelin Bib Gourmand 2025 Texas for this farm-to-table American restaurant,2026-06-16
Emmer & Rye,Austin,TX,,restaurants,press_awards_recent_momentum,https://www.opentable.com/blog/michelin-bib-gourmand-texas/,Michelin Bib Gourmand 2025 Texas for this farm-to-table American restaurant,2026-06-16
Kemuri Tatsu-ya,Austin,TX,,restaurants,press_awards_recent_momentum,https://www.opentable.com/blog/michelin-bib-gourmand-texas/,Michelin Bib Gourmand 2025 Texas for this Japanese izakaya,2026-06-16
Veracruz Fonda & Bar,Austin,TX,,restaurants,press_awards_recent_momentum,https://www.opentable.com/blog/michelin-bib-gourmand-texas/,Michelin Bib Gourmand 2025 Texas for this Mexican full-service restaurant,2026-06-16
Rosie Cannonball,Houston,TX,,restaurants,press_awards_recent_momentum,https://www.houstoniamag.com/eat-and-drink/2025/10/2025-houston-michelin-star-restaurants-texas,Michelin Bib Gourmand 2025 Texas for this Mediterranean-Italian restaurant,2026-06-16
Gemma,Dallas,TX,,restaurants,press_awards_recent_momentum,https://www.opentable.com/blog/michelin-bib-gourmand-texas/,Michelin Bib Gourmand 2025 Texas for this New American restaurant,2026-06-16
Lucia,Dallas,TX,,restaurants,press_awards_recent_momentum,https://www.opentable.com/blog/michelin-bib-gourmand-texas/,Michelin Bib Gourmand 2025 Texas for this Italian restaurant,2026-06-16
Mot Hai Ba,Dallas,TX,,restaurants,press_awards_recent_momentum,https://www.opentable.com/blog/michelin-bib-gourmand-texas/,Michelin Bib Gourmand 2025 Texas for this Vietnamese restaurant,2026-06-16
Ngon Vietnamese Kitchen,Dallas,TX,,restaurants,press_awards_recent_momentum,https://www.opentable.com/blog/michelin-bib-gourmand-texas/,Michelin Bib Gourmand 2025 Texas for this Vietnamese restaurant,2026-06-16
Nonna,Dallas,TX,,restaurants,press_awards_recent_momentum,https://www.opentable.com/blog/michelin-bib-gourmand-texas/,Michelin Bib Gourmand 2025 Texas for this Italian restaurant,2026-06-16
Little Bear,Atlanta,GA,,restaurants,press_awards_recent_momentum,https://guide.michelin.com/us/en/article/michelin-guide-ceremony/michelin-stars-bib-gourmands-atlanta-restaurants-2025,Michelin Bib Gourmand 2025 Atlanta for this New American tasting restaurant,2026-06-16
Estrellita,Atlanta,GA,,restaurants,press_awards_recent_momentum,https://guide.michelin.com/us/en/article/michelin-guide-ceremony/michelin-stars-bib-gourmands-atlanta-restaurants-2025,Michelin Bib Gourmand 2025 Atlanta for this Mexican-Asian restaurant,2026-06-16
Table & Main,Roswell,GA,,restaurants,press_awards_recent_momentum,https://guide.michelin.com/us/en/article/michelin-guide-ceremony/michelin-stars-bib-gourmands-atlanta-restaurants-2025,Michelin Bib Gourmand 2025 Atlanta for this Southern American restaurant,2026-06-16
Arepa Mia,Atlanta,GA,,restaurants,press_awards_recent_momentum,https://guide.michelin.com/us/en/article/michelin-guide-ceremony/michelin-stars-bib-gourmands-atlanta-restaurants-2025,Michelin Bib Gourmand 2025 Atlanta for this Venezuelan restaurant,2026-06-16
The Ginger Pig,Denver,CO,,restaurants,press_awards_recent_momentum,https://www.opentable.com/blog/michelin-bib-gourmand-colorado/,Michelin Bib Gourmand 2025 Colorado for this pan-Asian restaurant,2026-06-16
Glo Noodle House,Denver,CO,,restaurants,press_awards_recent_momentum,https://www.opentable.com/blog/michelin-bib-gourmand-colorado/,Michelin Bib Gourmand 2025 Colorado for this Vietnamese restaurant,2026-06-16
Matilda,Hudson,NY,,restaurants,worth_the_drive,https://www.theinfatuation.com/hudson-valley/guides/hudson-new-york-restaurants,Contemporary NY farm-driven restaurant from Michelin-starred Contra/Wildair chefs Jeremiah Stone and Fabian von Hauske,2026-06-16
Swoon Kitchenbar,Hudson,NY,,restaurants,small_market_local_dominance,https://www.aol.com/articles/best-fine-dining-hudson-valley-150000642.html,Farm-to-table American downtown Hudson from James Beard Best Chef Northeast nominee Jeffrey Gimmel,2026-06-16
Panacea,Amenia,NY,,restaurants,worth_the_drive,https://www.theinfatuation.com/hudson-valley/guides/hudson-new-york-restaurants,Chef-driven New American with weekly-changing menu and house-made pastas from Union Square Cafe alumni,2026-06-16
Cutillo's Restaurant,Hudson,NY,,restaurants,small_market_local_dominance,https://www.aol.com/articles/best-fine-dining-hudson-valley-150000642.html,European-American fine dining named best fine dining in Hudson Valley 2025 by CIA-trained Chef Patrick Cutillo,2026-06-16
Terrapin Restaurant,Rhinebeck,NY,,restaurants,small_market_local_dominance,https://www.terrapinrestaurant.com/,Farm-to-table American voted Best Farm-to-Table and Best Bistro of the Hudson Valley,2026-06-16
Gigi's Trattoria,Rhinebeck,NY,,restaurants,small_market_local_dominance,https://hvmag.com/food/rhinebeck-restaurants/,Italian Hudson Valley Mediterranean trattoria with farm-sourced pasta and tagines,2026-06-16
pretty to think so,Rhinebeck,NY,,restaurants,small_market_local_dominance,https://www.yelp.com/search?find_desc=Farm+To+Table&find_loc=Rhinebeck%2C+NY,Chef-driven farm-to-table fine dining with locally-sourced menu and craft cocktails,2026-06-16
The Amsterdam,Rhinebeck,NY,,restaurants,small_market_local_dominance,https://hvmag.com/food/rhinebeck-restaurants/,Farm-to-table American voted best farm-to-table establishment in the region,2026-06-16
Le Petit Bistro,Rhinebeck,NY,,restaurants,small_market_local_dominance,https://lepetitbistro.com/,Classic French bistro since 1986 with in-house butchering and foraged local produce,2026-06-16
Chleo,Kingston,NY,,restaurants,small_market_local_dominance,https://www.theinfatuation.com/hudson-valley/guides/best-restaurants-kingston-ny,Uptown Kingston wine bar/restaurant called the best restaurant in Ulster County by The Infatuation,2026-06-16
Le Canard Enchaine,Kingston,NY,,restaurants,small_market_local_dominance,https://www.theinfatuation.com/hudson-valley/guides/best-restaurants-kingston-ny,Authentic French cuisine in historic uptown Kingston praised by the New York Times,2026-06-16
Ship to Shore,Kingston,NY,,restaurants,small_market_local_dominance,https://www.theinfatuation.com/hudson-valley/guides/best-restaurants-kingston-ny,American bistro in downtown Kingston with rotating weekly specials,2026-06-16
The Restaurant at Edgewood,Kingston,NY,,restaurants,small_market_local_dominance,https://www.opentable.com/neighborhood/ny/kingston-restaurants,Chef Edward Harder's seasonal Hudson Valley and classic French menu in an 1800s manor house,2026-06-16
The River Pavilion,Kingston,NY,,restaurants,worth_the_drive,https://www.opentable.com/neighborhood/ny/kingston-restaurants,"Destination dining from NYC chef Dan Silverman, formerly of Balthazar and Minetta Tavern",2026-06-16
Eliza,Kingston,NY,,restaurants,small_market_local_dominance,https://www.opentable.com/neighborhood/ny/kingston-restaurants,Modern neighborhood bistro serving contemporary American with seasonal influences,2026-06-16
The Roundhouse,Beacon,NY,,restaurants,small_market_local_dominance,https://www.opentable.com/the-roundhouse-beacon,"Casual elegant farm-to-table cuisine, a destination Beacon dining room",2026-06-16
Kitchen Sink Supper Club,Beacon,NY,,restaurants,small_market_local_dominance,https://autoreserve.com/en/us/new-york/beacon,Chef-driven rotating tasting menus highlighting seasonal Hudson Valley ingredients and local-farm partnerships,2026-06-16
Lyonshare Public House,Beacon,NY,,restaurants,small_market_local_dominance,https://hvmag.com/food/best-new-restaurants-hudson-valley/,Tavern from Peter Luger alum Bud Schmeling with dry-aged steaks and house-made pastas,2026-06-16
Via Cassia,Hudson,NY,,restaurants,small_market_local_dominance,https://www.chronogram.com/food-drink/all-roads-leads-to-via-cassia-hudsons-new-italian-restaurant-21044839/,Italian restaurant on Warren Street with house-made pastas and an all-Italian wine list,2026-06-16
Feast & Floret,Hudson,NY,,restaurants,small_market_local_dominance,https://www.feastandfloret.com/,Chef-driven Italian restaurant ranked among the top restaurants in Hudson,2026-06-16
Lil' Deb's Oasis,Hudson,NY,,restaurants,small_market_local_dominance,https://www.theinfatuation.com/hudson-valley/guides/hudson-new-york-restaurants,Serious food and natural wine tropical-Latin spot featured by The Infatuation,2026-06-16
Cafe Mutton,Hudson,NY,,restaurants,small_market_local_dominance,https://www.theinfatuation.com/hudson-valley/guides/hudson-new-york-restaurants,"Chef-driven weekly-changing menu with house-made charcuterie, an Infatuation favorite",2026-06-16
The Phoenician Steakhouse,Phoenicia,NY,,restaurants,small_market_local_dominance,https://www.tastingtable.com/1511699/best-restaurants-new-yorks-hudson-valley/,"Steakhouse aging meat in-house with fresh NYC seafood and an extensive wine list, weekend reservations required",2026-06-16
Cellaio,Monticello,NY,,restaurants,worth_the_drive,https://www.aol.com/articles/best-italian-restaurant-hudson-valley-150000086.html,Italian-inspired steakhouse from celebrity chef Scott Conant in the Catskills,2026-06-16
Wm. Farmer and Sons,Hudson,NY,,restaurants,small_market_local_dominance,https://www.yelp.com/search?find_desc=Restaurants&find_loc=Hudson%2C+NY,Farm-to-table American restaurant on Front Street in Hudson,2026-06-16
The Maker,Hudson,NY,,restaurants,small_market_local_dominance,https://www.themaker.com/drink-and-dine,Hudson Valley produce meets French technique in the dining room of the upscale Maker Hotel on Warren Street,2026-06-16
Fish & Game,Hudson,NY,,restaurants,worth_the_drive,https://www.fishandgamehudson.com/,"Farm-to-table restaurant from James Beard Best Chef winner Zak Pelaccio, named one of the most influential restaurants of the decade",2026-06-16
Nick & Toni's,East Hampton,NY,,restaurants,small_market_local_dominance,https://www.diningandcooking.com/2661325/best-restaurants-in-east-hampton-2026-the-insiders-guide/,"Mediterranean farm-to-table institution with its own organic garden, the most sought-after reservation in the Hamptons",2026-06-16
The 1770 House,East Hampton,NY,,restaurants,small_market_local_dominance,https://www.diningandcooking.com/2661325/best-restaurants-in-east-hampton-2026-the-insiders-guide/,Chef Michael Rozzi's American fine dining in a historic candlelit inn,2026-06-16
Bistro Ete,Water Mill,NY,,restaurants,small_market_local_dominance,https://www.diningandcooking.com/2661325/best-restaurants-in-east-hampton-2026-the-insiders-guide/,Chef Arie Pavlou's Mediterranean menu with wild-caught seafood and lamb,2026-06-16
Dopo La Spiaggia,Sag Harbor,NY,,restaurants,small_market_local_dominance,https://www.dopolaspiaggia.com/,"Tuscan Italian fine dining serving steaks, house pastas and seafood near the Sag Harbor waterfront",2026-06-16
Tutto il Giorno,Sag Harbor,NY,,restaurants,small_market_local_dominance,https://www.opentable.com/cuisine/best-italian-restaurants-sag-harbor-ny,From-scratch traditional Italian in a rustic Tuscan setting,2026-06-16
Lulu Kitchen & Bar,Sag Harbor,NY,,restaurants,small_market_local_dominance,https://www.opentable.com/cuisine/best-mediterranean-restaurants-sag-harbor-ny,"Mediterranean cuisine with locally sourced ingredients, wood-grilled octopus and artichoke",2026-06-16
The American Hotel,Sag Harbor,NY,,restaurants,worth_the_drive,https://theamericanhotel.com/the-restaurant/,Hamptons institution with award-winning American-French cuisine and a legendary wine list,2026-06-16
Le Bilboquet,Sag Harbor,NY,,restaurants,worth_the_drive,https://blog.resy.com/guides/the-ultimate-resy-guide-to-the-hamptons/,French waterfront restaurant that is one of the hardest weekend reservations in the Hamptons,2026-06-16
Sag Harbor Kitchen,Sag Harbor,NY,,restaurants,small_market_local_dominance,https://www.danspapers.com/2023/07/hottest-hamptons-reservations-dinner/,Local seafood and produce from five-time Michelin Bib Gourmand chef Melissa O'Donnell,2026-06-16
The Bell & Anchor,Sag Harbor,NY,,restaurants,small_market_local_dominance,https://www.bellandanchor.com/,Waterfront seafood restaurant with the only seafood plateau in the Hamptons,2026-06-16
Fresno,East Hampton,NY,,restaurants,small_market_local_dominance,https://www.diningandcooking.com/2661325/best-restaurants-in-east-hampton-2026-the-insiders-guide/,"Innovative New American restaurant, sister to Bell & Anchor",2026-06-16
Muse at the End,Montauk,NY,,restaurants,small_market_local_dominance,https://newyorkrentalbyowner.com/blog/a-locals-guide-the-12-best-restaurants-in-montauk-new-york/,Chef-driven fusion/eclectic seafood and steaks steps from the ocean,2026-06-16
Ocean Club,Montauk,NY,,restaurants,worth_the_drive,https://onmontauk.com/fine-dining-in-montauk/,"Chef Jarad McCarrol's St. Barths import with wood-fired grill, raw bar and local seafood",2026-06-16
Crow's Nest,Montauk,NY,,restaurants,small_market_local_dominance,https://www.gurneysresorts.com/journal/eat-local-our-favorite-montauk-spots,"Chef Jeremy Blutstein's local organic fare with sunset views, a splurge-worthy Montauk destination",2026-06-16
Scarpetta Beach,Montauk,NY,,restaurants,worth_the_drive,https://onmontauk.com/fine-dining-in-montauk/,Upscale Italian with handmade pastas and ocean views at Gurney's Montauk Resort,2026-06-16
Jean-Georges at Topping Rose House,Bridgehampton,NY,,restaurants,worth_the_drive,https://elitetraveler.com/finest-dining/the-best-restaurants-in-the-hamptons,French-American farm-driven fine dining from Jean-Georges Vongerichten in a restored 19th-century mansion,2026-06-16
Almond Restaurant,Bridgehampton,NY,,restaurants,small_market_local_dominance,https://insiderhamptons.com/the-bridgehampton-restaurant-guide/,Farm-to-table French-American from chef Jason Weiner with a seasonally changing menu,2026-06-16
il Buco al Mare,Amagansett,NY,,restaurants,worth_the_drive,https://travelinsighter.com/best-restaurants-in-the-hamptons/,"Mediterranean ingredient-driven cuisine from the acclaimed Il Buco group, prime Resy slots disappear fast",2026-06-16
Calissa,Water Mill,NY,,restaurants,small_market_local_dominance,https://hamptons.com/the-hamptons-fine-dining-guide/,"Greek-Mediterranean with mezze, salt-baked fish and the largest rosé selection in the Hamptons",2026-06-16
Wolffer Kitchen,Sag Harbor,NY,,restaurants,small_market_local_dominance,https://www.danspapers.com/2019/02/sag-harbor-dining-guide/,Seasonal local-sourced neighborhood restaurant from the Wolffer Estate Vineyard family,2026-06-16
Eden,Rehoboth Beach,DE,,restaurants,worth_the_drive,https://www.washingtonblade.com/2024/05/16/rehoboth-beach-culinary-tour-2024/,Longstanding chef-driven New American fine dining destination with a tasting menu,2026-06-16
Cafe Azafran,Rehoboth Beach,DE,,restaurants,small_market_local_dominance,https://www.washingtonblade.com/2024/05/16/rehoboth-beach-culinary-tour-2024/,"Chef-driven Mediterranean restaurant, repeat Top Chef of the Culinary Coast winner",2026-06-16
Henlopen City Oyster House,Rehoboth Beach,DE,,restaurants,small_market_local_dominance,https://exploredelaware.com/blog/best-restaurants-in-rehoboth-beach-delaware/,Upscale chef-driven seafood and surf-and-turf restaurant downtown,2026-06-16
La Fable,Rehoboth Beach,DE,,restaurants,small_market_local_dominance,https://www.washingtonblade.com/2024/05/16/rehoboth-beach-culinary-tour-2024/,"Intimate authentic French bistro, chef-driven",2026-06-16
"Theo's Steaks, Sides and Spirits",St. Michaels,MD,,restaurants,small_market_local_dominance,https://tourtalbot.org/st-michaels-restaurants/,Upscale chef-driven steakhouse with hand-carved steaks and local seafood,2026-06-16
Limoncello Italian Restaurant and Wine Bar,St. Michaels,MD,,restaurants,small_market_local_dominance,https://tourtalbot.org/st-michaels-restaurants/,Italian restaurant and wine bar in the heart of St. Michaels,2026-06-16
Plates at 208,St. Michaels,MD,,restaurants,small_market_local_dominance,https://tourtalbot.org/st-michaels-restaurants/,Chef-driven Mediterranean and Eastern Shore fine dining,2026-06-16
Ruse,St. Michaels,MD,,restaurants,small_market_local_dominance,https://tourtalbot.org/st-michaels-restaurants/,Chef-driven modern take on local Eastern Shore cuisine,2026-06-16
Broadcloth,Charlottesville,VA,,restaurants,worth_the_drive,https://www.driftcville.com/blog/fine-dining-in-charlottesville-va,Chef Tucker Yoder's seasonal tasting-menu restaurant (8-10 course chef's tasting),2026-06-16
1799 Restaurant at Clifton Inn,Charlottesville,VA,,restaurants,worth_the_drive,https://www.driftcville.com/blog/fine-dining-in-charlottesville-va,Michelin-starred chef Matthew Bousquet's tasting-menu restaurant at Clifton Inn,2026-06-16
Fleurie Restaurant,Charlottesville,VA,,restaurants,worth_the_drive,https://www.driftcville.com/blog/fine-dining-in-charlottesville-va,Upscale modern French restaurant with a la carte and tasting menus,2026-06-16
Tavola,Charlottesville,VA,,restaurants,small_market_local_dominance,https://thescoutguide.com/charlottesville/editorial/the-charlottesville-dining-guide-1/,Rustic seasonal Italian with house-made pasta and curated wine in Belmont,2026-06-16
Mas Tapas,Charlottesville,VA,,restaurants,small_market_local_dominance,https://thescoutguide.com/charlottesville/editorial/the-charlottesville-dining-guide-1/,Iconic Spanish tapas bar emphasizing simple well-made ingredients,2026-06-16
Conmole,Charlottesville,VA,,restaurants,small_market_local_dominance,https://thescoutguide.com/charlottesville/editorial/the-charlottesville-dining-guide-1/,Chef-driven traditional Oaxacan Mexican restaurant known for mole,2026-06-16
Mockingbird,Charlottesville,VA,,restaurants,small_market_local_dominance,https://www.driftcville.com/blog/fine-dining-in-charlottesville-va,Soulful Southern cuisine from decorated chef Melissa Close-Hart,2026-06-16
The Shack,Staunton,VA,,restaurants,worth_the_drive,https://visitstaunton.com/more-than-a-movement-stauntons-farm-to-table-restaurants/,"Chef Ian Boden's 26-seat farm-to-table restaurant, multiple James Beard nominations",2026-06-16
Zynodoa,Staunton,VA,,restaurants,small_market_local_dominance,https://visitstaunton.com/more-than-a-movement-stauntons-farm-to-table-restaurants/,Modern farm-to-table Southern restaurant with seasonal locally sourced menu,2026-06-16
Chop House Tavern,Staunton,VA,,restaurants,small_market_local_dominance,https://familydestinationsguide.com/best-restaurants-in-staunton-va/,Chef-driven downtown restaurant with crafted cocktails and culinary creations,2026-06-16
Chai Pani,Asheville,NC,,restaurants,worth_the_drive,https://www.exploreasheville.com/article/asheville-chefs-restaurants-earn-2025-james-beard-nod,"2022 James Beard Outstanding Restaurant winner, chef-driven Indian street food",2026-06-16
Curate,Asheville,NC,,restaurants,worth_the_drive,https://www.exploreasheville.com/article/asheville-chefs-restaurants-earn-2025-james-beard-nod,"Chef Katie Button's acclaimed Spanish restaurant, multiple James Beard nods",2026-06-16
The Market Place,Asheville,NC,,restaurants,worth_the_drive,https://www.exploreasheville.com/article/asheville-chefs-restaurants-earn-2025-james-beard-nod,"Chef William Dissen's farm-to-table Appalachian restaurant, James Beard Outstanding Chef nominee",2026-06-16
Good Hot Fish,Asheville,NC,,restaurants,small_market_local_dominance,https://www.exploreasheville.com/article/asheville-chefs-restaurants-earn-2025-james-beard-nod,"Chef Ashleigh Shanti's heritage-driven Southern seafood, James Beard semifinalist",2026-06-16
Rhubarb,Asheville,NC,,restaurants,small_market_local_dominance,https://www.afar.com/journeys/a-local-chefs-two-day-travel-guide-to-asheville,Three-time James Beard nominee John Fleer's foothills-cuisine restaurant,2026-06-16
Neng Jr.'s,Asheville,NC,,restaurants,small_market_local_dominance,https://www.exploreasheville.com/article/asheville-chefs-restaurants-earn-2025-james-beard-nod,"Chef Silver Iocovozzi's 18-seat Filipinx restaurant, James Beard Best New finalist",2026-06-16
Cucina 24,Asheville,NC,,restaurants,small_market_local_dominance,https://www.theinfatuation.com/asheville/guides/best-restaurants-asheville-north-carolina,Refined chef-driven Italian with house-made pasta and extensive wine list,2026-06-16
The Gamekeeper,Blowing Rock,NC,,restaurants,worth_the_drive,https://www.nctripping.com/blowing-rock-restaurants/,Gourmet chef-owned restaurant blending game and continental cuisine in the mountains,2026-06-16
Gideon Ridge Restaurant,Blowing Rock,NC,,restaurants,worth_the_drive,https://www.nctripping.com/blowing-rock-restaurants/,Elevated chef-driven restaurant with daily-changing local farm menu,2026-06-16
Daingerfield's Fine Dining,Blowing Rock,NC,,restaurants,worth_the_drive,https://www.nctripping.com/blowing-rock-restaurants/,Chef-driven refined mountain cuisine at Westglow Resort & Spa,2026-06-16
The Speckled Trout,Blowing Rock,NC,,restaurants,small_market_local_dominance,https://www.nctripping.com/blowing-rock-restaurants/,Locally sourced regional fare by Chef Michael Foreman,2026-06-16
Madison's at Old Edwards Inn,Highlands,NC,,restaurants,worth_the_drive,https://www.trailborn.com/highlands/blog/the-best-restaurants-in-highlands-nc/,Refined Southern farm-to-table with celebrated wine list at Old Edwards Inn,2026-06-16
Ristorante Paoletti,Highlands,NC,,restaurants,small_market_local_dominance,https://www.trailborn.com/highlands/blog/the-best-restaurants-in-highlands-nc/,Long-standing upscale Italian with house-made pasta and extensive wine cellar,2026-06-16
On the Verandah,Highlands,NC,,restaurants,small_market_local_dominance,https://www.trailborn.com/highlands/blog/the-best-restaurants-in-highlands-nc/,Refined Southern cuisine with a modern twist and extensive wine list,2026-06-16
Topsoil Kitchen & Market,Travelers Rest,SC,,restaurants,worth_the_drive,https://greenvillejournal.com/eat-drink/3-greenville-area-restaurants-earn-james-beard-semifinalist-nominations/,"Farm-to-table restaurant, Chef Adam Cooke James Beard semifinalist, Michelin recommended",2026-06-16
Jianna,Greenville,SC,,restaurants,small_market_local_dominance,https://gvltoday.6amcity.com/food/michelin-american-south-guide-greenville-sc,Michelin-recommended Italian with house-made pastas and Falls Park views,2026-06-16
Soby's,Greenville,SC,,restaurants,small_market_local_dominance,https://gvltoday.6amcity.com/food/michelin-american-south-guide-greenville-sc,Michelin-mentioned contemporary Southern downtown institution,2026-06-16
Blacksheep,Beaufort,SC,,restaurants,small_market_local_dominance,https://www.beaufortsc.org/restaurants/fine-dining/,Chef-driven elevated Southern fine dining in Beaufort,2026-06-16
Old Bull Tavern,Beaufort,SC,,restaurants,small_market_local_dominance,https://www.beaufortsc.org/restaurants/fine-dining/,Chef-driven gastropub with European-influenced seasonal menu,2026-06-16
Saltus River Grill,Beaufort,SC,,restaurants,small_market_local_dominance,https://www.beaufortsc.org/restaurants/fine-dining/,Upscale waterfront restaurant with fresh seafood and Southern fine dining,2026-06-16
City Grocery,Oxford,MS,,restaurants,worth_the_drive,https://citygroceryonline.com/,"James Beard winner John Currence's elevated Southern restaurant, reservations a must",2026-06-16
Snackbar,Oxford,MS,,restaurants,small_market_local_dominance,https://countryroadsmagazine.com/travel/overnight-escapes/oxford-cuisine-2026/,Chef Vishwesh Bhatt's Michelin-Guide Indian-Southern fusion restaurant,2026-06-16
Tarasque Cucina,Oxford,MS,,restaurants,small_market_local_dominance,https://countryroadsmagazine.com/travel/overnight-escapes/oxford-cuisine-2026/,Chef John Martin Stokes' Italian and French-influenced small plates and pasta,2026-06-16
Southern Roots,Fairhope,AL,,restaurants,worth_the_drive,https://thefairhopestore.com/blogs/news/best-places-to-eat-in-fairhope-al,Chef-driven modern Southern farm-to-table at Grand Hotel overlooking Mobile Bay,2026-06-16
Little Bird,Fairhope,AL,,restaurants,small_market_local_dominance,https://thefairhopestore.com/blogs/news/best-places-to-eat-in-fairhope-al,Coastal Southern restaurant led by Executive Chef Bill Briand,2026-06-16
Thyme on Section,Fairhope,AL,,restaurants,small_market_local_dominance,https://thefairhopestore.com/blogs/news/best-places-to-eat-in-fairhope-al,Chef-driven Southern cuisine championing local peak-season ingredients,2026-06-16
Camellia Cafe,Fairhope,AL,,restaurants,small_market_local_dominance,https://mobilebaynow.com/fairhope-al-restaurants/,Chef Ryan Glass' seasonally-changing chef-driven menu,2026-06-16
Five and Ten,Athens,GA,,restaurants,worth_the_drive,https://www.visitathensga.com/restaurants/award-winning-dining/,James Beard winner Hugh Acheson's flagship farm-to-table New American restaurant,2026-06-16
The National,Athens,GA,,restaurants,small_market_local_dominance,https://www.theadventuristmagazine.com/city-guides/the-south/georgia/best-athens-restaurants,Mediterranean-influenced restaurant from Hugh Acheson/Peter Dale group,2026-06-16
Seabear Oyster Bar,Athens,GA,,restaurants,small_market_local_dominance,https://www.theadventuristmagazine.com/city-guides/the-south/georgia/best-athens-restaurants,Chef Patrick Stubbers' farm-to-table oyster bar with craft cocktails,2026-06-16
Common Thread,Savannah,GA,,restaurants,small_market_local_dominance,https://www.commonthreadsavannah.com/,"Chef-driven seasonal Lowcountry restaurant, Best Chef Southeast semifinalists",2026-06-16
Cotton & Rye,Savannah,GA,,restaurants,small_market_local_dominance,https://savannahfirsttimer.com/restaurants-in-savannah/,Creative New American gastropub in a converted 1950s bank,2026-06-16
AYA,Sonoma,CA,,restaurants,worth_the_drive,https://www.sonomamag.com/25-best-restaurants-in-sonoma-county-in-2025/,"Elevated rooftop dining by Chef Roy Ellamar featuring wild-caught seafood, caviar and Wagyu flights",2026-06-16
Cyrus,Healdsburg,CA,,restaurants,worth_the_drive,https://www.sonomamag.com/25-best-restaurants-in-sonoma-county-in-2025/,Michelin-starred interactive multi-course chef's-table journey by Douglas Keane,2026-06-16
Cafe La Haye,Sonoma,CA,,restaurants,small_market_local_dominance,https://www.sonoma.com/blog/best-restaurants-in-sonoma/,Intimate chef-driven Sonoma Plaza fixture focused on local seasonal California cuisine,2026-06-16
Tasca Tasca,Sonoma,CA,,restaurants,small_market_local_dominance,https://www.sonoma.com/blog/best-restaurants-in-sonoma/,Chef Manuel Azevedo's Portuguese petiscos restaurant with half-glass wine flights,2026-06-16
Dry Creek Kitchen,Healdsburg,CA,,restaurants,worth_the_drive,https://www.sonoma.com/blog/best-restaurants-in-healdsburg/,Chef Charlie Palmer's wine-country flagship with innovative plates and curated pairings,2026-06-16
The Matheson,Healdsburg,CA,,restaurants,worth_the_drive,https://www.tastingtable.com/1529195/best-restaurants-healdsburg-california/,Chef Matt Brimer's modern wine-country menu with locally foraged seasonal ingredients,2026-06-16
SingleThread,Healdsburg,CA,,restaurants,worth_the_drive,https://stayhealdsburg.com/blog/michelin-rated-restaurants-around-town/,"Three-Michelin-star, Green Star 10-course tasting menu by Kyle Connaughton with own farm",2026-06-16
Valette,Healdsburg,CA,,restaurants,worth_the_drive,https://www.tastingtable.com/1529195/best-restaurants-healdsburg-california/,Michelin-recognized contemporary American with French influence by chef-owner Dustin Valette,2026-06-16
Barndiva,Healdsburg,CA,,restaurants,worth_the_drive,https://www.sonomacounty.com/food-drink/michelin-star-restaurants-sonoma-county/,Michelin-recognized elegant Californian cooking with strong farm relationships,2026-06-16
Troubadour,Healdsburg,CA,,restaurants,small_market_local_dominance,https://www.tastingtable.com/1529195/best-restaurants-healdsburg-california/,Chef-driven Healdsburg bakery-restaurant with seasonal hearth cooking,2026-06-16
Tisza Bistro,Healdsburg,CA,,restaurants,small_market_local_dominance,https://www.tastingtable.com/1529195/best-restaurants-healdsburg-california/,Chef-driven Eastern European-influenced wine-country bistro in Healdsburg,2026-06-16
Bravas Bar de Tapas,Healdsburg,CA,,restaurants,small_market_local_dominance,https://www.sonoma.com/blog/best-restaurants-in-healdsburg/,Chef-driven Spanish tapas in a converted Healdsburg bungalow with strong wine list,2026-06-16
Hazel Hill,Healdsburg,CA,,restaurants,worth_the_drive,https://www.montage.com/healdsburg/dining/hazel-hill/,"Terroir-to-table French-technique dining at Montage Healdsburg, contemporary Parisian brasserie",2026-06-16
Bistro Lagniappe,Healdsburg,CA,,restaurants,small_market_local_dominance,https://www.lagniappehealdsburg.com/,"Chef-owner Jacob Harth's wood-fired French farmhouse cuisine, opened April 2025",2026-06-16
Folia Bar & Kitchen,Healdsburg,CA,,restaurants,small_market_local_dominance,https://winecountrytable.com/travel/places-we-love/whats-new-in-healdsburg-restaurants-hotels-wine-food/,Open-hearth live-fire restaurant helmed by Chef de Cuisine Reed Palmer,2026-06-16
Glen Ellen Star,Glen Ellen,CA,,restaurants,worth_the_drive,https://www.sonomacounty.com/food-drink/michelin-star-restaurants-sonoma-county/,Michelin Bib Gourmand wood-oven restaurant by Chef Ari Weiswasser,2026-06-16
Poppy,Glen Ellen,CA,,restaurants,worth_the_drive,https://www.sonomamag.com/sonoma-countys-best-new-restaurants-of-2025/,Earned two Michelin stars seven months after its late-2024 debut,2026-06-16
FolkTable,Sonoma,CA,,restaurants,small_market_local_dominance,https://www.sonomacounty.com/food-drink/michelin-star-restaurants-sonoma-county/,Michelin Bib Gourmand seasonal farm-driven restaurant at Cornerstone Sonoma,2026-06-16
The Farmhouse Inn,Forestville,CA,,restaurants,worth_the_drive,https://www.sonomacounty.com/food-drink/best-restaurants-sonoma-county/,Michelin-starred refined tasting experience highlighting local farms in Forestville,2026-06-16
The Plaza Bistro,Sonoma,CA,,restaurants,small_market_local_dominance,https://theplazabistro.com/,Chef-driven Italian-Mediterranean cuisine on historic Sonoma Square,2026-06-16
Della Santina's,Sonoma,CA,,restaurants,small_market_local_dominance,https://www.tripadvisor.com/Restaurants-g33107-c26-Sonoma_Sonoma_County_California.html,"Family-run Italian on the Plaza, in the Michelin Guide every year since 2008",2026-06-16
OSO,Sonoma,CA,,restaurants,small_market_local_dominance,https://www.staylegendarywithus.com/post/best-restaurants-near-sonoma-plaza-where-to-eat-during-your-stay-in-sonoma-ca,Sonoma Plaza restaurant with house-made pastas and award-winning California/Italian wine list,2026-06-16
The Charter Oak,St. Helena,CA,,restaurants,worth_the_drive,https://www.theinfatuation.com/st-helena/guides/the-best-restaurants-in-st-helena,Three-star Michelin Chef Christopher Kostow's hearth-centered elemental cooking,2026-06-16
Violetto,St. Helena,CA,,restaurants,worth_the_drive,https://www.violettonapavalley.com/,Chef Mark Shoemaker's modern Italian with French nods at Alila Napa Valley,2026-06-16
Charlie's,St. Helena,CA,,restaurants,small_market_local_dominance,https://www.theinfatuation.com/st-helena/guides/the-best-restaurants-in-st-helena,French Laundry alum chef-owner Elliot Bell's refined St. Helena restaurant,2026-06-16
Acacia House,St. Helena,CA,,restaurants,worth_the_drive,https://www.fodors.com/world/north-america/usa/california/napa-and-sonoma/places/st-helena/restaurants,Chef Chris Cosentino's seasonally driven bold American cuisine with local organic ingredients,2026-06-16
Compline,Napa,CA,,restaurants,small_market_local_dominance,https://www.napavalley.com/blog/downtown-napa-restaurants/,Sommelier Matt Stamp's refined Californian restaurant; wine list named Best in North America 2024-2025,2026-06-16
La Toque,Napa,CA,,restaurants,worth_the_drive,https://latoque.com/la-toque-fine-dining-downtown-napa/,Premier downtown Napa fine-dining with multi-course tasting menus,2026-06-16
TORC,Napa,CA,,restaurants,small_market_local_dominance,https://www.napavalley.com/blog/downtown-napa-restaurants/,Husband-and-wife contemporary American with frequently changing produce-driven menu,2026-06-16
Carabao,Napa,CA,,restaurants,small_market_local_dominance,https://www.visitnapavalley.com/whats-new-in-the-napa-valley/,"Napa's first Filipino restaurant by French Laundry alum Chef Jade Cunningham, fine-dining technique",2026-06-16
The Restaurant at North Block,Yountville,CA,,restaurants,worth_the_drive,https://www.theinfatuation.com/yountville/guides/best-restaurants-yountville,Chef Juan Cabrera reimagines California cuisine with regionally farmed and foraged ingredients,2026-06-16
Lucy Restaurant & Bar,Yountville,CA,,restaurants,small_market_local_dominance,https://www.opentable.com/neighborhood/ca/yountville-restaurants,Seasonal produce-driven restaurant sourcing from on-site garden in Yountville,2026-06-16
Aubergine,Carmel,CA,,restaurants,worth_the_drive,https://www.tastingtable.com/1264225/best-restaurants-carmel-by-the-sea-california/,Michelin-starred eight-course menu by Chef Justin Cogley at L'Auberge Carmel,2026-06-16
Chez Noir,Carmel,CA,,restaurants,worth_the_drive,https://www.tastingtable.com/1264225/best-restaurants-carmel-by-the-sea-california/,"Michelin-starred European bistro by Atelier Crenn alum Chef Jonny Black, French/Spanish-inflected seafood",2026-06-16
Anton & Michel,Carmel,CA,,restaurants,small_market_local_dominance,https://www.travelawaits.com/2493774/best-restaurants-in-carmel-california/,Longstanding California-classic fine dining with tableside rack of lamb in downtown Carmel,2026-06-16
Casanova,Carmel,CA,,restaurants,small_market_local_dominance,https://en.wikipedia.org/wiki/Casanova_(restaurant),"Family-owned French and Italian cottage restaurant, a Carmel institution",2026-06-16
L'Escargot,Carmel,CA,,restaurants,small_market_local_dominance,https://saltandwind.com/best-restaurants-in-carmel-by-the-sea/,"Chef-owner Kerry Loutas's country French cuisine, founded 1958",2026-06-16
Vesuvio,Carmel,CA,,restaurants,small_market_local_dominance,https://wanderlog.com/list/geoCategory/53680/best-italian-restaurants-in-carmel,Chef Pepe's authentic Italian with handmade pasta and wood-oven cooking,2026-06-16
Il Tegamino,Carmel,CA,,restaurants,small_market_local_dominance,https://wanderlog.com/list/geoCategory/53680/best-italian-restaurants-in-carmel,Chef Giuseppe Panzuto's Neapolitan-inspired Italian restaurant,2026-06-16
Lucia,Carmel,CA,,restaurants,worth_the_drive,https://www.morganwinery.com/best-carmel-valley-restaurants/,Forbes four-star California-regional cuisine with organic produce and regional seafood in Carmel Valley,2026-06-16
ROUX,Carmel,CA,,restaurants,small_market_local_dominance,https://www.bontraveler.com/monterey-county-restaurants/,Chef Fabrice Roux's French classics with Spanish flair in Carmel Valley,2026-06-16
Sierra Mar,Big Sur,CA,,restaurants,worth_the_drive,https://www.opentable.com/features/best-fine-dining-restaurants-california-central-coast-ca-big-sur,Cliffside multi-course tasting menus at Post Ranch Inn with extensive wine list,2026-06-16
The Sur House,Big Sur,CA,,restaurants,worth_the_drive,https://highway1roadtrip.com/things-to-do/best-restaurants-big-sur/,Chef Keith Potter's coastal tasting menus using Pacific seafood at Ventana Big Sur,2026-06-16
Il Cortile Ristorante,Paso Robles,CA,,restaurants,small_market_local_dominance,https://downtownwinedistrictpaso.com/best-restaurants-in-downtown-paso-robles/,Chef Santos MacDonal's white-linen Italian with homemade pasta and sommelier-curated wine list,2026-06-16
In Bloom,Paso Robles,CA,,restaurants,worth_the_drive,https://www.travelpaso.com/plan-your-trip/trip-ideas/a-foodies-guide-to-paso-robles/,"Chef-driven farm-to-table tasting menus, Michelin Guide California addition",2026-06-16
BL Brasserie,Paso Robles,CA,,restaurants,small_market_local_dominance,https://www.chefdenise.com/all/best-paso-robles-restaurants,"Chef Julien's classic French cuisine, Guy Savoy alum, farm-fresh ingredients",2026-06-16
Les Petites Canailles,Paso Robles,CA,,restaurants,worth_the_drive,https://www.travelpaso.com/plan-your-trip/trip-ideas/a-foodies-guide-to-paso-robles/,"Modern French cuisine, Michelin Guide California addition in Paso Robles",2026-06-16
Somm's Kitchen,Paso Robles,CA,,restaurants,worth_the_drive,https://www.aol.com/inside-exclusive-paso-robles-restaurant-130000183.html,Chef-sommelier Ian Adamo's exclusive 16-seat eight-course wine-paired dinner,2026-06-16
The Hatch Rotisserie,Paso Robles,CA,,restaurants,small_market_local_dominance,https://www.travelpaso.com/plan-your-trip/trip-ideas/a-foodies-guide-to-paso-robles/,"Chef-driven full-service rotisserie and Southern-influenced restaurant, Michelin Guide addition",2026-06-16
Buona Tavola,Paso Robles,CA,,restaurants,small_market_local_dominance,https://www.opentable.com/cuisine/best-italian-restaurants-paso-robles-ca,Chef Antonio Varia's Northern Italian cuisine on the Central Coast for over two decades,2026-06-16
Olivella,Ojai,CA,,restaurants,worth_the_drive,https://www.ojaivalleyinn.com/ojai-restaurants,Chef Andrew Foskey's California-Italian valley-to-table dining at Ojai Valley Inn with curated wine,2026-06-16
Nocciola,Ojai,CA,,restaurants,small_market_local_dominance,https://saltandwind.com/best-restaurants-in-ojai/,Italian farm-to-table in a restored historic home with handmade pasta and local meats,2026-06-16
Rory's Place,Ojai,CA,,restaurants,small_market_local_dominance,https://www.in805.com/local/top-10-restaurants-in-ojai/,Chef-owned wood-fired restaurant with sustainable seafood and seasonal shareable plates,2026-06-16
The Farmer and the Cook,Ojai,CA,,restaurants,small_market_local_dominance,https://saltandwind.com/best-restaurants-in-ojai/,Hyper-local vegetarian-focused restaurant with the owner's own farm box program,2026-06-16
Loquita,Santa Barbara,CA,,restaurants,small_market_local_dominance,https://santabarbaraca.com/itinerary/must-try-santa-barbara-restaurants/,Popular farm-fresh Spanish tapas with one of the best cocktail programs in town,2026-06-16
Sama Sama Kitchen,Santa Barbara,CA,,restaurants,small_market_local_dominance,https://www.timeout.com/santa-barbara/restaurants/best-restaurants-in-santa-barbara,Michelin Bib Gourmand Southeast Asian fusion with locally sourced ingredients,2026-06-16
The Lark,Santa Barbara,CA,,restaurants,worth_the_drive,https://santabarbaraca.com/itinerary/must-try-santa-barbara-restaurants/,Funk Zone cornerstone with farm-to-table Central Coast seasonal cooking,2026-06-16
Marisella,Santa Barbara,CA,,restaurants,worth_the_drive,https://miramarlane.com/a-guide-to-the-funk-zone/,Chef Danny Grant's handmade pastas and wood-fired seafood with refined California seasonality,2026-06-16
Convivo,Santa Barbara,CA,,restaurants,small_market_local_dominance,https://www.theinfatuation.com/los-angeles/guides/santa-barbara-restaurants,Chef's 'Nomad Italian' with wood-fired pizza and house-made pasta,2026-06-16
Aegean,Santa Barbara,CA,,restaurants,small_market_local_dominance,https://santabarbaraca.com/itinerary/new-restaurants-in-santa-barbara/,Chef-owner Efe Onoglu's modern Mediterranean inspired by Turkish and Greek Aegean cuisine,2026-06-16
Olio e Limone Ristorante,Santa Barbara,CA,,restaurants,small_market_local_dominance,https://santabarbarahighlights.com/best-italian-restaurants-in-santa-barbara-a-guide-for-food-lovers/,Italy-born husband-and-wife duo's gourmet seasonal Italian with local sourcing,2026-06-16
Ca'Dario,Santa Barbara,CA,,restaurants,small_market_local_dominance,https://www.cadariorestaurants.com/,Chef Dario Furlati's authentic imported-ingredient Italian restaurant,2026-06-16
Toma Restaurant & Bar,Santa Barbara,CA,,restaurants,small_market_local_dominance,https://www.bontraveler.com/best-restaurants-santa-barbara/,Waterfront Italian-Mediterranean with fresh local ingredients and Italian wines,2026-06-16
Bouchon,Santa Barbara,CA,,restaurants,small_market_local_dominance,https://wanderlog.com/place/details/854315/bouchon-santa-barbara,Chef Greg Murphy's Californian-French cuisine with organic farm-fresh ingredients and notable local wine list,2026-06-16
Intermezzo by Wine Cask,Santa Barbara,CA,,restaurants,small_market_local_dominance,https://www.opentable.com/cuisine/best-mediterranean-restaurants-santa-barbara-ca,Chef Mossin Sugich's American cuisine with Mediterranean influences,2026-06-16
Vintage,Ketchum,ID,,restaurants,small_market_local_dominance,https://www.theinfatuation.com/sun-valley/guides/best-restaurants-sun-valley-idaho,Intimate chef-driven fine-dining cabin with a tight seasonal menu and garden patio,2026-06-16
Michel's Christiania,Ketchum,ID,,restaurants,small_market_local_dominance,https://www.theinfatuation.com/sun-valley/guides/best-restaurants-sun-valley-idaho,Classic French dining room operating since 1959 and a Sun Valley institution,2026-06-16
The Covey,Ketchum,ID,,restaurants,small_market_local_dominance,https://peakeats.com/best-restaurants-at-ski-resorts/best-restaurants-in-sun-valley-ketchum-id/,Contemporary chef-driven restaurant with open kitchen featuring fire-grilled wagyu and house-made pasta,2026-06-16
Ketchum Grill,Ketchum,ID,,restaurants,small_market_local_dominance,https://peakeats.com/best-restaurants-at-ski-resorts/best-restaurants-in-sun-valley-ketchum-id/,"Chef Scott Mason's creative Northwest cooking in an 1885 house, a Ketchum mainstay",2026-06-16
Snake River Grill,Jackson,WY,,restaurants,small_market_local_dominance,https://www.snakerivergrill.com/,Fine dining mainstay for 20 years with contemporary Western fare and a 300-plus wine list,2026-06-16
Kampai,Jackson,WY,,restaurants,small_market_local_dominance,https://www.opentable.com/features/best-fine-dining-restaurants-jackson-hole-wyoming-wy-jackson,Chef Chris Massad's elevated Japanese sushi in a refined mountain setting,2026-06-16
Il Villaggio Osteria,Jackson,WY,,restaurants,small_market_local_dominance,https://www.opentable.com/features/best-fine-dining-restaurants-jackson-hole-wyoming-wy-jackson,Rustic Italian osteria with house-made pastas built for multicourse dining,2026-06-16
Glorietta,Jackson,WY,,restaurants,small_market_local_dominance,https://travel.usnews.com/features/the-best-restaurants-in-jackson-hole-wyoming,Italian trattoria recognized among Jackson Hole's best restaurants,2026-06-16
Steadfire,Jackson,WY,,restaurants,small_market_local_dominance,https://www.opentable.com/features/best-fine-dining-restaurants-jackson-hole-wyoming-wy-jackson,Modern chophouse cooking flame-fired meat and game sourced from local ranchers,2026-06-16
Shan,Bozeman,MT,,restaurants,small_market_local_dominance,https://www.bozemandailychronicle.com/news/bozeman-boasts-half-of-montanas-8-eateries-up-for-james-beard-awards/article_a091be36-3f77-5107-9652-3c341ea48bf7.html,Chef Jarrett Wrisley earned a James Beard Best Chef Mountain nod for Thai-Chinese mountain cuisine,2026-06-16
Blackbird Kitchen,Bozeman,MT,,restaurants,small_market_local_dominance,https://www.bozemandailychronicle.com/news/bozeman-boasts-half-of-montanas-8-eateries-up-for-james-beard-awards/article_a091be36-3f77-5107-9652-3c341ea48bf7.html,Small Italian downtown restaurant up for a James Beard Outstanding Restaurant award,2026-06-16
J.W. Heist Steakhouse,Bozeman,MT,,restaurants,small_market_local_dominance,https://www.bozemandailychronicle.com/news/bozeman-boasts-half-of-montanas-8-eateries-up-for-james-beard-awards/article_a091be36-3f77-5107-9652-3c341ea48bf7.html,Refined steakhouse whose owners are James Beard Outstanding Restaurateur semifinalists,2026-06-16
PLONK,Bozeman,MT,,restaurants,small_market_local_dominance,https://www.bozemandailychronicle.com/news/bozeman-boasts-half-of-montanas-8-eateries-up-for-james-beard-awards/article_a091be36-3f77-5107-9652-3c341ea48bf7.html,Wine-centric bistro from James Beard Outstanding Restaurateur semifinalists,2026-06-16
Yellowstone Valley Grill,Livingston,MT,,restaurants,small_market_local_dominance,https://discoveringmontana.com/food-and-drink/restaurants-livingston/,Farm-to-table riverside restaurant highlighting local ranchers and Montana game,2026-06-16
Brigade,Livingston,MT,,restaurants,small_market_local_dominance,https://discoveringmontana.com/food-and-drink/restaurants-livingston/,Ingredient-driven adventurous cuisine using the best of Montana's bounty,2026-06-16
Herb & Omni,Whitefish,MT,,restaurants,small_market_local_dominance,https://www.herbandomni.com/,Story-driven dishes from James Beard-nominated chef Earl James Reynolds,2026-06-16
Cafe Kandahar,Whitefish,MT,,restaurants,worth_the_drive,https://www.thepeakproperties.co/post/whitefish-mt-dining-food,Four-time James Beard nominee chef Andy Blanton's farm-to-table tasting menu,2026-06-16
Whitefish Lake Restaurant,Whitefish,MT,,restaurants,small_market_local_dominance,https://www.thepeakproperties.co/post/whitefish-mt-dining-food,Fine dining destination with elegant log-beam mountain dining room,2026-06-16
Latitude 48 Bistro,Whitefish,MT,,restaurants,small_market_local_dominance,https://www.thepeakproperties.co/post/whitefish-mt-dining-food,Mediterranean bistro pairing traditional flavors with modern technique,2026-06-16
Dahl & DiLuca,Sedona,AZ,,restaurants,small_market_local_dominance,https://tucsonfoodie.com/guides/best-restaurants-sedona/,Chef Lisa Dahl's most-awarded Sedona fine dining restaurant for Italian fare,2026-06-16
Mariposa Latin Inspired Grill,Sedona,AZ,,restaurants,small_market_local_dominance,https://mariposasedona.com/,Chef Lisa Dahl's flagship South American grill with red rock views,2026-06-16
Cress,Sedona,AZ,,restaurants,small_market_local_dominance,https://tucsonfoodie.com/guides/best-restaurants-sedona/,French-technique fine dining reimagining Arizonan cuisine with local ingredients,2026-06-16
Forty1,Sedona,AZ,,restaurants,small_market_local_dominance,https://tucsonfoodie.com/guides/best-restaurants-sedona/,Intimate seasonal menus inspired by the Verde Valley's organic bounty,2026-06-16
Elote Cafe,Sedona,AZ,,restaurants,small_market_local_dominance,https://tucsonfoodie.com/guides/best-restaurants-sedona/,Chef Jeff Smedstad twice James Beard-nominated for bold Mexican and Southwest cooking,2026-06-16
BOCA,Tucson,AZ,,restaurants,small_market_local_dominance,https://tucsonfoodie.com/guides/upscale-restaurants/,James Beard finalist chef Maria Mazon's contemporary Sonoran Mexican cuisine,2026-06-16
Tito & Pep,Tucson,AZ,,restaurants,small_market_local_dominance,https://tucsonfoodie.com/guides/upscale-restaurants/,James Beard semifinalist mesquite-fire restaurant with a seasonal menu,2026-06-16
Ursa,Tucson,AZ,,restaurants,small_market_local_dominance,https://tucsonfoodie.com/guides/upscale-restaurants/,Chef Aaron Lopez's desert-centric downtown fine dining concept,2026-06-16
Sazon,Santa Fe,NM,,restaurants,small_market_local_dominance,https://www.opentable.com/features/best-restaurants-with-tasting-menus-santa-fe-nm,Chef Fernando Olea won 2022 James Beard Best Chef Southwest and offers a nine-course tasting menu,2026-06-16
Alkeme,Santa Fe,NM,,restaurants,small_market_local_dominance,https://www.opentable.com/features/best-restaurants-with-tasting-menus-santa-fe-nm,2024 James Beard Best New Restaurant semifinalist with rotating tasting menus,2026-06-16
Geronimo,Santa Fe,NM,,restaurants,small_market_local_dominance,https://www.opentable.com/features/best-fine-dining-restaurants-new-mexico-nm-santa-fe,Elegant fine dining in a 1756 adobe home with a global menu,2026-06-16
Coyote Cafe,Santa Fe,NM,,restaurants,small_market_local_dominance,https://www.opentable.com/features/best-fine-dining-restaurants-new-mexico-nm-santa-fe,Landmark fine dining founded by chef Mark Miller that put Santa Fe on the food map,2026-06-16
Sassella,Santa Fe,NM,,restaurants,small_market_local_dominance,https://globalphile.com/our-top-santa-fe-restaurant-picks/,Upscale rustic Italian restaurant by the Georgia O'Keeffe Museum,2026-06-16
Izanami,Santa Fe,NM,,restaurants,small_market_local_dominance,https://globalphile.com/our-top-santa-fe-restaurant-picks/,Japanese izakaya at Ten Thousand Waves with one of the best sake lists in the West,2026-06-16
The Compound Restaurant,Santa Fe,NM,,restaurants,small_market_local_dominance,https://en.wikipedia.org/wiki/The_Compound_(restaurant),James Beard Award-winning chef Mark Kiffin's elegant fine dining in a historic complex,2026-06-16
Restaurant Martin,Santa Fe,NM,,restaurants,small_market_local_dominance,https://globalphile.com/our-top-santa-fe-restaurant-picks/,Chef Martin Rios a multi-year James Beard Best Chef Southwest finalist,2026-06-16
Love Apple,Taos,NM,,restaurants,small_market_local_dominance,https://www.fodors.com/world/north-america/usa/new-mexico/taos/restaurants,Chef Andrea Meyer's farm-to-table New Mexican cooking in a converted 19th-century chapel,2026-06-16
Lambert's of Taos,Taos,NM,,restaurants,small_market_local_dominance,https://www.fodors.com/world/north-america/usa/new-mexico/taos/restaurants,Taos fine-dining standard since 1989 in an adobe home with garden patio,2026-06-16
ACEQ,Taos,NM,,restaurants,small_market_local_dominance,https://www.fodors.com/world/north-america/usa/new-mexico/taos/restaurants,Chef-driven seasonal farm-to-table menu highlighting Northern New Mexico flavors,2026-06-16
Doc Martin's,Taos,NM,,restaurants,small_market_local_dominance,https://www.fodors.com/world/north-america/usa/new-mexico/taos/restaurants,Southwest-forward restaurant in the historic Taos Inn with garden-sourced greens,2026-06-16
Bosq,Aspen,CO,,restaurants,worth_the_drive,https://www.theinfatuation.com/aspen/guides/where-to-eat-in-aspen,Michelin-starred chef Barclay Dodge's foraging-driven seasonal tasting menus,2026-06-16
Mawa's Kitchen,Aspen,CO,,restaurants,small_market_local_dominance,https://www.theinfatuation.com/aspen/guides/where-to-eat-in-aspen,James Beard semifinalist Mawa McQueen's Afro-Mediterranean tasting menu,2026-06-16
PARC Aspen,Aspen,CO,,restaurants,small_market_local_dominance,https://www.parcaspen.com/,Chef Stefano Schiaffino blends French discipline with Peruvian heritage,2026-06-16
Ellina,Aspen,CO,,restaurants,small_market_local_dominance,https://www.dallasites101.com/blog/post/the-best-restaurants-in-aspen/,Intimate modern Italian restaurant rooted in house-made pastas,2026-06-16
The National,Telluride,CO,,restaurants,small_market_local_dominance,https://www.exceptionalstays.com/the-best-restaurants-in-telluride-colorado,Chef Chris Thompson's chef-driven seasonal menu with locally sourced ingredients,2026-06-16
221 South Oak,Telluride,CO,,restaurants,small_market_local_dominance,https://www.saveur.com/travel/telluride-colorado-best-restaurants,Chef-owned New American bistro from Top Chef alum Eliza Gavin,2026-06-16
Bon Vivant,Telluride,CO,,restaurants,worth_the_drive,https://www.exceptionalstays.com/the-best-restaurants-in-telluride-colorado,Award-winning chef Brian Hartman's French country fare atop Lift 5,2026-06-16
La Marmotte,Telluride,CO,,restaurants,small_market_local_dominance,https://www.saveur.com/travel/telluride-colorado-best-restaurants,Fine dining French restaurant with expertly prepared seasonal dishes,2026-06-16
Alpino Vino,Telluride,CO,,restaurants,worth_the_drive,https://www.afar.com/travel-tips/the-best-restaurants-in-telluride,Chef Nico Peccedi's northern Italian cooking at North America's second-highest fine dining room,2026-06-16
OAK at Fourteenth,Boulder,CO,,restaurants,small_market_local_dominance,https://www.opentable.com/features/best-restaurants-with-tasting-menus-boulder-co,Chef Steven Redzikowski's consistently James Beard-nominated New American cooking,2026-06-16
Black Cat Farmstead,Boulder,CO,,restaurants,small_market_local_dominance,https://www.opentable.com/features/best-restaurants-with-tasting-menus-boulder-co,James Beard nominee chef Eric Skokan's four-course farm tasting menu from a 500-acre organic farm,2026-06-16
Riverhorse on Main,Park City,UT,,restaurants,small_market_local_dominance,https://travel.usnews.com/features/the-best-restaurants-in-park-city-utah,Elevated yet unpretentious fine dining in an elegant Main Street setting,2026-06-16
Firewood,Park City,UT,,restaurants,small_market_local_dominance,https://www.visitutah.com/places-to-go/cities-and-towns/park-city/restaurants-in-park-city,Chef-driven menu cooked over open flame combining rustic technique and gourmet presentation,2026-06-16
Handle,Park City,UT,,restaurants,small_market_local_dominance,https://www.visitutah.com/places-to-go/cities-and-towns/park-city/restaurants-in-park-city,Chef Briar Handly's seasonally changing small-plate American restaurant,2026-06-16
Courchevel Bistro,Park City,UT,,restaurants,small_market_local_dominance,https://www.courchevelbistro.com/,Chef Clement Gelas's seasonal French cuisine with an extensive wine program,2026-06-16
350 Main,Park City,UT,,restaurants,small_market_local_dominance,https://www.visitparkcity.com/blog/stories/post/restaurants-on-historic-main-street-in-park-city-utah/,Refined globally influenced New American brasserie on Main Street,2026-06-16
Glitretind,Park City,UT,,restaurants,small_market_local_dominance,https://www.opentable.com/features/best-fine-dining-restaurants-utah-ut-park-city,Sophisticated mountain fine dining at Stein Eriksen Lodge in Deer Valley,2026-06-16
Borgo,New York,NY,,restaurants,press_awards_recent_momentum,https://www.opentable.com/blog/new-york-times-50-best-restaurants/,On the NYT 2025 50 best restaurants list; Andrew Tarlow's old-world Roman-inspired Italian in Manhattan,2026-06-16
Maydan,Los Angeles,CA,,restaurants,press_awards_recent_momentum,https://www.theinfatuation.com/los-angeles/guides/best-new-restaurants-los-angeles-2025,On Infatuation's LA best new restaurants 2025; Middle Eastern/North African from chef Rose Previte,2026-06-16
Casa Dani,Los Angeles,CA,,restaurants,best_of_city_list,https://www.theinfatuation.com/los-angeles/guides/best-new-restaurants-los-angeles-2025,LA best new restaurants 2025; Spanish chef Dani Garcia's paella-focused restaurant at Century City,2026-06-16
Betsy,Altadena,CA,,restaurants,best_of_city_list,https://www.theinfatuation.com/los-angeles/guides/best-new-restaurants-los-angeles-2025,LA-area best new restaurants 2025; hearth-driven 39-seat chef-driven American from Tyler J. Wells,2026-06-16
Mori Nozomi,Los Angeles,CA,,restaurants,press_awards_recent_momentum,https://www.timeout.com/los-angeles/news/michelin-awards-new-stars-to-four-l-a-restaurants-for-2025including-the-citys-first-ever-three-star-eateries-062625,New one-Michelin-star LA restaurant in the 2025 guide (Japanese),2026-06-16
Feld,Chicago,IL,,restaurants,press_awards_recent_momentum,https://www.opentable.com/blog/bon-appetit-best-new-restaurants/,Bon Appetit 2025 Best New Restaurant; relationship-to-table seasonal farm-driven American in West Town,2026-06-16
Wolfsbane,San Francisco,CA,,restaurants,best_of_city_list,https://sfstandard.com/2025/12/15/best-new-restaurants-san-francisco/,SF Standard best new restaurants 2025; tasting-menu destination from the Lord Stanley team (Californian/French),2026-06-16
Arquet,San Francisco,CA,,restaurants,best_of_city_list,https://sfstandard.com/2025/12/15/best-new-restaurants-san-francisco/,SF best new restaurants 2025; California cuisine from chef Alex Hong at the Ferry Building,2026-06-16
Via Aurelia,San Francisco,CA,,restaurants,best_of_city_list,https://www.modernluxury.com/our-ultimate-2025-san-francisco-dining-guide/,Among SF's notable 2025 openings; upscale Italian near the ballpark,2026-06-16
Cache,San Francisco,CA,,restaurants,best_of_city_list,https://www.modernluxury.com/our-ultimate-2025-san-francisco-dining-guide/,SF 2025 openings; Francophile French restaurant in a small Inner Sunset space,2026-06-16
SSAL,San Francisco,CA,,restaurants,best_of_city_list,https://www.modernluxury.com/our-ultimate-2025-san-francisco-dining-guide/,Michelin-starred SF newcomer marrying French tradition with Korean flavors,2026-06-16
Minnie Bell's Soul Movement,San Francisco,CA,,restaurants,press_awards_recent_momentum,https://www.opentable.com/blog/bon-appetit-best-new-restaurants/,Bon Appetit 2025 Best New Restaurant; soul food in the Fillmore from chef Fernay McPherson,2026-06-16
Agnes and Sherman,Houston,TX,,restaurants,press_awards_recent_momentum,https://www.texasmonthly.com/food/best-new-restaurants-2026/,Texas Monthly 2026 Restaurant of the Year; Asian American diner from chef Nick Wong,2026-06-16
Hypsi,Houston,TX,,restaurants,best_of_city_list,https://houston.culturemap.com/news/restaurants-bars/best-new-restaurants-houston-2025/,Houston best new restaurants 2025; Italian from chef Terrence Gallivan with house-made breads and pastas,2026-06-16
Chardon,Houston,TX,,restaurants,best_of_city_list,https://houston.culturemap.com/news/restaurants-bars/best-new-restaurants-houston-2025/,Houston best new restaurants 2025; French-technique beef-focused restaurant at the Thompson Hotel,2026-06-16
Latuli,Houston,TX,,restaurants,press_awards_recent_momentum,https://www.texasmonthly.com/food/best-new-restaurants-2026/,On Texas Monthly's 2026 best new restaurants list; Bryan Caswell's eclectic neighborhood restaurant in Memorial,2026-06-16
Zaranda,Houston,TX,,restaurants,press_awards_recent_momentum,https://www.texasmonthly.com/food/best-new-restaurants-2026/,On Texas Monthly's 2026 best new restaurants list; California-Baja inspired seafood,2026-06-16
Di An Pho,Houston,TX,,restaurants,press_awards_recent_momentum,https://www.texasmonthly.com/food/best-new-restaurants-2026/,On Texas Monthly's 2026 best new restaurants list; Vietnamese,2026-06-16
ChopnBlok,Houston,TX,,restaurants,press_awards_recent_momentum,https://houston.culturemap.com/news/restaurants-bars/esquire-best-new-restaurant-chopnblok/,"Esquire 2025 Best New Restaurants, NYT two-star review, Michelin Bib Gourmand; West African",2026-06-16
Pillar,Dallas,TX,,restaurants,best_of_city_list,https://www.dmagazine.com/publications/d-magazine/2026/january/best-new-restaurants/,D Magazine 2025 best new restaurants; chef-owner Peja Krstic in North Oak Cliff (American),2026-06-16
Domodomo Ko,Dallas,TX,,restaurants,best_of_city_list,https://www.dmagazine.com/food-drink/2025/08/eight-newcomers-join-our-50-best-restaurants-list/,On D Magazine's 50 Best; upscale Korean-American tasting menu from chef Paul Ko in Uptown,2026-06-16
Rainbowcat,Dallas,TX,,restaurants,best_of_city_list,https://www.papercitymag.com/restaurants/best-dishes-new-dallas-restaurants-2025/,Dallas best new 2025; James Beard finalist Misti Norris's comfort-fare restaurant,2026-06-16
Il Premio,Atlanta,GA,,restaurants,best_of_city_list,https://roughdraftatlanta.com/2025/12/03/best-new-atlanta-restaurants-2025/,Atlanta best new restaurants 2025; Italian steakhouse with house-made pasta in the Forth Hotel,2026-06-16
Yeppa & Co,Atlanta,GA,,restaurants,best_of_city_list,https://www.theinfatuation.com/atlanta/guides/exciting-restaurant-openings-atlanta,Atlanta openings 2025; Italian Riviera-inspired restaurant from the Storico Fresco team,2026-06-16
Osteria Mozza,Washington,DC,,restaurants,best_of_city_list,https://blog.resy.com/2025/12/dc-restaurants-2025/,DC top restaurants 2025; Nancy Silverton's Italian mozzarella bar in the former Dean & DeLuca space,2026-06-16
Sook,Washington,DC,,restaurants,best_of_city_list,https://blog.resy.com/2025/12/dc-restaurants-2025/,DC top restaurants 2025; global cafe with Georgian khachapuri in the former Compass Rose space,2026-06-16
Lenox,Seattle,WA,,restaurants,press_awards_recent_momentum,https://www.opentable.com/blog/bon-appetit-best-new-restaurants/,Bon Appetit 2025 Best New Restaurant; Afro-Latin/Puerto Rican from chef Jhonny Reyes in Belltown,2026-06-16
The Wayland Mill,Seattle,WA,,restaurants,press_awards_recent_momentum,https://www.axios.com/local/seattle/2026/01/21/seattle-washington-james-beard-semifinalists-2026,2026 James Beard Best New Restaurant nominee; Japanese-inspired Western dishes in Wallingford,2026-06-16
Little Beast Ballard,Seattle,WA,,restaurants,press_awards_recent_momentum,https://www.axios.com/local/seattle/2026/01/21/seattle-washington-james-beard-semifinalists-2026,2026 James Beard Best New Restaurant nominee; hearty English pub fare in Ballard,2026-06-16
Kaia,Boston,MA,,restaurants,press_awards_recent_momentum,https://aol.com/boston-greek-restaurant-included-cond-214610940.html,On Conde Nast Traveler's 2025 Hot List; coastal Greek in the South End,2026-06-16
Mister Pio,Phoenix,AZ,,restaurants,press_awards_recent_momentum,https://www.aol.com/articles/metro-phoenix-restaurant-named-best-191157424.html,Named one of Eater's Best New Restaurants in America 2025; Peruvian pollo a la brasa,2026-06-16
Minnow,Phoenix,AZ,,restaurants,best_of_city_list,https://www.phoenixmag.com/2025/11/03/best-new-restaurants-of-2025/,Phoenix Magazine best new restaurants 2025; chef Bernie Kantak's matcha cafe and sushi concept,2026-06-16
Pinyon,Scottsdale,AZ,,restaurants,best_of_city_list,https://www.phoenixmag.com/2026/05/05/dining-review-pinyon/,Phoenix Magazine featured; coastal Mediterranean open-flame restaurant in Scottsdale,2026-06-16
Heretik,Denver,CO,,restaurants,best_of_city_list,https://www.westword.com/food-drink/15-best-new-denver-restaurants-of-2025-40815945/,Denver best new restaurants 2025; Basque and Southwestern French restaurant in RiNo from Theo Adley,2026-06-16
Fleurette,San Diego,CA,,restaurants,best_of_city_list,https://sandiegomagazine.com/food-drink/the-best-new-restaurants-in-san-diego/,San Diego best new restaurants 2025; Cote d'Azur-inspired French from Michelin chef Travis Swikard,2026-06-16
Le Coq,San Diego,CA,,restaurants,best_of_city_list,https://sandiegomagazine.com/food-drink/the-best-new-restaurants-in-san-diego/,San Diego best new restaurants 2025; modern French steakhouse from James Beard finalist Tara Monsod,2026-06-16
Dora Ristorante,La Jolla,CA,,restaurants,best_of_city_list,https://sandiegomagazine.com/food-drink/the-best-new-restaurants-in-san-diego/,San Diego best new restaurants 2025; Sicilian from chef Accursio Lota in La Jolla,2026-06-16
Cherryfish,San Diego,CA,,restaurants,best_of_city_list,https://sandiegomagazine.com/food-drink/the-best-new-restaurants-in-san-diego/,San Diego best new restaurants 2025; modern Japanese izakaya from chef Marcus Twilegar in Pacific Beach,2026-06-16
Le Calamar,Austin,TX,,restaurants,best_of_city_list,https://blog.resy.com/2025/12/austin-restaurants-2025/,Austin best new restaurants 2025; French bistro with roast chicken and steak au poivre,2026-06-16
Fish Shop,Austin,TX,,restaurants,press_awards_recent_momentum,https://www.texasmonthly.com/food/best-new-restaurants-2026/,No. 4 on Texas Monthly's 2026 best new restaurants list; West Coast-inspired seafood,2026-06-16
L'Echelle,Portland,OR,,restaurants,best_of_city_list,https://www.pdxmonthly.com/eat-and-drink/2025/12/new-portland-restaurant-openings-2025,Portland Monthly biggest 2025 openings; French restaurant from Naomi Pomeroy's collaborators on SE Division,2026-06-16
Bistecca,Portland,OR,,restaurants,best_of_city_list,https://www.pdxmonthly.com/eat-and-drink/2025/12/new-portland-restaurant-openings-2025,Portland Monthly biggest 2025 openings; Italian wood-fire steakhouse from Gabriel Pascuzzi,2026-06-16
Terra Mae,Portland,OR,,restaurants,best_of_city_list,https://www.pdxmonthly.com/eat-and-drink/2025/12/new-portland-restaurant-openings-2025,Portland Monthly biggest 2025 openings; Portuguese-Japanese fusion in the Cascada hotel,2026-06-16
Metlapil,Portland,OR,,restaurants,best_of_city_list,https://blog.resy.com/2025/12/portland-restaurants-2025/,Portland best new restaurants 2025; masa-driven Mexican tasting menu from former Republica chef Jose Camarena,2026-06-16
Bar Nouveau,Portland,OR,,restaurants,best_of_city_list,https://www.pdxmonthly.com/eat-and-drink/best-restaurants-portland,Portland Monthly best restaurants 2025-26; French and Pacific Northwest from chef Althea Grey Potter,2026-06-16
Maglia Rosa,Portland,OR,,restaurants,best_of_city_list,https://www.pdxmonthly.com/eat-and-drink/2025/12/new-portland-restaurant-openings-2025,Portland Monthly biggest 2025 openings; Italian,2026-06-16
Fantino,Portland,OR,,restaurants,best_of_city_list,https://www.pdxmonthly.com/eat-and-drink/2025/12/new-portland-restaurant-openings-2025,Portland Monthly biggest 2025 openings; Italian,2026-06-16
Dukos,Nashville,TN,,restaurants,best_of_city_list,https://nashvilleguru.com/176811/nashvilles-best-new-restaurants-and-bars-of-2025,Nashville best new restaurants 2025; community-driven Italian from chefs Billy Hughes and Maurice Edmondson,2026-06-16
Xiao Bao,Nashville,TN,,restaurants,best_of_city_list,https://nashvilleguru.com/176811/nashvilles-best-new-restaurants-and-bars-of-2025,Nashville best new restaurants 2025; eclectic Chinese/Thai/Taiwanese/Vietnamese from Charleston,2026-06-16
Present Tense,Nashville,TN,,restaurants,best_of_city_list,https://www.theinfatuation.com/nashville/guides/best-new-restaurants-nashville-2025,Nashville best new restaurants 2025; izakaya with a 12-seat chef's table (Japanese),2026-06-16
Bacco,Nashville,TN,,restaurants,best_of_city_list,https://nashvillelifestyles.com/dining/best-restaurants/nashvilles-favorite-restaurants-2025/,Nashville 2025; Tuscan steakhouse at the Four Seasons with house pastas,2026-06-16
Fonda on 12th,Nashville,TN,,restaurants,press_awards_recent_momentum,https://www.wsmv.com/2025/12/05/nashville-eatery-ranked-among-best-new-restaurants-2025-us-report-says/,No. 22 on Yelp's Best New Restaurants 2025; Mexican from Le Cordon Bleu chef Roberto Santibanez,2026-06-16
The Sicilian Butcher,Nashville,TN,,restaurants,best_of_city_list,https://www.visitmusiccity.com/things-to-do-in-nashville/food-drink/new-restaurants,Nashville 2025 opening; modern-casual Italian in Wedgewood-Houston,2026-06-16
Le Moyne Bistro,New Orleans,LA,,restaurants,press_awards_recent_momentum,https://www.nola.com/entertainment_life/ian_mcnulty/these-are-ian-mcnulty-s-top-five-new-restaurants-for-new-orleans-from-2025/article_1d7c329b-6925-4605-a233-44a5a674384d.html,Ian McNulty's top five New Orleans restaurants of 2025; French cuisine downtown,2026-06-16
Dr. Jones,Metairie,LA,,restaurants,press_awards_recent_momentum,https://www.nola.com/entertainment_life/ian_mcnulty/these-are-ian-mcnulty-s-top-five-new-restaurants-for-new-orleans-from-2025/article_1d7c329b-6925-4605-a233-44a5a674384d.html,Ian McNulty's top five New Orleans restaurants of 2025; seafood-forward American,2026-06-16
Tan Dinh,New Orleans,LA,,restaurants,best_of_city_list,https://blog.resy.com/2025/12/new-orleans-restaurants-2025/,Among New Orleans 2025 highlights; classic Vietnamese on the West Bank,2026-06-16
Cafe Yoto,Minneapolis,MN,,restaurants,best_of_city_list,https://mspmag.com/eat-and-drink/best-new-restaurants-twin-cities-2025/,Twin Cities best new restaurants 2025; Japanese udon noodle spot,2026-06-16
Nokko,Minneapolis,MN,,restaurants,best_of_city_list,https://mspmag.com/eat-and-drink/best-new-restaurants-twin-cities-2025/,Twin Cities best new restaurants 2025; intimate Japanese from veteran chef Hide Tozawa,2026-06-16
Stock & Bond,Minneapolis,MN,,restaurants,best_of_city_list,https://mspmag.com/eat-and-drink/best-new-restaurants-twin-cities-2025/,Twin Cities best new restaurants 2025; modern steakhouse in the Farmers and Mechanics Bank building,2026-06-16
Bucheron,Minneapolis,MN,,restaurants,press_awards_recent_momentum,https://www.timeout.com/usa/news/the-2025-james-beard-awards-have-named-the-best-restaurants-and-chefs-in-america-061725,James Beard 2025 Best New Restaurant; French-American in Minneapolis,2026-06-16
Vinai,Minneapolis,MN,,restaurants,press_awards_recent_momentum,https://www.opentable.com/blog/bon-appetit-best-new-restaurants/,Bon Appetit 2025 Best New Restaurant; Hmong cuisine from chef Yia Vang,2026-06-16
Daniel's,Miami,FL,,restaurants,best_of_city_list,https://www.miaminewtimes.com/food-drink/best-new-miami-restaurants-of-2025-40511460/,Miami New Times 15 best new restaurants 2025; gourmet comfort food in Coral Gables in the former Fiola space,2026-06-16
Cotoa,Miami,FL,,restaurants,best_of_city_list,https://www.miaminewtimes.com/food-drink/best-new-miami-restaurants-of-2025-40511460/,Miami New Times 15 best new restaurants 2025; Ecuadorian in North Miami,2026-06-16
Dojo Izakaya,Miami,FL,,restaurants,best_of_city_list,https://www.miaminewtimes.com/food-drink/best-new-miami-restaurants-of-2025-40511460/,Miami New Times 15 best new restaurants 2025; Japanese izakaya and sake bar with charcoal cooking,2026-06-16
Meski,San Francisco,CA,,restaurants,best_of_city_list,https://medium.com/@virginiamiller_29308/san-franciscos-best-new-restaurants-bars-of-2025-426a660bf942,SF best new restaurants 2025; Ethiopian-Dominican from chef Nelson German,2026-06-16
Cariño,Chicago,IL,,restaurants,press_awards_recent_momentum,https://www.opentable.com/blog/new-york-times-50-best-restaurants/,On the NYT 2025 50 best restaurants list; Michelin-starred modern Mexican from chef Norman Fenton in Uptown,2026-06-16
