name,city,state,website,vertical,source_strategy,source_url,evidence,date_added
Buckhead Butcher Shop,Atlanta,GA,buckheadbutchershop.com,butchers,best_of_city_list,https://atlantafi.com/best-butcher-shops-atlanta/,"Gourmet Buckhead butcher named among Atlanta's best, premium quality meats and proteins with curation focus",2026-06-16
Southern Steer Butcher,Louisville,KY,southernsteer.com/location/louisville/,butchers,best_of_city_list,https://southernsteer.com/location/louisville/,Artisanal butcher offering prime artisanal cuts and daily specials; small regional group,2026-06-16
VanMeter James,Lexington,KY,vanmeterjames.com,butchers,press_awards_recent_momentum,https://6amcity.com/web/ky/lexington/business/boutique-butcher-shop-lexington-ky,"Boutique downtown Lexington butcher founded by a cattle farmer, specialty-cut Certified Angus Beef",2026-06-16
Critchfield Meats Family Market,Lexington,KY,critchfieldmeats.com,butchers,best_of_city_list,https://www.yelp.com/biz/critchfield-meats-family-market-lexington,Old-fashioned family butcher shop serving Lexington since 1969 with curated cuts and specialty products,2026-06-16
Legnon's Boucherie,Lafayette,LA,,butchers,best_of_city_list,https://www.lafayettetravel.com/blog/stories/post/cajun-boudin-trail/,Lafayette Cajun boucherie known for crawfish boudin and traditional Cajun meat products,2026-06-16
Iverstine Butcher,Baton Rouge,LA,iverstinebutcher.com,butchers,small_market_local_dominance,https://www.theadvocate.com/baton_rouge/entertainment_life/food_restaurants/iverstine-butcher-food-news/article_19cd7c9d-96c5-44d5-bc8b-0b9aa64b30a6.html,"The region's only whole-animal butcher, sources pasture-raised heritage Berkshire and grass-fed from own farm; farm retail/share offering whole/half animals",2026-06-16
Hebert's Specialty Meats,Maurice,LA,hebertsmaurice.com,butchers,best_of_city_list,https://www.hebertsmaurice.com/,"Home of the original deboned stuffed chicken and turducken with house Cajun boudin, andouille, tasso",2026-06-16
Don's Specialty Meats,Scott,LA,donsspecialtymeats.com,butchers,best_of_city_list,https://donsspecialtymeats.com/,"Cajun boucherie since 1993 making homemade boudin (voted best 9 years), cracklins and stuffed meats; Scott and Carencro locations",2026-06-16
Chris' Specialty Foods,Baton Rouge,LA,chrisspecialtyfoods.com,butchers,press_awards_recent_momentum,https://www.chrisspecialtyfoods.com/,"National-award Cajun butcher; sausages, turducken, deboned/stuffed meats, whole pigs, smoked and cured products",2026-06-16
McCord Butchery,Metairie,LA,mccordbutchery.com,butchers,press_awards_recent_momentum,https://www.myneworleans.com/local-couple-opens-mccord-butchery-in-metairie/,"Chef-driven European-style butcher with whole hog breakdowns, precision cuts and local sourcing",2026-06-16
Piece of Meat,New Orleans,LA,,butchers,best_of_city_list,https://www.foodnetwork.com/restaurants/la/new-orleans/piece-of-meat-restaurant,Mid-City neighborhood butcher shop and eatery focused on sustainably raised livestock and traditional methods,2026-06-16
Chop Shop Butchery,Charlotte,NC,chopshopbutchery.com,butchers,press_awards_recent_momentum,https://www.axios.com/local/charlotte/2024/02/04/asheville-butcher-chop-shop-expands-to-charlotte,Beloved Asheville whole-animal butcher expanded to Myers Park Charlotte; dry-aged beef and house charcuterie trusted by Michelin restaurants,2026-06-16
Hickory Nut Gap Farm,Fairview,NC,shop.hickorynutgap.com,butchers,small_market_local_dominance,https://hickorynutgap.com/farm-store/,"Farm retail/share: full-service butchery selling own 100% grassfed beef and pasture-raised pork, house sausages, whole/half/quarter animal purchases and a CSA program",2026-06-16
Highlands Butchery,Asheville,NC,,butchers,best_of_city_list,https://www.yelp.com/search?cflt=butcher&find_loc=Asheville%2C+NC,Listed among best Asheville butchers as a craft neighborhood butcher shop,2026-06-16
Acre Station Meat Farm,Pinetown,NC,acrestationmeatfarm.com,butchers,small_market_local_dominance,https://acrestationmeatfarm.com/,"Farm retail/share: own-label meat processed on site, half/whole hog packages ($298 whole hog) and beef packages cut to customer spec, plus smoked sausage and bacon",2026-06-16
Heifer & Bull,Murphy,NC,,butchers,small_market_local_dominance,https://shopmurphync.com/heifer-bull/,Local butchery serving the community with high-quality meats sourced and prepared with care,2026-06-16
Prime Brothers Butcher Shoppe,Garner,NC,primebrothersbutchershoppe.com,butchers,best_of_city_list,https://primebrothersbutchershoppe.com/,Family- and veteran-owned butcher sourcing from select family farms with 20+ varieties of homemade sausage and renowned prime rib,2026-06-16
Carnivore Butcher & Bottle,Sumter,SC,,butchers,small_market_local_dominance,https://www.yelp.com/biz/carnivore-butcher-and-bottle-sumter,"Sumter's grass-fed beef butcher with organic beef/pork/chicken, prepared meals, cheese and wine",2026-06-16
Evergreen Butcher + Baker,Atlanta,GA,evergreenbutcherandbaker.com,butchers,press_awards_recent_momentum,https://www.atlantamagazine.com/dining-news/the-return-of-the-neighborhood-butcher-shop/,"Whole-animal Kirkwood butcher receiving four whole hogs, half cow and a lamb weekly from Georgia grass-fed farms",2026-06-16
The Butcher on Whitlock,Marietta,GA,butcheronwhitlock.com,butchers,best_of_city_list,https://www.butcheronwhitlock.com/,"Chef-owned butcher with prime in-house dry-aged beef, house-ground burgers and charcuterie",2026-06-16
Blanche Farms Meats,Macon,GA,blanchefarmsmeats.com,butchers,small_market_local_dominance,https://www.blanchefarmsmeats.com/,"Farm retail/share: fresh premium cuts plus cured artisan salamis and bacon, Georgia-grown products",2026-06-16
The Pastures of Rose Creek,Watkinsville,GA,pasturesofrosecreek.com,butchers,small_market_local_dominance,https://www.pasturesofrosecreek.com/,Farm retail/share: 4th-generation grass-fed beef farm with on-property Sunday farmstand selling beef and farm products,2026-06-16
Smiley Brothers Specialty Foods,Pelham,AL,smileybrothersfoods.com,butchers,best_of_city_list,https://smileybrothersfoods.com/butcher,"Specialty butcher that buys only whole-muscle cuts, smokes/cures own meats, makes own sausage and bacon; wine and charcuterie boards",2026-06-16
Mark's Mart,Birmingham,AL,,butchers,best_of_city_list,https://birminghammomcollective.com/holidays-and-seasons/butcher-shops-birmingham/,"Butcher shop and deli serving Alabama since 1978 with high-quality meats, wine and specialty items",2026-06-16
Mr. P's Butcher Shop & Deli,Birmingham,AL,mrpdeli.com,butchers,best_of_city_list,https://alabama.travel/places-to-go/mr-p-s-butcher-shop-and-deli,"Neighborhood butcher and deli since 1975 offering finest cuts of meat, deli meats and gift boxes",2026-06-16
Rocket City Meats,Huntsville,AL,,butchers,best_of_city_list,https://butcherbud.com/butcher-shops/alabama/huntsville,Listed among Huntsville's notable local butcher/processing shops in the local food scene,2026-06-16
Corkshire Butcher Company,Huntsville,AL,corkshirebutchercompany.com,butchers,press_awards_recent_momentum,https://www.waff.com/2026/03/17/corkshire-butcher-company-where-you-can-go-get-quality-meat-cuts-locally/,Downtown Huntsville butcher with a 35-70 day dry-aging program unique to North Alabama and custom hand-selected cuts,2026-06-16
Pete's Fine Meats,Houston,TX,petesfinemeats.net,butchers,best_of_city_list,https://www.click2houston.com/features/2026/02/28/these-meat-markets-are-a-cut-above-when-it-comes-to-quality-flavor-and-tradition/,"Family-owned butcher since 1962, wide selection of wild game, exotic proteins and house-made sausages plus 40-day dry-aged prime steaks",2026-06-16
Revival Market,Houston,TX,,butchers,best_of_city_list,https://www.texasrealfood.com/revival-market-cafe-craft-butcher-shop/,"Craft butcher that helped launch Houston's local meat movement, carries 44 Farms beef and Yonder Way Farms pork",2026-06-16
Cherry Block Craft Butcher & Texas Market,Houston,TX,cherryblockmarket.com,butchers,press_awards_recent_momentum,https://www.cherryblockmarket.com/,"Craft butcher run by Felix Florez sourcing grass-fed cattle from small Gulf Coast ranchers, dry-aged steaks and house sausages",2026-06-16
Hebert's Specialty Meats,Houston,TX,,butchers,best_of_city_list,https://www.simplytexan.com/best-of-texas/top-5-butchers-in-houston-for-specialty-cuts/,Houston specialty butcher noted among top meat shops for Cajun-style specialty cuts and boudin,2026-06-16
B & W Meat Company,Houston,TX,,butchers,best_of_city_list,https://www.simplytexan.com/best-of-texas/top-5-butchers-in-houston-for-specialty-cuts/,Long-running full-service Houston butcher cited among the city's top specialty meat markets,2026-06-16
Premier Meat Market,Houston,TX,,butchers,best_of_city_list,https://www.simplytexan.com/best-of-texas/top-5-butchers-in-houston-for-specialty-cuts/,Independent Houston butcher listed among top-rated specialty meat markets,2026-06-16
Farmer's Fresh Meat,Houston,TX,farmersfreshmeat.com,butchers,best_of_city_list,https://farmersfreshmeat.com/,"Voted best meat market/butcher shop in Houston, one of few true full-service meat markets",2026-06-16
The Chopping Block,Houston,TX,,butchers,best_of_city_list,https://discover.texasrealfood.com/best-of-texas/top-5-butchers-in-houston-for-specialty-cuts,Cited among Houston's top 5 butchers for specialty cuts,2026-06-16
La Boucherie,Spring,TX,cajunmeats.com,butchers,small_market_local_dominance,https://cajunmeats.com/butcher-shop,"Cajun boucherie open since 1995, butchers handcraft sausages, boudin and bacon-wrapped creations; Abbeville LA family",2026-06-16
American Butchers,Dallas,TX,,butchers,best_of_city_list,https://dallasdossier.org/best-butcher-in-dallas,Collective of Nebraska ranching families hand-crafting USDA-inspected artisan meats at the farmers market,2026-06-16
The Meat Shop Butchery & Eatery,Dallas,TX,,butchers,press_awards_recent_momentum,https://www.citylovelist.com/post/the-best-butcher-shops-and-meat-markets-in-dallas-fort-worth,European-style butcher offering Rosewood Ranches certified grass-fed/grain-finished Wagyu beef,2026-06-16
Evan's Meat Market,Dallas,TX,,butchers,best_of_city_list,https://www.citylovelist.com/post/the-best-butcher-shops-and-meat-markets-in-dallas-fort-worth,"Neighborhood butcher with Cajun flair offering dry-aged meats, house-made sausages and high-quality cuts",2026-06-16
Cooper's,Dallas,TX,,butchers,best_of_city_list,https://www.citylovelist.com/post/the-best-butcher-shops-and-meat-markets-in-dallas-fort-worth,Trinity Grove steakhouse and one of the best meat markets in Dallas with catering,2026-06-16
Old Town Market,Lewisville,TX,,butchers,small_market_local_dominance,https://www.citylovelist.com/post/the-best-butcher-shops-and-meat-markets-in-dallas-fort-worth,"39-year neighborhood butcher with quality meats, Amish cheeses and house-made sausages",2026-06-16
Knife Butcher,Plano,TX,,butchers,press_awards_recent_momentum,https://www.texasmonthly.com/food/the-better-beef-buying-guide/,Texas Monthly-cited shop with steakhouse-quality dry-aged (45-240 day) ribeyes and sirloins from 44 Farms and HeartBrand,2026-06-16
Hirsch's Meats,Plano,TX,,butchers,press_awards_recent_momentum,https://www.texasmonthly.com/food/the-better-beef-buying-guide/,Texas Monthly-cited butcher since 1992 with hormone-free Wagyu from A Bar N Ranch and famous Italian/Polish sausage,2026-06-16
Local Yocal Farm to Market,McKinney,TX,localyocalfarmtomarket.com,butchers,small_market_local_dominance,https://localyocalfarmtomarket.com/our-store/,Farmer-owned full-service butcher; owner Matt Hamilton raises the grass-fed beef on his own ranch (farm retail/share); also Wagyu and Berkshire heritage pork,2026-06-16
Texas Heritage Beef Co.,Keller,TX,texasheritagebeef.com,butchers,small_market_local_dominance,https://www.texasheritagebeef.com/,Farm-retail dry-aged heritage beef producer selling direct at Keller Farmers Market (farm retail/share),2026-06-16
Tejas Meat Supply,Round Rock,TX,tejasmeatsupply.com,butchers,small_market_local_dominance,https://tejasmeatsupply.com/,"Premium butcher with Round Rock and Georgetown locations sourcing beef, pork and poultry from sustainable Texas ranches",2026-06-16
Radius Butcher & Grocery,Austin,TX,,butchers,press_awards_recent_momentum,https://austin.culturemap.com/news/city-life/radius-butcher-shop-opening/,"Farm-to-table butcher and grocery emphasizing whole-animal utilization and regenerative Texas farms; sausages, charcuterie and stocks",2026-06-16
Hudson Meat Market,Austin,TX,,butchers,best_of_city_list,https://www.yelp.com/search?find_desc=Butcher+Shop&find_loc=Austin%2C+TX,Cited among top Austin butcher shops for quality cuts,2026-06-16
Southern Steer Butcher,Lakeway,TX,,butchers,small_market_local_dominance,https://do512family.com/butcher-shops-craft-meats-in-austin/,Craft butcher serving the Lakeway/Austin area listed among top local craft meat shops,2026-06-16
Smoke Shack Meat Market,San Antonio,TX,smokeshackdelicatexan.com,butchers,press_awards_recent_momentum,https://www.texasmonthly.com/bbq/making-sausages-game-changer-smoke-shack/,"Texas Monthly-cited meat market sourcing 90% locally including whole hogs, Peeler Ranch Wagyu and house-made sausage; Slow Food member",2026-06-16
Bolner's Grocery & Meat Market,San Antonio,TX,,butchers,best_of_city_list,https://www.tripadvisor.com/Restaurant_Review-g60956-d1134605-Reviews-Bolner_s_Grocery_Meat_Market-San_Antonio_Texas.html,"San Antonio butcher praised for aged beef, locally produced meats and home-ground sausages plus Wagyu hot dogs",2026-06-16
Schotts Meat Market,San Antonio,TX,schottsmeatmarket.com,butchers,small_market_local_dominance,https://www.schottsmeatmarket.com/,Old-school San Antonio butcher known for house-made beef jerky and dried sausage,2026-06-16
Mertz Sausage Co,San Antonio,TX,mertzsausage.com,butchers,small_market_local_dominance,https://www.mertzsausage.com/,San Antonio sausage maker since 1929 using premium natural ingredients,2026-06-16
Opa's Smoked Meats,Fredericksburg,TX,opassmokedmeats.com,butchers,small_market_local_dominance,https://opassmokedmeats.com/pages/our-story,Hill Country German smokehouse since 1947 producing premium smoked sausage from authentic German recipes,2026-06-16
Granzin's Meat Market,New Braunfels,TX,granzins.com,butchers,small_market_local_dominance,https://granzins.com/,Old-fashioned Hill Country market slaughtering its own hogs and cattle; makes all sausage and bacon in-house including famous dried sausage,2026-06-16
Rust's Meat Market,New Braunfels,TX,,butchers,small_market_local_dominance,https://texashighways.com/food-drink/opa-s-smokehouse-in-fredericksburg/,Historic New Braunfels meat market smoking sausage in a brick German smokehouse using 1800s-era methods,2026-06-16
Eckermann's Meat Market,College Station,TX,,butchers,small_market_local_dominance,https://www.texasrealfood.com/zip/college-station-77840/butchers/,Family meat market established 1961 serving the Bryan/College Station area,2026-06-16
Champs Meat Market,Corpus Christi,TX,champsmeatmarket.com,butchers,small_market_local_dominance,https://champsmeatmarket.com/,"Calallen/Corpus Christi butcher working directly with ranches for custom cuts of beef, pork, chicken and turkey",2026-06-16
Raising 'em Right,Beeville,TX,raisingemrightbeef.com,butchers,small_market_local_dominance,https://raisingemrightbeef.com/,Ranch-to-table pasture-raised beef with a local butcher shop in Beeville plus pickup (farm retail/share),2026-06-16
Country Meat Market,Fort Worth,TX,,butchers,best_of_city_list,https://www.yelp.com/search?find_desc=Butcher+Shop&find_loc=Fort+Worth%2C+TX,Top-rated Fort Worth butcher shop,2026-06-16
Prolific Butcher Shop,Fort Worth,TX,,butchers,best_of_city_list,https://www.yelp.com/search?find_desc=Butcher+Shop&find_loc=Fort+Worth%2C+TX,Craft butcher among Fort Worth's top-rated meat shops,2026-06-16
Burgundy's Local,Fort Worth,TX,,butchers,best_of_city_list,https://www.yelp.com/search?find_desc=Butcher+Shop&find_loc=Fort+Worth%2C+TX,Local-focused Fort Worth butcher and grocer among top-rated shops,2026-06-16
Roy Pope Grocery & Market,Fort Worth,TX,,butchers,best_of_city_list,https://www.yelp.com/search?find_desc=Butcher+Shop&find_loc=Fort+Worth%2C+TX,Longtime Fort Worth grocery and full-service meat market among top butcher listings,2026-06-16
Texas Slabs,Fort Worth,TX,,butchers,best_of_city_list,https://www.yelp.com/search?find_desc=Butcher+Shop&find_loc=Fort+Worth%2C+TX,Fort Worth craft meat shop listed among top butchers,2026-06-16
Patterson Ranch,Whiteface,TX,pattersonranch.net,butchers,small_market_local_dominance,https://pattersonranch.net/,Multi-generational Lubbock-area beef ranch selling direct (farm retail/share),2026-06-16
Western Daughters,Denver,CO,westerndaughters.square.site,butchers,best_of_city_list,https://303magazine.com/2018/09/denver-butchers/,"Denver's only whole-animal butcher in the Highlands, beef dry-aged 21 days, sourced within 250 miles",2026-06-16
Marczyk Fine Foods,Denver,CO,marczykfinefoods.com,butchers,best_of_city_list,https://marczykfinefoods.com/meat-seafood,"Neighborhood market regarded as one of the area's finest butchers, all in-house cutting with expert butcher",2026-06-16
Continental Sausage,Denver,CO,,butchers,best_of_city_list,https://www.yelp.com/search?find_desc=sausage+casing&find_loc=Denver%2C+CO,Denver house-made sausage and charcuterie maker listed among top meat shops,2026-06-16
Leevers Locavore,Denver,CO,,butchers,best_of_city_list,https://www.westword.com/restaurants/olivers-meats-denver-open-100-years-18049230,Denver local-focused market with full butcher program cited among notable Denver butcher shops,2026-06-16
The Boar and Bull,Loveland,CO,,butchers,small_market_local_dominance,https://thegroupinc.com/our-communities/locally-raised-eggs-meat-noco/,Downtown Loveland butcher shop and tavern open since 2014,2026-06-16
Jodar Farms,Fort Collins,CO,jodarfarms.com,butchers,small_market_local_dominance,https://www.jodarfarms.com/,Pasture-based farm selling beef and eggs via CSA membership (farm retail/share): beef offered through summer and winter CSA,2026-06-16
Ranch Foods Direct,Colorado Springs,CO,,butchers,small_market_local_dominance,https://www.cobeef.com/cooking/local-beef-directory,Two Colorado Springs locations selling locally sourced meats from the founder's own cattle farm (farm retail/share),2026-06-16
The Prime Cut Co,Colorado Springs,CO,theprimecutcos.com,butchers,small_market_local_dominance,https://www.theprimecutcos.com/,Independent Colorado Springs butcher shop,2026-06-16
Sunnyside Farms Market,Durango,CO,sunnysidefarmsmarket.com,butchers,small_market_local_dominance,https://sunnysidefarmsmarket.com/,"Durango butcher counter stocked with pasture-raised beef, pork and lamb cuts plus house-crafted specialty meats (farm retail/share)",2026-06-16
Beltex Meats,Salt Lake City,UT,,butchers,best_of_city_list,https://gastronomicslc.com/the-best-butcher-shops-in-utah/,Considered Utah's best specialty butcher; custom whole-animal shop sourcing only humanely pasture-raised antibiotic-free animals,2026-06-16
Heber Valley Meat,Heber City,UT,hebervalleymeat.com,butchers,press_awards_recent_momentum,https://www.hebervalleymeat.com/,Wasatch Back's premier butcher specializing in full-carcass butchering; won Best of State for Meat Products,2026-06-16
Springville Meat & Cold Storage,Springville,UT,,butchers,small_market_local_dominance,https://www.yelp.com/search?cflt=butcher&find_loc=Provo%2C+UT,"Family-owned since 1922 with grass-fed beef from local ranchers, heritage-breed pork, free-range poultry cut to order and slow-smoked signature sausages",2026-06-16
Ream's Springville Market,Springville,UT,,butchers,small_market_local_dominance,https://www.yelp.com/search?cflt=butcher&find_loc=Provo%2C+UT,Gourmet grocery with full-service butcher counter offering dry-aged steaks and house-made charcuterie like soppressata and summer sausage,2026-06-16
Beck & Bulow,Santa Fe,NM,beckandbulow.com,butchers,best_of_city_list,https://www.beckandbulow.com/pages/santa-fe-butcher-shop,"Santa Fe specialty butcher focused on grass-fed free-roaming bison plus elk, wild boar and lamb, partnering with small local ranches",2026-06-16
Dr. Field Goods Butcher Shop,Santa Fe,NM,,butchers,best_of_city_list,https://www.yelp.com/search?find_desc=Butcher&find_loc=Santa+Fe%2C+NM,Santa Fe butcher shop and bakery cited among top Santa Fe butchers,2026-06-16
Sweet Mercy Farms,Albuquerque,NM,sweetmercyfarms.com,butchers,small_market_local_dominance,https://www.sweetmercyfarms.com/,"Family farm offering grass-fed/finished beef, heritage pork and pastured chicken sold direct (farm retail/share)",2026-06-16
Arcadia Meat Market,Phoenix,AZ,arcadiameatmarket.com,butchers,press_awards_recent_momentum,https://thebutchersguide.com/shops/arcadia-meat-market/,"Whole-animal butchery led by second-gen master butcher, dry-ages cuts minimum 30 days, all Arizona pasture-raised; offers 30-lb grass-fed beef share (farm retail/share)",2026-06-16
The Meat Shop,Phoenix,AZ,,butchers,best_of_city_list,https://www.phoenixnewtimes.com/best-of/2023/food-and-drink/best-butcher-shop-17222096,"Phoenix New Times Best Butcher Shop; grass-fed beef, locally raised free-range chicken, open-range veal and pasture-raised lamb",2026-06-16
Proper Meats + Provisions,Flagstaff,AZ,,butchers,small_market_local_dominance,https://www.goodfoodfinderaz.com/blog/2023/6/29/elevate-your-grill-game-where-to-purchase-local-meat-amp-other-grilling-favorites,Arizona's only exclusively local whole-animal butcher shop and deli; humanely and sustainably farm-raised meats,2026-06-16
Houghton Meat Market,Tucson,AZ,,butchers,best_of_city_list,https://www.yelp.com/search?find_desc=Butcher+Shop&find_loc=Tucson%2C+AZ,Tucson butcher shop cited among the city's top meat markets,2026-06-16
Daniel's Gourmet Meats,Bozeman,MT,danielsgourmetmeats.com,butchers,press_awards_recent_momentum,https://ediblebozeman.com/local-guides/local-meats/,"Family-owned artisan market run by third-gen butcher; hand-cut naturally smoked small-batch charcuterie, local grass-fed and Prime meats",2026-06-16
Montana City Meats,Helena,MT,montanacitymeats.com,butchers,small_market_local_dominance,https://www.montanacitymeats.com/,"Helena Valley's top-reputation butcher finishing animals on grass and alfalfa, selling cuts and whole animals (farm retail/share)",2026-06-16
ST Bar Ranch,Bozeman,MT,,butchers,small_market_local_dominance,https://www.yelp.com/search?find_desc=butcher+shop&find_loc=Bozeman%2C+MT,"Family-owned ranch ethically raising natural hormone-free beef, selling quarter/whole animals delivered (farm retail/share)",2026-06-16
Whalen's Meat Packing,Bozeman,MT,,butchers,small_market_local_dominance,https://www.yelp.com/search?cflt=meats&find_loc=Bozeman%2C+MT,Bozeman-area butcher and meat packing operation cited among top local meat shops,2026-06-16
Pintler Mountain Beef,Missoula,MT,pintlermountainbeef.com,butchers,small_market_local_dominance,https://pintlermountainbeef.com/,"Cattle raised humanely without hormones or antibiotics, grass-fed and grass-finished beef sold direct (farm retail/share)",2026-06-16
Wickens Ranch,Bozeman,MT,wickensranch.com,butchers,small_market_local_dominance,https://wickensranch.com/,Local Montana beef ranch selling direct (farm retail/share),2026-06-16
Porterhouse Market,Eagle,ID,porterhousemarket.com,butchers,small_market_local_dominance,https://www.porterhousemarket.com/,"Eagle butcher since 2000 featuring all-natural Northwest-raised meats, fresh seafood and curated meat-and-cheese plates",2026-06-16
Meridian Meat & Sausage,Meridian,ID,,butchers,small_market_local_dominance,https://butcherbud.com/butcher-shops/idaho/boise,Boise-area butcher and sausage maker cited among top local meat shops,2026-06-16
McIntyre Family Farms,Boise,ID,mcintyrefamilyfarms.com,butchers,small_market_local_dominance,https://mcintyrefamilyfarms.com/,"Pasture-raised meats with no antibiotics or hormones, sold via delivery/pickup across the Treasure Valley (farm retail/share)",2026-06-16
Cunningham Pastured Meats,Boise,ID,cunninghampasturedmeats.com,butchers,small_market_local_dominance,https://cunninghampasturedmeats.com/,Small family business offering pasture-raised meats since 2013 with Boise-area delivery (farm retail/share),2026-06-16
Rhett's Meat Market,Oklahoma City,OK,,butchers,best_of_city_list,https://butcherbud.com/butcher-shops/oklahoma/oklahoma-city,Oklahoma City butcher cited among the city's top meat shops,2026-06-16
Alex Rogers Meat Market and Processing,Oklahoma City,OK,,butchers,small_market_local_dominance,https://butcherbud.com/butcher-shops/oklahoma/oklahoma-city,OKC butcher and processor cited among top local meat shops,2026-06-16
The Butchers Block Meat Market,Oklahoma City,OK,,butchers,best_of_city_list,https://butcherbud.com/butcher-shops/oklahoma/oklahoma-city,OKC butcher cited among the city's top meat shops,2026-06-16
Cossey's Custom Cut Meats,Oklahoma City,OK,,butchers,small_market_local_dominance,https://www.yelp.com/search?find_desc=Butcher+Shop&find_loc=Oklahoma+City%2C+OK,OKC custom-cut butcher cited among top local meat shops,2026-06-16
Wild Country Meats,Cleveland,OK,wildcountrymeats.com,butchers,small_market_local_dominance,https://www.wildcountrymeats.com/meat-market-tulsa/,"Custom processor and meat market offering whole/half beef shares of beef, pork, buffalo, lamb and goat delivered to Tulsa and OKC metros (farm retail/share)",2026-06-16
Tallgrass Heritage,Tulsa,OK,tallgrassheritage.com,butchers,small_market_local_dominance,https://www.tallgrassheritage.com/,"Family ranch grass-fed/grass-finished beef partnering with artisanal butchers using traditional dry-aging, sold direct (farm retail/share)",2026-06-16
Chug Springs Butchery,Casper,WY,chugspringsbutcheryllc.com,butchers,small_market_local_dominance,https://www.chugspringsbutcheryllc.com/butcher-shop-casper-wy,Wyoming butcher shop with Casper and Cheyenne locations,2026-06-16
Cowboy State Custom Meats,Casper,WY,,butchers,small_market_local_dominance,https://www.yelp.com/search?cflt=butcher&find_loc=Casper%2C+WY,Casper custom butcher cited among the area's top meat shops,2026-06-16
Grazing Hills Ranch,Casper,WY,,butchers,small_market_local_dominance,https://www.yelp.com/search?cflt=butcher&find_loc=Casper%2C+WY,Casper-area ranch selling meat direct cited among top local butchers (farm retail/share),2026-06-16
Kennebec Meat Company,Bath,ME,,butchers,best_of_city_list,https://mainstreetmaine.org/listing/kennebec-meat-company-bath-me/,Downtown Bath whole-animal butchery sourcing locally from Maine farms,2026-06-16
The Flying Butcher,Amherst,NH,https://www.theflyingbutcher.com/butcher-shop,butchers,best_of_city_list,https://www.theflyingbutcher.com/butcher-shop,"Premier NH butcher offering top-choice-or-higher beef, non-GMO poultry and 60% local brews",2026-06-16
Tuckaway Butchery,Raymond,NH,https://www.tuckaway.com/,butchers,press_awards_recent_momentum,https://www.tuckaway.com/,"Region's highest-quality specialty meat shop with 20+ hand-crafted sausages, run by two-time Guy's Grocery Games champion",2026-06-16
Butcher & Pantry,Brownsville,VT,https://www.butcherandpantry.com/,butchers,best_of_city_list,https://www.butcherandpantry.com/,"Whole-animal butcher sourcing entire animals from local VT farms, heritage pork and house-made sausages",2026-06-16
Morgan Brook Farm,Westford,VT,https://www.morganbrookfarmvt.com/our-butchers,butchers,small_market_local_dominance,https://www.morganbrookfarmvt.com/our-butchers,farm retail/share - on-farm Wagyu butcher shop raising pasture-raised cattle through their entire lifespan,2026-06-16
The Village Butcher,Woodstock,VT,https://www.thevillagebutchervt.com/,butchers,best_of_city_list,https://www.thevillagebutchervt.com/gallery-3,"Old-world style butchery, cut-and-grind-to-order, locally sourced humanely raised GMO-free meats",2026-06-16
Jacuterie,Ancramdale,NY,,butchers,press_awards_recent_momentum,https://hvmag.com/food/hudson-valley-butcher-shops/,"European-style charcuterie from Herondale Farm, salami aged five weeks in custom curing chambers",2026-06-16
Campbell Meats,Mount Kisco,NY,,butchers,best_of_city_list,https://westchestermagazine.com/food/meat-butchers-westchester/,Craft butcher with sustainable whole-animal approach and housemade charcuterie from Hudson Valley purveyors,2026-06-16
Fleisher's,Kingston,NY,,butchers,existing_club_transition,https://hvmag.com/food/hudson-valley-butcher-shops/,"Flagship grass-fed/organic butcher carrying pasture-raised beef, heritage pork from local NY farms; offers shares",2026-06-16
Quattro's Farm Store,Pleasant Valley,NY,,butchers,small_market_local_dominance,https://hvmag.com/food/hudson-valley-butcher-shops/,farm retail/share - Dutchess County farm store/butcher selling own pasture-raised poultry and game,2026-06-16
Meat Wagon,Kingston,NY,https://www.chronogram.com/food-drink/meat-wagon-whole-animal-butcher-shop-kingston-12283493/,butchers,press_awards_recent_momentum,https://www.chronogram.com/food-drink/meat-wagon-whole-animal-butcher-shop-kingston-12283493/,Midtown Kingston whole-animal butcher shop,2026-06-16
Hemlock Hill Farm,Cortlandt Manor,NY,,butchers,small_market_local_dominance,https://hvmag.com/food/hudson-valley-butcher-shops/,"farm retail/share - family farm with butcher shop selling own pasture-raised beef, pork, lamb and poultry",2026-06-16
Scott's Five Star Meat Center,Commack,NY,,butchers,press_awards_recent_momentum,https://www.patch.com/new-york/commack/scotts-five-star-meat-center-commack-named-best-butcher-li,Named Best Butcher on Long Island in 2025 FourLeaf Best of LI Awards,2026-06-16
Prime Time Butcher,Hauppauge,NY,https://orderprimetime.com/,butchers,seasonal_preorder_calendar,https://orderprimetime.com/shop-thanksgiving/,LI butcher with dry-aged prime standing rib roast and Thanksgiving turkey-roast preorders,2026-06-16
Thoma Meats,Saxonburg,PA,,butchers,small_market_local_dominance,https://www.pittsburghmagazine.com/pittsburghs-essential-butcher-shops-and-meat-counters/,77-year-old western PA butcher and USDA processing facility,2026-06-16
Fisher's Butcher Shop,Ronks,PA,,butchers,small_market_local_dominance,https://justplainbusiness.com/fishers-butcher-shop/,Lancaster County PA Dutch-country butcher shop,2026-06-16
Rocky Ridge Meats,Elizabethtown,PA,,butchers,small_market_local_dominance,https://reallancastercounty.com/rocky-ridge-meats/,"Lancaster County custom pork processor making sausages, scrapple, kielbasa, smoked ham",2026-06-16
Karl Ehmer Allentown,Allentown,PA,https://www.karlehmerallentown.com/,butchers,small_market_local_dominance,https://www.discoverlehighvalley.com/blog/meet-the-best-butchers-of-lehigh-valley/,Third-generation German/Austrian/Hungarian butcher since 1975 with imported specialties,2026-06-16
Clover Farm Fine Meats,Allentown,PA,https://www.cloverburgers.com/bethlehem,butchers,best_of_city_list,https://www.discoverlehighvalley.com/blog/meet-the-best-butchers-of-lehigh-valley/,"Oldest butchery at Allentown Fairground Farmer's Market, 31 specialty burgers and fine meats",2026-06-16
Oravec's,Bethlehem,PA,,butchers,best_of_city_list,https://www.discoverlehighvalley.com/blog/meet-the-best-butchers-of-lehigh-valley/,Regarded among the best Lehigh Valley butcher shops,2026-06-16
Warrington Farm Meats,Warrington,PA,,butchers,small_market_local_dominance,https://www.yellowpages.com/harrisburg-pa/butcher-shops,farm retail/share - 34-year tradition of finest local beef and pork in South Central PA,2026-06-16
Carey & Schnalzer Quality Meats,Harrisburg,PA,,butchers,small_market_local_dominance,https://www.yellowpages.com/harrisburg-pa/butcher-shops,"farm retail/share - order an entire cow or pig share of PA-raised, house-butchered meat",2026-06-16
Arnie's Gourmet,Cherry Hill,NJ,https://www.arniesgourmet.com/,butchers,best_of_city_list,https://www.arniesgourmet.com/,"Butcher shop & culinaria offering dry-aged beef, organic poultry and American lamb",2026-06-16
Wagner's Meats & Mt. Airy Locker Co,Mount Airy,MD,https://www.wagnersmeats.com/,butchers,small_market_local_dominance,https://www.wagnersmeats.com/,"Full-service butcher since 1953 processing beef, pork, lamb and goat; sides and quarters",2026-06-16
J.W. Treuth & Sons,Catonsville,MD,https://www.jwtreuth.com/,butchers,small_market_local_dominance,https://www.jwtreuth.com/,Long-standing Catonsville full-service butcher,2026-06-16
Bostrom Farms,Stanley,NY,https://bostromfarms.com/,butchers,small_market_local_dominance,https://bostromfarms.com/,farm retail/share - Finger Lakes butcher shop dedicated to local farmers and locally-raised meat,2026-06-16
Lipman's Kosher Market,Rochester,NY,,butchers,small_market_local_dominance,https://www.tripadvisor.com/Restaurant_Review-g48503-d10760305-Reviews-Lipman_s_Kosher_Market-Rochester_Finger_Lakes_New_York.html,"Since 1947, quality free-range/all-natural/organic kosher meats across Upstate NY",2026-06-16
Buckley Farm,Ballston Spa,NY,https://www.buckleyfarm.com/,butchers,small_market_local_dominance,https://www.buckleyfarm.com/organic-butcher-shop-and-store-in-the-ballston-saratoga-springs-albany-and-capital-region/,"farm retail/share - 300-acre farm with onsite farm store, butcher, cafe and smokehouse; grassfed beef and pastured pork",2026-06-16
Oscar's Adirondack Smokehouse,Warrensburg,NY,https://oscarsadksmokehouse.com/,butchers,small_market_local_dominance,https://oscarsadksmokehouse.com/,70+ years making 159 hand-made smoked meats and cheeses in the Adirondacks,2026-06-16
Smoke House of the Catskills,Saugerties,NY,,butchers,best_of_city_list,https://wanderlog.com/place/details/4179269/smoke-house-of-the-catskills,"Old-fashioned butcher shop with house salami, capicola, double-smoked bacon and German sausages",2026-06-16
Fiamma Pork Store,Hawthorne,NY,,butchers,best_of_city_list,https://westchestermagazine.com/food/meat-butchers-westchester/,"Westchester pork store making own pancetta, capocollo, guanciale and hand-cranked sausages",2026-06-16
Village Prime Meats,Larchmont,NY,,butchers,press_awards_recent_momentum,https://westchestermagazine.com/food/meat-butchers-westchester/,Three-time Best of Westchester winner with organic chicken and dry-aged rack of lamb,2026-06-16
Charles and Co.,Yorktown Heights,NY,,butchers,best_of_city_list,https://westchestermagazine.com/food/meat-butchers-westchester/,Three-decade Old Country butcher specializing in Irish bacon and house-made pork and leek sausage,2026-06-16
Crisfield's Prime Meats,Pleasantville,NY,,butchers,small_market_local_dominance,https://westchestermagazine.com/food/meat-butchers-westchester/,"Three-generation, 100-year-old butcher making 10 varieties of sausage on premises without preservatives",2026-06-16
Sutter Meats,Northampton,MA,https://suttermeats.com/,butchers,best_of_city_list,https://suttermeats.com/butchers/,"Nose-to-tail whole-animal butcher sourcing from family farms; in-house sausage, charcuterie, smoked meats",2026-06-16
Rhody Butcher,Bristol,RI,https://www.rhodybutcher.com/meat-share,butchers,small_market_local_dominance,https://www.rhodybutcher.com/meat-share,"farm retail/share - whole-animal butchers offering monthly shares of hand-cut local beef, pork and lamb from vetted small farms",2026-06-16
Westerly Packing,Westerly,RI,https://www.westerlypacking.com/Farm-Raised.php,butchers,small_market_local_dominance,https://www.westerlypacking.com/Farm-Raised.php,"farm retail/share - butcher to the RI Livestock Association, raises own beef and pigs, sells whole/half",2026-06-16
Blackbird Farm,Smithfield,RI,,butchers,small_market_local_dominance,https://www.yelp.com/search?find_desc=Butcher+Shop&find_loc=Providence%2C+RI,farm retail/share - RI farm-direct Angus beef and Berkshire pork,2026-06-16
Delfiore Pork Store,Marlboro,NJ,https://www.delfioreporkstore.com/,butchers,best_of_city_list,https://www.delfioreporkstore.com/,Italian pork store making house soppressata (sweet/spicy) aged ~3 weeks with natural casing,2026-06-16
Herondale Farm,Ancramdale,NY,https://www.herondalefarm.com/,butchers,small_market_local_dominance,https://www.herondalefarm.com/weekend-market,farm retail/share - family farm with weekend market offering monthly grass-fed/pasture-raised beef/pork/lamb/chicken shares (20/15/10 lb),2026-06-16
Kinderhook Farm,Ghent,NY,https://kinderhookfarm.square.site/,butchers,small_market_local_dominance,https://kinderhookfarm.square.site/product/meatshare/18,"farm retail/share - farm store with finished-beef cuts and whole/half beef, plus meat-share CSA",2026-06-16
Glynwood Farm Store,Cold Spring,NY,https://glynwood.grazecart.com/,butchers,small_market_local_dominance,https://glynwood.grazecart.com/meat-eggs-csa,"farm retail/share - farm store offering Meat CSA of 10-12 lbs seasonal pasture-raised beef, chicken, lamb, pork (June-Nov)",2026-06-16
Chaseholm Farm,Pine Plains,NY,,butchers,small_market_local_dominance,https://ediblehudsonvalley.com/hudson-valley-csa-directory/,farm retail/share - Holm Goods meat CSA with multiple Hudson Valley pickup locations,2026-06-16
Fishkill Farms,Hopewell Junction,NY,,butchers,small_market_local_dominance,https://ediblehudsonvalley.com/hudson-valley-csa-directory/,farm retail/share - meat CSA with pickup in Hopewell Junction,2026-06-16
Roxbury Farm,Kinderhook,NY,https://www.roxburyfarm.com/meatorders,butchers,small_market_local_dominance,https://www.roxburyfarm.com/meatorders,farm retail/share - online store of grass-fed and pastured meats,2026-06-16
Sorriso,Astoria,NY,,butchers,best_of_city_list,https://www.yelp.com/search?find_desc=Soppressata&find_loc=Brooklyn%2C+NY,"Old-school Astoria Italian pork store with homemade mozzarella, sausages and soppressata",2026-06-16
The Butcher's Block,Long Branch,NJ,https://thebutchersblocknj.com/,butchers,seasonal_preorder_calendar,https://thebutchersblocknj.com/products/bone-in-ribeye-roast,USDA Prime Creekstone bone-in rib roast aged up to 21 days with preferred-pickup-date holiday preorder,2026-06-16
Hind and Fore,Bridgewater,NJ,https://www.hindandfore.com/,butchers,small_market_local_dominance,https://www.hindandfore.com/,"Since 1962, USDA Prime beef, Penn Dutch pork, Colorado lamb and house-made artisan sausages with no fillers",2026-06-16
Hometown Hills Farm,Long Valley,NJ,https://hometownhillsfarm.com/,butchers,small_market_local_dominance,https://hometownhillsfarm.com/grass-fed-beef-shares-for-morris-county-nj/,"farm retail/share - 100% grass-fed pasture-raised beef shares with premium steaks, roasts, ground, bones/organs",2026-06-16
Meat Things,Phoenicia,NY,,butchers,small_market_local_dominance,https://www.phoeniciafarmersmarket.com/vendors,"farm retail/share - whole-animal butcher sourcing local NY farms; offers custom-cut, vacuum-sealed meat shares",2026-06-16
Woodstock Meats,Woodstock,NY,,butchers,best_of_city_list,https://www.yelp.com/search?cflt=meats&find_loc=Catskill%2C+NY+12414,Community butcher in Woodstock NY,2026-06-16
Catskill Packing,Catskill,NY,https://catskillpacking.com/,butchers,small_market_local_dominance,https://catskillpacking.com/pages/butcher-shop-new-york,Slaughterhouse and butcher shop serving the Catskills region,2026-06-16
The Village Shoppe,Saint Michaels,MD,,butchers,small_market_local_dominance,https://www.yelp.com/search?find_desc=Butcher+Shop&find_loc=Easton%2C+MD,"Whole-animal butcher sourcing beef/pork/lamb within 50 miles; house hot dogs, sausages, pates, scrapple",2026-06-16
Forest Pork Store,Huntington Station,NY,,butchers,small_market_local_dominance,https://www.tripadvisor.com/Restaurant_Review-g47941-d9567946-Reviews-Forest_Pork_Store-Huntington_Station_Long_Island_New_York.html,Long-standing German pork store on Long Island,2026-06-16
Babylon Village Meat Market,Babylon,NY,https://www.babylonvillagemeatmarket.com/,butchers,best_of_city_list,https://www.babylonvillagemeatmarket.com/,In-store dry-aged prime meat butcher shop,2026-06-16
A&S Fine Foods,Huntington,NY,https://www.asfinefoodshuntington.com/about-us/butcher-shop/,butchers,best_of_city_list,https://www.asfinefoodshuntington.com/about-us/butcher-shop/,"Italian butcher with regional meats: lamb/pork sausage, rabbit, quail, braciole, osso buco",2026-06-16
C&C Meat Market,Huntington,NY,https://www.ccmeatmarket.com/,butchers,small_market_local_dominance,https://www.ccmeatmarket.com/,Family-owned full-service butcher and deli with fine cuts and specialty meats on LI,2026-06-16
Palmer's Quality Meats,Wall Township,NJ,,butchers,best_of_city_list,https://wrat.com/listicle/get-your-grill-on-with-these-jersey-shore-butchers-this-holiday-weekend/,"Locally sourced nose-to-tail butcher working directly with farmers; grass-fed beef, heritage pork, organic chicken",2026-06-16
Dutch Hill Farm Market & Meat Shoppe,Howell,NJ,,butchers,small_market_local_dominance,https://www.yelp.com/search?find_desc=butcher+shop&find_loc=Red+Bank%2C+NJ+07701,farm retail/share - farm market and meat shoppe at the Jersey Shore,2026-06-16
Smith Family Farm,Brattleboro,VT,https://smithfamilymeats.com/,butchers,small_market_local_dominance,https://smithfamilymeats.com/,"farm retail/share - beef and pork by the cut at farm store plus CSA shares and bulk preorders, USDA-inspected",2026-06-16
Maple Wind Farm,Richmond,VT,https://www.maplewindfarm.com/,butchers,small_market_local_dominance,https://www.maplewindfarm.com/pages/our-csa-model,farm retail/share - grass-fed beef and pastured pork/chicken/turkey with meat CSA model and farm pickup,2026-06-16
Jericho Settlers Farm,Jericho,VT,http://www.jerichosettlersfarm.com/,butchers,small_market_local_dominance,http://www.jerichosettlersfarm.com/,"farm retail/share - 100% grass-fed beef, pasture-raised pork/chicken sold as Meat CSA or cuts at farmstand",2026-06-16
Rebop Farm,Brattleboro,VT,https://www.rebopfarm.com/meat-csa,butchers,small_market_local_dominance,https://www.rebopfarm.com/meat-csa,"farm retail/share - meat CSA of pork, lamb, beef, rose veal and chicken with holiday turkey/ham option",2026-06-16
Bleecker & Greer,Rockport,ME,https://www.mainemeat.com/,butchers,press_awards_recent_momentum,https://www.pressherald.com/2022/10/09/let-the-whole-animal-butchers-who-are-flourishing-in-maine-introduce-you-to-something-new/,"Nose-to-tail daily butchery (formerly Maine Street Meats) using whole Maine-raised animals for cuts, sausage, stock",2026-06-16
Riverside Butcher Shop,Damariscotta,ME,,butchers,small_market_local_dominance,https://www.pressherald.com/2022/10/09/let-the-whole-animal-butchers-who-are-flourishing-in-maine-introduce-you-to-something-new/,Main Street Damariscotta butcher shop opened 2017,2026-06-16
The Butcher & Bakers,Brunswick,ME,,butchers,small_market_local_dominance,https://www.yelp.com/search?find_desc=Butcher+And+Baker&find_loc=Brunswick%2C+ME,Brunswick ME butcher with meat-cutting partner Steven Campbell,2026-06-16
Shady Fox Farm,Doylestown,PA,https://www.shadyfoxfarm.com/,butchers,small_market_local_dominance,https://www.shadyfoxfarm.com/,"farm retail/share - 100% grass-fed beef, pastured pork/chicken with subscription offerings",2026-06-16
Ironstone Spring Farm,Lancaster,PA,https://www.ironstonespringfarm.com/grass-fed-beef/,butchers,small_market_local_dominance,https://www.ironstonespringfarm.com/grass-fed-beef/,"farm retail/share - grass-fed beef cut to spec, individually packaged, pickup at farm or butcher",2026-06-16
Rocky Ridge Farm,Lehighton,PA,https://rocky-ridgefarm.com/,butchers,small_market_local_dominance,https://rocky-ridgefarm.com/,"farm retail/share - beyond-organic pasture-raised meat sold as cuts, boxes, or whole cows/pigs with farm pickup",2026-06-16
Overlook Farm,Saxonburg,PA,,butchers,small_market_local_dominance,https://www.visitpittsburgh.com/restaurants-culinary/farms-farmers-markets/pittsburgh-farm-fresh-meats/,"farm retail/share - grass-fed Angus/Hereford/Shorthorn dry-aged ~2 weeks, sold by quarter/half/whole at on-farm butcher shop",2026-06-16
The Piggery,Ithaca,NY,https://thepiggery.net/,butchers,small_market_local_dominance,https://thepiggery.net/,farm retail/share - butcher shop using locally-sourced meat and raising some of their own pigs,2026-06-16
Just a Few Acres,Lansing,NY,,butchers,small_market_local_dominance,https://ccetompkins.org/agriculture/buy-local/local-meats,"farm retail/share - seventh-generation farm hand-raising poultry, pork and beef sold direct",2026-06-16
Schrader Farms Meat Market,Romulus,NY,https://www.schrader-farms-meat-market.com,butchers,small_market_local_dominance,https://www.schrader-farms-meat-market.com,farm retail/share - Central NY farm meat market,2026-06-16
Autumn's Harvest Farm,Romulus,NY,https://autumnsharvestfarmpasturedmeats.com/,butchers,small_market_local_dominance,https://autumnsharvestfarmpasturedmeats.com/,"farm retail/share - local grass-fed-and-finished beef, pastured chicken and pork",2026-06-16
Clagett Farm,Upper Marlboro,MD,https://clagettcsasales.org/grassfedmeat,butchers,small_market_local_dominance,https://clagettcsasales.org/grassfedmeat,farm retail/share - 100% grass-fed bulk beef in 25/50/100-lb shares processed at Bowman's Butcher Shop,2026-06-16
Wilson Dowell Farms,Owings,MD,https://wilsondowellfarms.com/grass-fed-beef,butchers,small_market_local_dominance,https://wilsondowellfarms.com/grass-fed-beef,"farm retail/share - dry-aged grass-fed beef in whole/side/quarter shares, USDA-processed and vacuum-sealed",2026-06-16
Evermore Farm,Westminster,MD,https://evermorefarm.com/our-products/,butchers,small_market_local_dominance,https://evermorefarm.com/our-products/,farm retail/share - grass-fed beef and pork via CSA shares in four-month increments,2026-06-16
Genuine Food Company,Baltimore,MD,https://genuinefoodmd.com/,butchers,small_market_local_dominance,https://genuinefoodmd.com/meat-share-csa-baltimore-county-md/,farm retail/share - flexible meat-share CSA (19-21 lb full share) with delivery or pickup,2026-06-16
Union Pork Store,Union,NJ,,butchers,small_market_local_dominance,https://njmonthly.com/articles/jersey-living/specialty-shops-in-the-garden-state/,German pork store since 1947 with house-made products,2026-06-16
A&C Pork Store,Paterson,NJ,https://www.acporkstore.com/,butchers,small_market_local_dominance,https://www.acporkstore.com/,Italian pork store making its own sausages and mozzarella,2026-06-16
Bella Italia Pork Store,Jackson,NJ,https://www.bellaitaliajackson.com/,butchers,best_of_city_list,https://www.bellaitaliajackson.com/,Italian pork store and catering with house-made Italian meats,2026-06-16
Bagliani's Market,Brick,NJ,https://www.baglianis.com/homemade-italian-sausage/,butchers,small_market_local_dominance,https://www.baglianis.com/homemade-italian-sausage/,Italian market making homemade Italian sausage,2026-06-16
Gaiss Market,Lewes,DE,,butchers,small_market_local_dominance,https://decorhint.com/delaware-butcher-shops-known-for-high-quality-cuts/,Consistently top-ranked Delaware butcher with dry-aged ribeyes and tomahawks and custom charcuterie/fresh sausage,2026-06-16
Springfield Butcher,Springfield,VA,https://www.springfieldbutcher.com/,butchers,best_of_city_list,https://www.springfieldbutcher.com/,DC-area full-service butcher shop,2026-06-16
The Hungarian Butcher,Columbus,OH,,butchers,best_of_city_list,https://columbuschronicle.org/best-butcher-in-columbus,"Praised as Columbus's best for house-made Hungarian sausage, spicy smoked sausage, brats and custom sausages",2026-06-16
Weiland's Market,Columbus,OH,https://www.weilandsmarket.com,butchers,best_of_city_list,https://www.yelp.com/search?cflt=butcher&find_loc=Columbus%2C+OH,"Started as a neighborhood butcher shop; full-service case with beef, pork, poultry, veal, lamb cut to order and can special-order whole hogs",2026-06-16
Carfagna's,Columbus,OH,https://carfagnas.com,butchers,best_of_city_list,https://carfagnas.com/about-carfagnas/,"80-year Italian market with full butcher shop, house Italian sausage and curation identity",2026-06-16
Thurn's,Columbus,OH,,butchers,small_market_local_dominance,https://en.wikipedia.org/wiki/Thurn%27s,Long-running Columbus German butcher known for house-made smoked meats and sausage,2026-06-16
LK,Cincinnati,OH,https://www.lkfindlaymarket.com,butchers,press_awards_recent_momentum,https://www.lkfindlaymarket.com/about,"Findlay Market butcher offering 58+ varieties of handcrafted sausage, smoked meats and fresh pork; founders trained at Eckerlin",2026-06-16
Eckerlin Meats,Cincinnati,OH,https://www.eckerlinmeats.com,butchers,small_market_local_dominance,https://www.findlaymarket.org/merchant/eckerlinmeats,"Family-owned Findlay Market butcher since 1852 making house sausage in 10-lb batches via hand-cranked stuffer (goetta, Italian, Polish, bockwurst)",2026-06-16
Stehlin's Meat Market,Cincinnati,OH,https://www.stehlinsmeatmarket.com,butchers,seasonal_preorder_calendar,https://www.stehlinsmeatmarket.com/,103-year family butcher that slaughters its own meat; holiday preorder bundles and roast pigs,2026-06-16
Redden Fine Meats & Seafood,Cincinnati,OH,https://reddencincy.com,butchers,seasonal_preorder_calendar,https://reddencincy.com/,Fine meats shop offering standing rib roasts and holiday preorder menu,2026-06-16
Bridgetown Finer Meats,Cincinnati,OH,https://bridgetownfinermeats.com,butchers,small_market_local_dominance,https://bridgetownfinermeats.com/meat.html,"40+ year shop with prime beef, top-quality pork, Amish poultry and homemade foods",2026-06-16
Summit Fine Meats,Cincinnati,OH,,butchers,best_of_city_list,https://www.cincinnatimagazine.com/forkopolisblog/12-butcher-shops/,"Cincinnati Magazine favorite; wide meat variety, house-made soups and occasional charcuterie boards",2026-06-16
Czuchraj Meats,Cleveland,OH,https://smokedmeats.shop,butchers,press_awards_recent_momentum,https://westsidemarket.org/portfolio-items/czuchraj-meats/,Family-owned West Side Market butcher since 1954; house-smoked meats and sausages endorsed by chef Michael Symon,2026-06-16
Wiencek's Meats,Cleveland,OH,https://www.wiencekmeats.com,butchers,small_market_local_dominance,https://hoodline.com/2019/09/cleveland-s-top-5-meat-shops-ranked/,Cleveland West Side Market heritage butcher with house-made sausage and smoked meats,2026-06-16
Mister Brisket,Cleveland,OH,,butchers,best_of_city_list,https://clevelandmagazine.com/articles/where-to-buy-meat-a-guide-to-local-butcher-shops-and-farmers/,Cleveland Magazine-listed dry-aged specialist among the area's top butchers,2026-06-16
The Village Butcher,Cleveland,OH,,butchers,best_of_city_list,https://clevelandmagazine.com/articles/where-to-buy-meat-a-guide-to-local-butcher-shops-and-farmers/,Cleveland Magazine-listed top butcher shop with custom cuts,2026-06-16
Jaworski's Meats,Cleveland,OH,,butchers,small_market_local_dominance,https://clevelandmagazine.com/articles/where-to-buy-meat-a-guide-to-local-butcher-shops-and-farmers/,Heritage Polish-style Cleveland-area butcher known for sausage and smoked meats,2026-06-16
Norcini & Co Butchery & Deli,Cleveland,OH,,butchers,best_of_city_list,https://wanderlog.com/place/details/3352510/norcini--co-butchery--deli,Italian-style butchery and deli appearing among Cleveland's best meat shops,2026-06-16
Duma Meats,Mogadore,OH,https://dumameats.com,butchers,small_market_local_dominance,https://dumameats.com/,"Farm retail/share: 4th-generation farm market that raises its own cattle on site, sells from a 400-lb side of beef down to homemade bologna",2026-06-16
Brunk's Meat Shoppe,Dayton,OH,https://brunksmeats.com,butchers,small_market_local_dominance,https://brunksmeats.com/,Family-owned Dayton meat market of 50 years known for quality and custom cuts,2026-06-16
East Dayton Meat & Poultry,Dayton,OH,https://www.eastdaytonmeat.com,butchers,best_of_city_list,https://www.eastdaytonmeat.com/,Dayton butcher among the area's best for fresh meat and poultry,2026-06-16
Tank's Meats,Elida,OH,https://tanksmeats.com,butchers,small_market_local_dominance,https://tanksmeats.com/,"Family-owned since 1907, offering many varieties of homemade sausage in NW Ohio",2026-06-16
County Line Meats,Marysville,OH,https://www.countylinemeatsohio.com,butchers,small_market_local_dominance,https://www.countylinemeatsohio.com/,"Farm retail/share: 5th-generation central-Ohio farm raising Black Angus beef and pork birth-to-butcher, selling locally raised meat",2026-06-16
Sycamore Valley Farms,Ashland,OH,https://shop.sycamorevalleyfarms.com,butchers,small_market_local_dominance,https://zoefarms.com/,"Farm retail/share: raises grass-fed/finished heritage beef, forested pork and pastured chicken",2026-06-16
Flourish and Roam,Williamsburg,OH,https://www.flourishandroam.com,butchers,small_market_local_dominance,https://www.flourishandroam.com/,"Farm retail/share: family farm east of Cincinnati offering pasture-raised beef, lamb, pork and chicken",2026-06-16
Marrow Provisions,Birmingham,MI,https://www.marrowdetroit.com,butchers,press_awards_recent_momentum,https://www.marrowdetroit.com/butcher-shop,Whole-animal butcher (Birmingham location) partnering with Great Lakes farmers on animal welfare; house charcuterie,2026-06-16
Mongers' Provisions,Detroit,MI,,butchers,best_of_city_list,https://wanderlog.com/place/details/7284601/mongers-provisions,"Midtown Detroit shop (plus Berkley) with meats, charcuterie and specialty provisions",2026-06-16
Steiner's Meat Market,Royal Oak,MI,,butchers,best_of_city_list,https://patch.com/michigan/royaloak/got-meat-30-best-butcher-shops-metro-detroit,Royal Oak butcher among metro Detroit's best for fresh meat and sausage,2026-06-16
Washtenaw Meats,Ann Arbor,MI,https://www.canr.msu.edu/michigan-food-hub-network/Food-Hub-Directory-Map/washtenaw-meats-llc,butchers,small_market_local_dominance,https://www.canr.msu.edu/michigan-food-hub-network/Food-Hub-Directory-Map/washtenaw-meats-llc,"Farm retail/share: collaboration of local farms bringing humanely raised, pasture-fed meats to retail pickup",2026-06-16
Creswick Farms,Ravenna,MI,https://creswickfarms.com,butchers,small_market_local_dominance,https://butcherbud.com/listing/creswick-farms-mi,Farm retail/share: beef-share farm with on-farm retail store (Wed-Sat hours) selling its own pasture-raised meat,2026-06-16
Drier's Meat Market,Three Oaks,MI,https://www.driers.com,butchers,small_market_local_dominance,https://en.wikipedia.org/wiki/Drier's_Meat_Market,"National Register historic butcher (continuous since ~1875) specializing in smoked bacon, liver sausage and German-style bologna",2026-06-16
The Butcher's Block Traverse City,Traverse City,MI,https://butchersblocktc.com,butchers,best_of_city_list,https://butchersblocktc.com/,"Premium butchery sourcing free-range, local-farm meats in Northern Michigan",2026-06-16
Up North Heritage Farm,Charlevoix,MI,https://upnorthheritagefarm.com,butchers,existing_club_transition,https://upnorthheritagefarm.com/store/grass-fed-beef,Farm retail/share: 100% grass-fed/finished beef with an 'Up North Meat Club' subscription option,2026-06-16
Pure Pastures,Plymouth,MI,http://www.purepasturesmi.com,butchers,small_market_local_dominance,http://www.purepasturesmi.com/,"Farm retail/share: storefront selling pasture-raised, grass-fed meats from Michigan family farms plus organic groceries",2026-06-16
Shady Creek Farm,Allegan,MI,https://www.farmshadycreek.com,butchers,existing_club_transition,https://www.farmshadycreek.com/,Farm retail/share: family farm offering grass-fed beef and pasture-raised pork/lamb with subscription options,2026-06-16
The Conscious Carnivore,Madison,WI,https://conscious-carnivore.com,butchers,best_of_city_list,https://madison.citycast.fm/food-drink/butcher-shops-madison,"Whole-animal butcher sourcing humane Wisconsin farms; heritage pork, grass-fed beef, 40-day dry-aged steaks",2026-06-16
Bavaria Sausage Kitchen,Fitchburg,WI,https://bavariasausage.com,butchers,small_market_local_dominance,https://www.visitmadison.com/listings/bavaria-sausage/179555/,Old-world German sausage makers crafting authentic sausage in their USDA Wurstkuche since 1961,2026-06-16
Bavette La Boucherie,Milwaukee,WI,,butchers,press_awards_recent_momentum,https://urbanmilwaukee.com/2013/05/28/city-business-bavette-la-boucherie/,Third Ward whole-animal butcher making all its own fresh sausages and doing in-house butchering,2026-06-16
Bolzano Artisan Meats,Milwaukee,WI,,butchers,press_awards_recent_momentum,https://urbanmilwaukee.com/2013/05/28/city-business-bavette-la-boucherie/,Milwaukee artisan charcuterie maker supplying cured and smoked products to area butchers,2026-06-16
South Milwaukee Sausage & Meats,South Milwaukee,WI,,butchers,small_market_local_dominance,https://onmilwaukee.com/articles/south-milwaukee-sausage-and-meats,Old-school butcher delivering big-flavor house sausage and old-school service,2026-06-16
Driftless Provisions,Viroqua,WI,https://driftlessprovisions.com,butchers,press_awards_recent_momentum,https://driftlessprovisions.com/pages/about,Veteran-owned Viroqua shop making dry-cured nitrate-free salami and fresh/smoked meats from humanely raised heritage pork; custom processing,2026-06-16
Miesfeld's Triangle Market,Sheboygan,WI,https://miesfelds.com,butchers,press_awards_recent_momentum,https://miesfelds.com/about,Third-generation Sheboygan market since 1941 with 50 brat/sausage blends and 70+ state and national sausage awards,2026-06-16
Lake Geneva Country Meats,Lake Geneva,WI,,butchers,press_awards_recent_momentum,https://www.northshorefamilyadventures.com/food-drinks/best-butcher-shops,Family-owned since 1965 with 40+ handmade bratwurst varieties; three-time WI Association of Meat Processors Excellence Award winner,2026-06-16
Hoesly's Meats,Stoughton,WI,https://hoeslysmeats.com,butchers,press_awards_recent_momentum,https://hoeslysmeats.com/contact,Award-winning local butcher shop and custom meat processor in Stoughton,2026-06-16
Sailer's Meat Market,Elmwood,WI,,butchers,press_awards_recent_momentum,https://volumeone.org/sites/meat/articles/2017/05/16/206059-destination-meat,Fifth-generation Pierce County butcher; owner inducted into the Wisconsin butcher hall of fame,2026-06-16
Country Fresh Meats,Weston,WI,https://www.countryfreshmeats.com,butchers,press_awards_recent_momentum,https://www.countryfreshmeats.com/,Award-winning meats and custom processing in Weston,2026-06-16
Brennan's Market,Madison,WI,https://brennansmarket.com,butchers,best_of_city_list,https://brennansmarket.com/products/usda-choice-wisconsin-meadows-grass-fed-beef,Carries locally raised Wisconsin Meadows grass-fed beef and seasonal house bratwurst creations,2026-06-16
The Meat Market - UW Provision,Madison,WI,,butchers,small_market_local_dominance,https://madison.citycast.fm/food-drink/butcher-shops-madison,"Campus butcher sourcing from 2,000 acres of UW farmland in Arlington plus local producers",2026-06-16
Kramarczuk's Sausage Company,Minneapolis,MN,,butchers,press_awards_recent_momentum,https://www.exploreminnesota.com/food-drink/best-butcher-shops,NE Minneapolis Eastern-European meat market since 1954 with 40 handmade sausage varieties; James Beard 'American Classic' award,2026-06-16
Everett's Foods,Minneapolis,MN,,butchers,small_market_local_dominance,https://www.exploreminnesota.com/food-drink/best-butcher-shops,Family-owned since 1956; grinds its own sausages and smokes cuts in two on-site smokers,2026-06-16
J. Morten's,St Paul,MN,,butchers,best_of_city_list,https://www.exploreminnesota.com/food-drink/best-butcher-shops,Sources locally raised heritage Berkshire and Duroc pork plus Iberico ham,2026-06-16
Thielen Meats of Pierz,Pierz,MN,https://www.thielen-meats.com,butchers,press_awards_recent_momentum,https://www.hometownsource.com/morrison_county_record/news/local/thielen-meats-in-pierz-voted-as-wcco-s-best-butcher-shop-in-minnesota/article_61e3ac23-f1ba-5eaa-b4d0-f2fa8004dec2.html,Full-service market since 1922 voted WCCO's Best Butcher Shop in Minnesota; NYT-praised house-smoked bacon,2026-06-16
Schmidt's Meat Market,Nicollet,MN,,butchers,press_awards_recent_momentum,https://www.lifeinminnesota.com/minnesota-meat-markets/,Three-generation market butchering only locally-farmed meat (whole/half hogs); many State Fair sausage awards,2026-06-16
Anoka Meat & Sausage,Anoka,MN,https://www.anokameats.com,butchers,small_market_local_dominance,https://www.anokameats.com/,Custom butcher shop and meat market with house sausage,2026-06-16
Morgan's Meat Market,Foley,MN,https://www.morgansmeatmarket.net,butchers,small_market_local_dominance,https://www.morgansmeatmarket.net/,Minnesota meat locker and processing with custom butchery,2026-06-16
Neighbor's Meats,New Richland,MN,https://neighborsmeatsllc.com,butchers,small_market_local_dominance,https://neighborsmeatsllc.com/,Small-town Minnesota butcher shop with custom processing and house products,2026-06-16
Lardon,Chicago,IL,https://guide.michelin.com/en/illinois/chicago/restaurant/lardon,butchers,press_awards_recent_momentum,https://better.net/food-drink/must-love-meat-butcher-shops-and-charcuterie-in-chicago/,"Whole-hog snout-to-tail butchery with a curing chamber of soppressata, finocchiona and chorizo",2026-06-16
Publican Quality Meats,Chicago,IL,https://www.publicanqualitymeats.com,butchers,press_awards_recent_momentum,https://www.timeout.com/chicago/restaurants/chicago-butcher-shop-guide,Acclaimed West Loop butcher selling farm-raised meats and house-made charcuterie,2026-06-16
The Butcher & Larder,Chicago,IL,https://www.diningchicago.com/restaurants/the-butcher-larder-chicago,butchers,press_awards_recent_momentum,https://www.eatwellguide.org/listings/64104/locations/19876,Chicago's first whole-animal butcher (inside Local Foods); custom cuts and charcuterie from Midwest family farms; Good Food Awards recognition,2026-06-16
Gene's Sausage Shop,Chicago,IL,https://www.genessausage.com,butchers,small_market_local_dominance,https://www.genessausage.com/,Lincoln Square German/Eastern-European butcher with house-made smoked meats and an in-store traditional smokehouse,2026-06-16
Gepperth's Meat Market,Chicago,IL,,butchers,small_market_local_dominance,https://in-chicagocity.com/best-chicago-butcher-shops/,Lincoln Park butcher established 1906 with curated grilling selections,2026-06-16
Olympia Meats,Chicago,IL,,butchers,best_of_city_list,https://foursquare.com/top-places/chicago/best-places-butcher-shops,Family-owned Randolph Street butcher making its own sausages,2026-06-16
Crawford Sausage Co,Chicago,IL,,butchers,small_market_local_dominance,https://www.yelp.com/search?find_desc=German+Butchers&find_loc=Chicago%2C+IL,Chicago house sausage maker among the city's top German/sausage destinations,2026-06-16
Kurowski's Sausage Shop,Chicago,IL,,butchers,small_market_local_dominance,https://www.yelp.com/search?find_desc=Polish+Sausage&find_loc=Chicago%2C+IL,Chicago Polish sausage shop with house kielbasa and Eastern-European specialties,2026-06-16
Homestead Meats,Evanston,IL,https://www.homesteadmeatsevanston.com,butchers,press_awards_recent_momentum,https://www.homesteadmeatsevanston.com/,Whole-animal butcher handcrafting sausage and charcuterie from sustainable Midwestern farms; uses the entire carcass,2026-06-16
Alwan and Sons Meat Company,Peoria,IL,https://alwanandsons.com,butchers,small_market_local_dominance,https://alwanandsons.com/,Family-run shop described as the most impressive meat shop in central Illinois with fresh cuts and cheeses,2026-06-16
Rocke's Meating Haus,Peoria,IL,,butchers,small_market_local_dominance,https://www.yelp.com/search?cflt=meats&find_loc=Peoria%2C+IL,Peoria-area butcher shop with custom cuts and house sausage,2026-06-16
Winkler Meats,Peoria,IL,,butchers,small_market_local_dominance,https://www.yelp.com/search?cflt=meats&find_loc=Peoria%2C+IL,Local Peoria butcher among the area's top meat shops,2026-06-16
L&C Meats,Kansas City,MO,https://shop.lcmeats.com,butchers,small_market_local_dominance,https://shop.lcmeats.com/,Kansas City butcher since 1948 specializing in dry-aged beef,2026-06-16
Bichelmeyer Meats,Kansas City,MO,,butchers,best_of_city_list,https://www.tripadvisor.com/ShowUserReviews-g44535-d2549201-r190040983-Local_Pig-Kansas_City_Missouri.html,Highly regarded Kansas City butcher with house-made products,2026-06-16
The Block,St Louis,MO,,butchers,best_of_city_list,https://www.stlmag.com/dining/the-best-butcher-shops-in-st-louis/,"Full-service butcher with locally sourced meat and house-made sausage, run by CIA grads",2026-06-16
Kenrick's Meats & Catering,St Louis,MO,,butchers,best_of_city_list,https://www.stlmag.com/dining/the-best-butcher-shops-in-st-louis/,"St. Louis butcher known for steaks, sausages and deli meats",2026-06-16
Hermann Wurst Haus,Hermann,MO,https://hermannwursthaus.com,butchers,press_awards_recent_momentum,https://hermannwursthaus.com/,65+ varieties of award-winning bratwurst and German sausage handcrafted in-house,2026-06-16
Swiss Meat & Sausage Co.,Hermann,MO,,butchers,small_market_local_dominance,https://missourilife.com/meat-me-in-missouri-2/,Custom butchering and house sausage south of Hermann since 1969,2026-06-16
Central Missouri Meat & Sausage,Fulton,MO,https://central-missouri-meat-sausage.hey-restaurants.com,butchers,small_market_local_dominance,https://missourilife.com/meat-me-in-missouri-2/,"Hand-trimmed steaks, premium pork chops and house-made artisan sausage links",2026-06-16
Pawnee Pride Meats,Burchard,NE,https://www.pawneepride.com,butchers,existing_club_transition,https://www.pawneepride.com/,"Farm retail/share: family ranch (35+ yrs) selling grass-fed beef, pasture-raised pork, lamb, bison with biweekly Omaha/Lincoln pickup shares",2026-06-16
Del Gould Meats,Lincoln,NE,https://www.delgouldmeats.com,butchers,small_market_local_dominance,https://www.delgouldmeats.com/,Family-owned since 1941 specializing in local USDA Choice Nebraska corn-fed beef,2026-06-16
The Mercato,Lincoln,NE,,butchers,small_market_local_dominance,https://www.yellowpages.com/lincoln-ne/meat-butcher,Lincoln butcher featuring Certified Piedmontese beef and curated meats,2026-06-16
Stoysich House of Sausage,Omaha,NE,,butchers,small_market_local_dominance,https://movetoomaha.com/best-butcher-shops-in-omaha/,Omaha house-sausage specialist among the city's top butchers,2026-06-16
Back to Nature Farms,Fremont,NE,https://backtonaturefarms.org,butchers,small_market_local_dominance,https://backtonaturefarms.org/,"Farm retail/share: grass-fed Angus beef, Berkshire-cross heritage pork and pastured chicken with on-farm pickup north of Fremont",2026-06-16
Ellsworth Crossing,Waterloo,NE,https://ellsworthcrossing.com,butchers,small_market_local_dominance,https://ellsworthcrossing.com/,Farm retail/share: farm-to-fork market in Waterloo selling local meat,2026-06-16
Long View Pastures,Brainard,NE,https://cms-wip.unl.edu/ianr/extension/food/buy-fresh/long-view-pastures,butchers,small_market_local_dominance,https://cms-wip.unl.edu/ianr/extension/food/buy-fresh/long-view-pastures,Farm retail/share: family farm selling pastured chicken/eggs and grass-finished beef on-farm and to Lincoln/Omaha,2026-06-16
A Cut Above Butcher Shop,Santa Monica,CA,,butchers,best_of_city_list,https://peopleschoicebeefjerky.com/blogs/news/butcher-shops-los-angeles,"Whole-animal butcher with in-house dry aging; owner/head butcher Eddie Shin sources Snake River Farms, Marcho Farms and Novy Ranches.",2026-06-12
Fatted Calf,Napa,CA,,butchers,press_awards_recent_momentum,https://tvwbb.com/threads/food-wine-the-best-butcher-shops-and-meat-markets-in-america.84772/,Named to Food & Wine's list of the best butcher shops and meat markets in America; artisan charcuterie maker.,2026-06-12
Guerra Quality Meats,San Francisco,CA,,butchers,press_awards_recent_momentum,https://tvwbb.com/threads/food-wine-the-best-butcher-shops-and-meat-markets-in-america.84772/,Named to Food & Wine's best butcher shops and meat markets in America list.,2026-06-12
Huntington Meats,Los Angeles,CA,,butchers,best_of_city_list,https://peopleschoicebeefjerky.com/blogs/news/butcher-shops-los-angeles,Original Farmers Market butcher since 1986 with 21-day aged beef and specialty sausages; also on Food & Wine's national best list.,2026-06-12
The Local Butcher Shop,Berkeley,CA,,butchers,existing_club_transition,https://www.kqed.org/bayareabites/100150/bay-area-bites-guide-to-12-great-butcher-shops,"Sources pasture-raised whole animals and sells whole-animal shares cut to order; founded by Chez Panisse alum, butchers are trained chefs.",2026-06-12
Luis' Butcher Shop,Downey,CA,,butchers,press_awards_recent_momentum,https://tvwbb.com/threads/food-wine-the-best-butcher-shops-and-meat-markets-in-america.84772/,Named to Food & Wine's best butcher shops and meat markets in America list.,2026-06-12
Olivier's Butchery,San Francisco,CA,,butchers,press_awards_recent_momentum,https://tvwbb.com/threads/food-wine-the-best-butcher-shops-and-meat-markets-in-america.84772/,French-style butchery named to Food & Wine's best butcher shops in America list and current SF best-butcher rankings.,2026-06-12
Rabbi's Daughter,Los Angeles,CA,,butchers,press_awards_recent_momentum,https://tvwbb.com/threads/food-wine-the-best-butcher-shops-and-meat-markets-in-america.84772/,Kosher butcher shop named to Food & Wine's best butcher shops and meat markets in America list.,2026-06-12
Sepulveda Meats & Provisions,San Diego,CA,,butchers,press_awards_recent_momentum,https://sayheysandiego.com/best-butcher-in-san-diego,Named to Food & Wine's national best butcher list and consistently ranked among San Diego's best meat shops as of 2026.,2026-06-12
Taylor's Market,Sacramento,CA,,butchers,press_awards_recent_momentum,https://sacramentosecrets.com/best-butcher-in-sacramento,Food & Wine national best-butcher list pick and official headquarters of Team USA for the World Butchers' Challenge.,2026-06-12
Gwen Butcher Shop,Los Angeles,CA,,butchers,best_of_city_list,https://www.themanual.com/food-and-drink/best-butcher-shops-in-america/,"Chef Curtis Stone's shop; staff specializes in whole-animal butchery, dry-aging program, house charcuterie including 'nduja and salami.",2026-06-12
Legacy Boucherie,Glendale,CA,https://legacyboucherie.com/,butchers,best_of_city_list,https://www.timeout.com/los-angeles/shopping/the-best-butcher-shops-in-los-angeles,"Luxury butcher offering wagyu, dry-aged steaks and chef-prepared meals; featured in LA best-butcher roundups.",2026-06-12
Standing's Butchery,Los Angeles,CA,https://standingsbutchery.com/,butchers,events_programming,https://coursehorse.com/los-angeles/classes/cooking/cooking-techniques/butchery,"Butcher Jered Standing leads whole-side heritage hog butchery classes; shop emphasizes ethically raised, grass-fed California beef.",2026-06-12
Marconda's Meats,Los Angeles,CA,,butchers,best_of_city_list,https://www.timeout.com/los-angeles/shopping/the-best-butcher-shops-in-los-angeles,Three-generation family butcher at the Original Farmers Market since 1941; Time Out LA best butcher shops pick.,2026-06-12
McCall's Meat & Fish Co.,Los Angeles,CA,https://www.mccallsmeatandfish.com/,butchers,best_of_city_list,https://www.laweekly.com/mccalls-meat-fish-co-the-arrival-of-the-rock-star-butcher/,"Family-owned 'rock star butcher' (LA Weekly) selling grass-fed, sustainably raised beef and local farm produce; two LA-area shops.",2026-06-12
Avedano's Holly Park Market,San Francisco,CA,,butchers,best_of_city_list,https://www.kqed.org/bayareabites/100150/bay-area-bites-guide-to-12-great-butcher-shops,"Works with whole animals delivered weekly from small pasture-based farms; sells meat boxes, pastrami, pates and sausages.",2026-06-12
Marin Sun Farms Butcher Shop,Oakland,CA,https://rockridgemarkethall.com/marin-sun-farms,butchers,best_of_city_list,https://rockridgemarkethall.com/marin-sun-farms,Butcher shop at Rockridge Market Hall from the farm that runs the Bay Area's last USDA-inspected slaughterhouse; certified organic and AWA.,2026-06-12
Clove & Hoof,Oakland,CA,https://cloveandhoofoakland.com/home-2/butcher-800/,butchers,best_of_city_list,https://www.kqed.org/bayareabites/90972/clove-and-hoof-a-new-butcher-and-sandwich-shop-in-oaklands-temescal,"Neighborhood butchery and restaurant dedicated to whole animals raised responsibly; in-house sausage and charcuterie, grass-fed Jenner Family Beef.",2026-06-12
Baron's Quality Meats & Seafood,Alameda,CA,,butchers,best_of_city_list,https://www.oaklandmagazine.com/top-5-best-butcher-shops-in-oakland-and-the-east-bay-in-2021/,Named one of Oakland Magazine's top 5 butcher shops in Oakland and the East Bay.,2026-06-12
Sonoma County Meat Co.,Santa Rosa,CA,https://sonomacountymeatco.com/,butchers,existing_club_transition,https://sonomacountymeatco.com/,Traditional butcher shop specializing in sustainable meat with online ordering for farmers-market pickup; billed as Sonoma County's best butcher shop.,2026-06-12
Coffland Craft Butchery,Sacramento,CA,https://www.cofflandcraftbutchery.com/,butchers,best_of_city_list,https://sactoday.6amcity.com/local-butchers-making-sacramento-cut-above-the-rest,Formally trained Sacramento-born butcher specializing in whole-animal butchery from happy healthy animals raised by local farmers.,2026-06-12
V. Miller Meats,Sacramento,CA,,butchers,best_of_city_list,https://sacramentorevealed.com/goods-and-services/v-miller-meats-whole-animal-butcher-shop/,"Whole-animal butcher shop; former chef-owner Eric Miller trained under a master butcher, all animals pasture-raised on local farms.",2026-06-12
The Wise Ox Butcher & Eatery,San Diego,CA,,butchers,existing_club_transition,https://sandiegomagazine.com/food-drink/butcher-shops-in-san-diego/,Chef Brad Wise's butcher shop sells the Ox Box monthly meat subscription (~10 lbs premium proteins) and runs heritage-pig breakdown classes.,2026-06-12
Siesel's Old Fashioned Meats,San Diego,CA,https://www.bestmeatssandiego.com/,butchers,best_of_city_list,https://sayheysandiego.com/best-butcher-in-san-diego,San Diego institution since 1968 catering to home-cooking enthusiasts and local foodies.,2026-06-12
Front Row Meats Butchery,San Diego,CA,,butchers,best_of_city_list,https://sayheysandiego.com/best-butcher-in-san-diego,Best-of-San-Diego butcher pick noted for top-notch locally sourced meats.,2026-06-12
Shalhoob Butcher Shop,Santa Barbara,CA,https://shalhoob.com/butcher-shop,butchers,best_of_city_list,https://shalhoob.com/butcher-shop,"Funk Zone butcher shop preparing custom cuts of beef, pork, lamb and poultry with custom cutting and packaging services.",2026-06-12
Sinton & Sons,San Luis Obispo,CA,https://sintonandsons.com/shops,butchers,best_of_city_list,https://sintonandsons.com/shops,"Works directly with Central Coast ranchers for pasture-raised beef, pork and chicken; carries whole-animal cuts like liver, heart and tongue.",2026-06-12
Brazeau's Butcher Shop,North Adams,MA,,butchers,small_market_local_dominance,https://www.boston.com/food/restaurants/2020/11/23/food-and-wine-best-butcher-shops/,Small-town Berkshires shop named to Food & Wine's best butcher shops in America list.,2026-06-12
Savenor's Market,Boston,MA,,butchers,best_of_city_list,https://www.boston.com/food/restaurants/2020/11/23/food-and-wine-best-butcher-shops/,Historic Boston butcher (Julia Child's butcher) on Food & Wine's national list; whole-animal butchery at its Cambridge location.,2026-06-12
Hettie Belle Farm,Warwick,MA,https://www.hettiebellefarm.com/meat-shares-1,butchers,existing_club_transition,https://www.hettiebellefarm.com/meat-shares-1,Runs a meat & poultry CSA with $700 winter shares over 5 monthly pickups across MA NH and VT.,2026-06-12
Copicut Farms,Dartmouth,MA,https://www.copicutfarms.com/pages/farm-share,butchers,existing_club_transition,https://www.copicutfarms.com/pages/farm-share,"Farm share program for pasture-raised pork, poultry and eggs; farm with retail share program (noted: farm, not standalone shop).",2026-06-12
Stillman Quality Meats,Hardwick,MA,https://www.stillmanqualitymeats.com/,butchers,existing_club_transition,https://www.stillmanqualitymeats.com/,"Membership program 'Meat Bucks' saves members 10-20% on all meat and farm products, described as a CSA with more flexibility.",2026-06-12
Everyday Farm,Gill,MA,https://www.everydayfarmgill.com/meatcsa,butchers,existing_club_transition,https://www.everydayfarmgill.com/meatcsa,"Offers a meat CSA share program (noted: farm with share program, not standalone shop).",2026-06-12
Corsello Butcheria,Easthampton,MA,https://www.corsellobutcheria.com/,butchers,existing_club_transition,https://www.corsellobutcheria.com/our-products/meat-shares-butcher-boxes/meat-shares/,Italian butcher shop selling recurring meat shares and butcher boxes — existing subscription program.,2026-06-12
Brookford Farm,Canterbury,NH,,butchers,existing_club_transition,https://bostonmoms.com/life-in-boston/3-metrowest-meat-csas-from-our-favorite-local-farms/,Meat CSA with aged meat share options and two Boston pickup locations (noted: farm with share program).,2026-06-12
Sherman Farm,East Conway,NH,https://www.shermanfarmnh.com/meat,butchers,small_market_local_dominance,https://www.shermanfarmnh.com/meat,Farm butcher shop selling beef raised on the farm plus New England pork and lamb and Misty Knoll Farms poultry.,2026-06-12
Yankee Farmer's Market,Warner,NH,https://yankeefarmersmarket.com/products/meat-csa-subscription,butchers,existing_club_transition,https://yankeefarmersmarket.com/products/meat-csa-subscription,Farm store running a flexible monthly meat CSA subscription of all-natural cuts.,2026-06-12
The Bunker Farm,Dummerston,VT,https://www.thebunkerfarm.com/meat-csa,butchers,existing_club_transition,https://www.thebunkerfarm.com/meat-csa,Pasture-raised meat CSA with customizable plans and monthly pickups (noted: farm with share program).,2026-06-12
The Vermont Butcher Shop,Burlington,VT,https://vermontbutchershop.com/,butchers,small_market_local_dominance,https://vermontbutchershop.com/,Sources fresh majority locally-raised meats from Vermont farms committed to humanely raised livestock.,2026-06-12
Maine Meat,Kittery,ME,https://memeat.com/,butchers,small_market_local_dominance,https://memeat.com/,Brings in and breaks down whole animals weekly from farms within 100 miles of Kittery; uses every part of the animal.,2026-06-12
The Meat Hook,Brooklyn,NY,,butchers,best_of_city_list,https://www.themanual.com/food-and-drink/best-butcher-shops-in-america/,Whole-animal butcher named among America's best; grass-fed beef and pastured hogs and lambs with farm-to-counter transparency.,2026-06-12
Dickson's Farmstand Meats,New York,NY,,butchers,best_of_city_list,https://newyorkvisions.com/business/butcher-shops-nyc/,Chelsea Market butcher focused on humanely raised pasture-fed animals from local farms with full sourcing transparency.,2026-06-12
Prospect Butcher Co,Brooklyn,NY,https://www.prospectbutcher.com/,butchers,best_of_city_list,https://www.prospectbutcher.com/,Run by whole-animal butcher Greg Brockman who built the whole-animal program at Foragers Market; all meats pasture-raised from local farms.,2026-06-12
Staubitz Market,Brooklyn,NY,,butchers,best_of_city_list,https://newyorkvisions.com/business/butcher-shops-nyc/,Cobble Hill institution carving since 1917; cited among NYC's best butcher shops.,2026-06-12
Marlow & Daughters,Brooklyn,NY,https://www.marlowanddaughters.com/,butchers,best_of_city_list,https://www.marlowanddaughters.com/,Whole-animal butcher shop and prepared foods counter in Williamsburg partnering with local farmers.,2026-06-12
O. Ottomanelli & Sons,New York,NY,,butchers,best_of_city_list,https://www.whitegoldbutchers.com/restaurants/15-best-meat-markets-and-butcher-shops-in-nyc/,Greenwich Village family butcher cited as a top contender for best butcher in NYC with dry-aged and exotic meats.,2026-06-12
Ends Meat,Brooklyn,NY,https://www.endsmeatnyc.com/,butchers,best_of_city_list,https://www.endsmeatnyc.com/,Whole-animal butcher and salumeria with locations in Sunset Park and the Lower East Side.,2026-06-12
Greene Grape Provisions,Brooklyn,NY,https://greenegrape.com/pages/butcher-counter,butchers,best_of_city_list,https://greenegrape.com/pages/butcher-counter,"Fort Greene butcher counter practicing whole-animal butchery: grass-fed beef and lamb, heritage pork, pastured free-range chicken.",2026-06-12
Foster Sundry,Brooklyn,NY,,butchers,best_of_city_list,https://www.yelp.com/search?find_desc=Whole+Animal+Butchery&find_loc=New+York,Bushwick market featuring Aaron Foster's whole-animal meat counter.,2026-06-12
Hudson & Charles,New York,NY,https://hudsonandcharles.com/,butchers,best_of_city_list,https://hudsonandcharles.com/,"West Village sustainable butcher sourcing from small family farms: 100% grass-fed beef, woodlot-raised heritage pork, grass-fed lamb and goat.",2026-06-12
Schaller & Weber,New York,NY,,butchers,press_awards_recent_momentum,https://goodfoodfdn.org/awards/finalists/,2025 Good Food Awards charcuterie finalist (Cocktail Käsekrainer and Nduja Spicy Salami Spread); historic Upper East Side butcher storefront.,2026-06-12
Dave the Butcher,Beacon,NY,,butchers,events_programming,https://www.chronogram.com/food-drink/meet-market-dave-the-butcher-beacons-basque-influenced-whole-animal-butchery-23889427/,"Basque-influenced whole-animal butchery planning supper clubs, educational dinners, meet-the-farmer events and classes.",2026-06-12
Barb's Butchery,Beacon,NY,,butchers,best_of_city_list,https://hvmag.com/food/hudson-valley-butcher-shops/,"Hudson Valley boutique butcher sourcing beef, pork and lamb from Meiller Farm and poultry from Fazio Farm.",2026-06-12
Marbled Meat Shop,Cold Spring,NY,,butchers,best_of_city_list,https://hvmag.com/food/hudson-valley-butcher-shops/,"Education-focused Hudson Valley shop selling grass-fed beef and lamb, heritage pork and pastured chickens, all antibiotic- and hormone-free.",2026-06-12
8 Hands Farm,Southold,NY,https://www.8handsfarm.com/,butchers,small_market_local_dominance,https://www.8handsfarm.com/,Sustainable North Fork family farm with an on-site butcher shop offering grass-fed and organically raised meats.,2026-06-12
Crosswinds Farm & Creamery,Ovid,NY,https://crosswindsfarmcreamery.com/store/bundles-meat-csa,butchers,existing_club_transition,https://crosswindsfarmcreamery.com/store/bundles-meat-csa,100% grass-fed beef and pasture-raised pork meat CSA subscription serving NY and PA (noted: farm with share program).,2026-06-12
Liehs & Steigerwald,Syracuse,NY,,butchers,best_of_city_list,https://www.yelp.com/search?cflt=butcher&find_loc=Syracuse%2C+NY,Iconic Syracuse butcher and sausage maker operating since the mid-1930s.,2026-06-12
Moriarty Meats,Buffalo,NY,,butchers,best_of_city_list,https://www.yelp.com/search?cflt=butcher&find_loc=Buffalo%2C+NY,"French-style craft butcher providing precise cutting for beef, pork and lamb sourced from Western New York farms.",2026-06-12
Montclair Meats,Montclair,NJ,https://www.montclairmeats.com/,butchers,events_programming,https://montclairlocal.news/2024/09/montclair-meats-a-whole-animal-butchery-where-nothing-goes-to-waste/,"Whole-animal butchery where nothing goes to waste; planning butchering classes, wine-pairing dinners and steak omakase tastings.",2026-06-12
Darke Pines,Jersey City,NJ,,butchers,events_programming,https://njmonthly.com/articles/eat-drink/table-hopping/darke-pines-butcher-shop-jersey-city/,Whole-animal butcher hosting monthly butchering demo classes where a butcher breaks down beef or pork for attendees.,2026-06-12
Skillman Farm Market and Butcher Shop,Skillman,NJ,https://skillmanfarmmarket.com/,butchers,small_market_local_dominance,https://skillmanfarmmarket.com/,Farm market and butcher shop combination serving the Princeton area.,2026-06-12
Provisions on State,New Haven,CT,https://www.provisionsonstate.com/butcher-offerings,butchers,best_of_city_list,https://www.provisionsonstate.com/butcher-offerings,"Whole-animal craft butchery partnering with ethical, environmentally sustainable farms across CT, PA and NY.",2026-06-12
Avon Prime Meats,Avon,CT,https://avonprimemeats.com/,butchers,best_of_city_list,https://www.ctbites.com/blog/2024/4/14/butchers,Sources from local CT and Northeast farms; will break down a whole animal or produce custom cuts to order.,2026-06-12
D&D Market,Wethersfield,CT,https://www.danddmarket.com/butcher-shop/,butchers,best_of_city_list,https://www.ctbites.com/blog/2024/4/14/butchers,"Family-owned Italian butcher serving Connecticut since 1932, specializing in pork, veal, beef and true Italian sausage.",2026-06-12
Red Apron Butchery,Washington,DC,https://www.redapronbutchery.com/,butchers,best_of_city_list,https://www.redapronbutchery.com/,Locally sourced whole-animal butcher and small-batch charcuterie producer; 100% of pork from Animal Welfare Approved farms.,2026-06-12
Harvey's Market,Washington,DC,,butchers,best_of_city_list,https://www.yelp.com/search?cflt=butcher&find_loc=Washington%2C+Dc,Union Market butcher consistently ranked among the best butchers in Washington DC.,2026-06-12
Union Meat Company,Washington,DC,,butchers,best_of_city_list,https://dcist.com/story/13/08/14/the-eight-best-butchers-in-dc/,Eastern Market butcher providing hard-to-find cuts from internal organs to whole pigs.,2026-06-12
Stachowski's Market,Washington,DC,,butchers,best_of_city_list,https://dcist.com/story/13/08/14/the-eight-best-butchers-in-dc/,Georgetown butcher and charcuterie shop named among the eight best butchers in the DC area.,2026-06-12
Butchers Alley,Bethesda,MD,,butchers,best_of_city_list,https://www.yelp.com/search?cflt=butcher&find_loc=Washington%2C+Dc,Highly rated craft butcher serving the DC metro area.,2026-06-12
The Organic Butcher of McLean,McLean,VA,,butchers,best_of_city_list,https://www.yelp.com/search?find_desc=Buy+Whole+Pig&find_loc=Washington%2C+DC,Organic-focused butcher in affluent McLean; among top DC-area sources for whole-pig orders.,2026-06-12
John Brown General & Butchery,Cockeysville,MD,https://jbgbutchery.com/,butchers,small_market_local_dominance,https://jbgbutchery.com/,"Worthington Valley shop specializing in whole-animal butchery of grass-finished beef and pasture-raised pork, lamb and poultry; dry-ages beef in house.",2026-06-12
Liberty Delight Farms,Reisterstown,MD,https://libertydelightfarms.com/farm-share/,butchers,existing_club_transition,https://libertydelightfarms.com/farm-share/,"Monthly meat farm-share delivery program (noted: farm with share program, not standalone shop).",2026-06-12
Belmont Butchery,Richmond,VA,https://belmontbutchery.com/,butchers,best_of_city_list,https://belmontbutchery.com/,Richmond's first proper local butcher in a generation; promotes nose-to-tail eating.,2026-06-12
Yellow Umbrella Provisions,Richmond,VA,https://www.yellowumbrellarva.com/pages/butcher,butchers,best_of_city_list,https://www.yellowumbrellarva.com/pages/butcher,Local Richmond butcher with trained butchers who treat butchery like an art and inspect every shipment for quality.,2026-06-12
Supper Club Market,Richmond,VA,https://www.supperclubmarket.com/butchersofferings,butchers,events_programming,https://www.supperclubmarket.com/butchersofferings,Richmond market with dedicated butcher's offerings built around a supper-club concept.,2026-06-12
JM Stock Provisions,Charlottesville,VA,https://www.stockprovisions.com/,butchers,best_of_city_list,https://www.stockprovisions.com/,"Charlottesville's only whole-animal butcher; national award-winning house charcuterie (tasso, pâté de campagne, beef tongue pastrami) from local pasture-raised animals.",2026-06-12
Pendulum Fine Meats,Norfolk,VA,,butchers,best_of_city_list,https://coastalvirginiamag.com/article/5-to-try-local-butcher-shops/,One of the area's only whole-animal butcher shops; husband-wife owners source from local Virginia and North Carolina farms.,2026-06-12
The Meat Shack,Virginia Beach,VA,,butchers,best_of_city_list,https://coastalvirginiamag.com/article/5-to-try-local-butcher-shops/,Run by the Vaughan family of a Virginia Century Farm; pasture-raised Hereford beef from their own land.,2026-06-12
Village Butcher,Virginia Beach,VA,,butchers,best_of_city_list,https://coastalvirginiamag.com/article/5-to-try-local-butcher-shops/,"Hilltop butcher with fresh cuts of beef, chicken, pork, lamb and veal plus a unique selection of exotic meats.",2026-06-12
Liberty Hill Farm,Berryville,VA,https://www.libertyhillfarmva.com/meatcsa,butchers,existing_club_transition,https://www.libertyhillfarmva.com/meatcsa,Winter meat CSA running November-February at 10-15% off retail (noted: farm with share program).,2026-06-12
Pine Street Market,Avondale Estates,GA,https://www.pinestreetmarket.com/our-story,butchers,existing_club_transition,https://www.ajc.com/blog/atlanta-restaurants/there-meat-csa-atlanta-yes-there-are-four/G9AV95V6ziQaoIXyWbmY5H/,Whole-animal butcher sourcing Riverview Farms pork; runs a meat CSA ($75/month shares) and has taught butchering classes since 2010.,2026-06-12
The Spotted Trotter,Atlanta,GA,,butchers,press_awards_recent_momentum,https://goodfoodfdn.org/awards/finalists/,2025 Good Food Awards charcuterie finalist (Hatch Chile Salami); pasture-raised humanely sourced charcuterie shop since 2009.,2026-06-12
Frazie's Meat & Market,Atlanta,GA,,butchers,best_of_city_list,https://www.ajc.com/food-and-dining/neighborhood-butcher-shops-draw-customers-with-top-quality-meat-personal-touch/MZYPPUQJLJCK3AD7W5JENQ3SGQ/,Neighborhood butcher opened 2023 with products from sustainable farms and fisheries and personalized whole-meal service.,2026-06-12
Kinship Butcher & Sundry,Atlanta,GA,,butchers,best_of_city_list,https://www.ajc.com/food-and-dining/neighborhood-butcher-shops-draw-customers-with-top-quality-meat-personal-touch/MZYPPUQJLJCK3AD7W5JENQ3SGQ/,"Virginia-Highland butcher selling Comfort Farms pork, 5N Pastures lamb and Châtel Farms beef in support of Georgia farms.",2026-06-12
Midtown Butcher Shoppe,Atlanta,GA,,butchers,best_of_city_list,https://atlantafi.com/best-butcher-shops-atlanta/,Named among the best butcher shops in Atlanta.,2026-06-12
Darby Farms,Good Hope,GA,,butchers,existing_club_transition,https://www.ajc.com/blog/atlanta-restaurants/there-meat-csa-atlanta-yes-there-are-four/G9AV95V6ziQaoIXyWbmY5H/,Heritage livestock farm running monthly pork and beef meat shares delivered to Atlanta customers (noted: farm with share program).,2026-06-12
Riverview Farms,Ranger,GA,,butchers,existing_club_transition,https://www.ajc.com/blog/atlanta-restaurants/there-meat-csa-atlanta-yes-there-are-four/G9AV95V6ziQaoIXyWbmY5H/,Flexible meat CSA with 10- and 16-pound pork and beef shares (noted: farm with share program).,2026-06-12
Farmview Market,Madison,GA,https://www.farmviewmarket.com/pages/subscription-boxes,butchers,existing_club_transition,https://www.farmviewmarket.com/pages/subscription-boxes,"Butcher Club monthly subscription boxes of pasture-raised beef, pork, lamb and house-made sausages.",2026-06-12
Burbage Meats,Charleston,SC,https://burbage-meats.com/,butchers,best_of_city_list,https://burbage-meats.com/,Third-generation butcher shop since 1953 practicing nose-to-tail with 30+ years combined butchery experience.,2026-06-12
Ted's Butcherblock,Charleston,SC,,butchers,best_of_city_list,https://www.yelp.com/search?find_desc=Butcher+Shop&find_loc=Charleston%2C+SC,Named among the top butcher shops in Charleston.,2026-06-12
AM-PM Farms Butchery & Market,Fountain Inn,SC,https://www.ampmfarmsbutcheryandmarket.com/,butchers,existing_club_transition,https://www.ampmfarmsbutcheryandmarket.com/,Family farm-to-table operation raising 700+ cattle with three Upstate SC retail butcher shops selling 100% pasture-fed beef and pork.,2026-06-12
Begley's Butcher Block,Greenville,SC,,butchers,best_of_city_list,https://gvltoday.6amcity.com/butcher-shops-greenville-sc,"Offers local lamb, grass-fed beef, heritage pork and sustainable seafood.",2026-06-12
Revival Butchery,Greenville,SC,,butchers,best_of_city_list,https://gvltoday.6amcity.com/butcher-shops-greenville-sc,Independent family-owned butcher selling locally sourced meats and house-made sausages.,2026-06-12
Ole Timey Meats,Columbia,SC,https://oletimeymeats.com/,butchers,best_of_city_list,https://oletimeymeats.com/,Family-run butcher focused on family-farmed minimally processed proteins with no preservatives.,2026-06-12
The Son of a Butcher,Birmingham,AL,,butchers,best_of_city_list,https://www.yelp.com/search?cflt=butcher&find_loc=Birmingham%2C+AL,Named among the top butcher shops in Birmingham.,2026-06-12
Cochon Butcher,New Orleans,LA,https://cochonbutcher.com/,butchers,press_awards_recent_momentum,https://cochonbutcher.com/,Chef Donald Link and Stephen Stryjewski's whole-hog butcher and charcuterie shop; butchers break down 2000 lbs weekly; 2025 Michelin Bib Gourmand.,2026-06-12
Bayou Meat Market,New Orleans,LA,,butchers,best_of_city_list,https://www.theadvocate.com/new_orleans/entertainment_life/food_restaurants/bayou-meat-market-butcher-shop-eatery-from-cochon-butcher-alums-heads-to-mid-city/article_7fd4e5f8-d13b-11e6-84cd-b702ac58808f.html,Mid-City butcher shop/eatery from Cochon Butcher alums focused on whole-animal butchery and close-to-home farm sourcing.,2026-06-12
Busters Butcher,Memphis,TN,,butchers,best_of_city_list,https://www.yelp.com/search?cflt=butcher&find_loc=Memphis%2C+TN,Named among the top butcher shops in Memphis.,2026-06-12
Bare Bones Butcher,Nashville,TN,https://www.barebonesbutcher.com/,butchers,best_of_city_list,https://www.barebonesbutcher.com/,"Whole-animal butcher shop selling responsibly raised beef, pork, chicken and lamb from local and regional farmers.",2026-06-12
Roy's Meat Service,Nashville,TN,,butchers,best_of_city_list,https://butcherbud.com/blog/best-butcher-shops-in-nashville-tennessee-local-guide-2025,Named among Nashville's best butcher shops in a 2025 local guide.,2026-06-12
Hext Quality Meat,Nashville,TN,https://www.hextqualitymeat.com/,butchers,existing_club_transition,https://www.hextqualitymeat.com/,"Sells pasture-raised rotationally grazed meat by individual cut or whole-animal share to the Nashville area, hormone- and antibiotic-free.",2026-06-12
Main Street Meats,Chattanooga,TN,https://www.mainstreetmeatschatt.com/,butchers,press_awards_recent_momentum,https://www.mainstreetmeatschatt.com/,Michelin-recognized butcher shop and farm-to-table restaurant where whole-animal butchery drives the case and the menu.,2026-06-12
Willy's Butcher Shop,Knoxville,TN,https://willysbutchershop.com/,butchers,best_of_city_list,https://www.fieldandcattle.com/farms/willys-butcher-shop,Knoxville butcher offering custom cuts and in-house sausages.,2026-06-12
Simpson's Meats,Knoxville,TN,https://simpsonsmeats.com/pages/our-local-meat-market,butchers,best_of_city_list,https://simpsonsmeats.com/pages/our-local-meat-market,"Local meat market with fresh hand-cut beef, pork and chicken plus farm-fresh milk and eggs and local goods.",2026-06-12
TN Meat Co,Murfreesboro,TN,https://www.tnmeatco.com/,butchers,best_of_city_list,https://www.tnmeatco.com/exotic-meats,Murfreesboro's craft butcher carrying specialty and exotic meats.,2026-06-12
Delvin Farms,College Grove,TN,https://delvinfarms.com/meat-csa/,butchers,existing_club_transition,https://delvinfarms.com/meat-csa/,"Meat CSA delivering 20-22 lb shares of beef, lamb, pork and chicken (noted: farm with share program).",2026-06-12
Caney Fork Farms,Carthage,TN,https://www.caneyforkfarms.com/products/regenerative-meat-csa,butchers,existing_club_transition,https://www.caneyforkfarms.com/products/regenerative-meat-csa,Regenerative grass-fed meat CSA called the best farm for regenerative meat in middle Tennessee (noted: farm with share program).,2026-06-12
Red Hog Artisan Meat,Louisville,KY,https://redhogartisanmeat.com/,butchers,best_of_city_list,https://redhogartisanmeat.com/,Louisville's first craft butcher shop; whole-animal butchery with meats from sustainable humane local farms plus wood-fired restaurant.,2026-06-12
The Country Meat Co.,Louisville,KY,,butchers,best_of_city_list,https://www.louisvillefamilyfun.net/2020/05/where-to-find-local-meat-in-louisville.html,"Full-service butcher at Logan Street Market specializing in Amish poultry, smoked meats, beef and pork.",2026-06-12
Elmwood Stock Farm,Georgetown,KY,https://elmwoodstockfarm.com/csa/meat-csa/,butchers,existing_club_transition,https://elmwoodstockfarm.com/csa/meat-csa/,"Meat CSA with grass-fed Wagyu-Angus beef, lamb and pasture-raised chicken, turkey and Berkshire pork (noted: farm with share program).",2026-06-12
Left Bank Butchery,Raleigh,NC,https://leftbankbutchery.com/,butchers,best_of_city_list,https://leftbankbutchery.com/,Raleigh's only completely local whole-animal butchery and charcuterie shop; neighbors to the farms that raise its meat.,2026-06-12
Foothills Butcher Shop,Black Mountain,NC,https://foothillslocalmeats.com/foothills-butcher-shop,butchers,small_market_local_dominance,https://foothillslocalmeats.com/foothills-butcher-shop,Female-led whole-animal butcher shop committed to whole-animal utilization with house-made charcuterie and specialty sausages.,2026-06-12
The Butcher's Market,Raleigh,NC,https://www.thebutchersmarkets.com/,butchers,existing_club_transition,https://www.thebutchersmarkets.com/product/steakofthemonth/,Premium butcher and specialty grocer in Raleigh and Cary running a Steak of the Month subscription club.,2026-06-12
Joseph's Finest Meats,Chicago,IL,,butchers,best_of_city_list,https://chicagoeatsgood.com/markets/best-butchers/,Named among Chicago's best butchers and meat markets for high-quality meat.,2026-06-12
Paulina Market,Chicago,IL,,butchers,best_of_city_list,https://chicagoeatsgood.com/markets/best-butchers/,Legendary Chicago butcher and sausage maker since 1949 that has expanded into a fully stocked specialty grocer.,2026-06-12
Thuringer Meats,Chicago,IL,,butchers,best_of_city_list,https://chicagoeatsgood.com/markets/best-butchers/,Named among Chicago's best butchers and meat markets.,2026-06-12
Freedom Butchers,Chicago,IL,,butchers,best_of_city_list,https://chicagoeatsgood.com/markets/best-butchers/,Named among Chicago's best butchers and meat markets.,2026-06-12
Fatback Butcher Shop,Chicago,IL,,butchers,best_of_city_list,https://chicagoeatsgood.com/markets/best-butchers/,Named among Chicago's best butchers and meat markets.,2026-06-12
Red Meat Market,Chicago,IL,,butchers,events_programming,https://coursehorse.com/chicago/classes/cooking/cooking-techniques/butchery,Fulton River District meat market hosting hands-on whole-hog breakdown classes taught by master butchers.,2026-06-12
Tempesta Artisan Salumi,Vernon Hills,IL,,butchers,press_awards_recent_momentum,https://goodfoodfdn.org/awards/winners/2024/charcuterie/,2024 Good Food Award charcuterie winner (Spicy Pecan Cold-Smoked Chorizo); also runs the Tempesta Market retail deli.,2026-06-12
Bagley Farms Meat Market,Edwardsville,IL,https://bagleyfarmsmeatmarket.com/,butchers,existing_club_transition,https://bagleyfarmsmeatmarket.com/a-subscription-box-for-true-meat-lovers/,Runs a Butcher's Club subscription ($65-$225/month) of ethically raised responsibly sourced meats with seasonal provisions.,2026-06-12
Mint Creek Farm,Stelle,IL,https://www.mintcreekfarm.com/csa,butchers,existing_club_transition,https://www.mintcreekfarm.com/csa,Year-round meat CSA from a certified-organic farm with Chicagoland pickup and delivery (noted: farm with share program).,2026-06-12
Kettle Range Meat Co.,Milwaukee,WI,https://kettlerangemeats.com/kettle-club-monthly-meat-shares/,butchers,existing_club_transition,https://kettlerangemeats.com/kettle-club-monthly-meat-shares/,Butcher shop running the Kettle Club monthly meat shares for pickup or shipping the first week of each month.,2026-06-12
Bunzel's Meat Market,Milwaukee,WI,,butchers,best_of_city_list,https://milwauker.com/best-butcher-in-milwaukee,Milwaukee butcher institution delighting customers since 1926.,2026-06-12
Meat People Butcher,Madison,WI,,butchers,best_of_city_list,https://madison.citycast.fm/food-drink/butcher-shops-madison,"Whole-animal butcher shop featuring grass-fed beef and lamb, pastured pork and chicken from humane Wisconsin farms.",2026-06-12
Mastodon Valley Farm,Viola,WI,https://www.mastodonvalleyfarm.com/meat-csa/,butchers,existing_club_transition,https://www.mastodonvalleyfarm.com/chicago-meat-csa,"Meat CSA delivering regeneratively raised beef, pastured pork and poultry to Chicago and the Twin Cities (noted: farm with share program).",2026-06-12
Fairway Packing Co.,Detroit,MI,,butchers,best_of_city_list,https://www.yelp.com/search?cflt=butcher&find_loc=Detroit%2C+MI,Eastern Market butcher named among metro Detroit's top meat purveyors.,2026-06-12
Louise Earl Butcher,Grand Rapids,MI,https://louiseearlbutcher.com/,butchers,best_of_city_list,https://louiseearlbutcher.com/,"Whole-animal butcher fabricating everything in house: 100% grass-finished beef, naturally raised heritage pork, pastured chicken; visits every farm.",2026-06-12
Sparrow Meat Market,Ann Arbor,MI,,butchers,best_of_city_list,https://www.yelp.com/search?cflt=butcher&find_loc=Ann+Arbor%2C+MI,Named among the best butchers in Ann Arbor.,2026-06-12
Ohio City Provisions,Cleveland,OH,,butchers,best_of_city_list,https://clevelandmagazine.com/articles/where-to-buy-meat-a-guide-to-local-butcher-shops-and-farmers/,"Whole-animal butcher with pastured beef, heritage pork and an in-shop curing room for smoked and cured sausages.",2026-06-12
The Butchers Pantry,Cleveland,OH,,butchers,best_of_city_list,https://clevelandmagazine.com/articles/where-to-buy-meat-a-guide-to-local-butcher-shops-and-farmers/,Whole-animal butcher shop with a daily-changing smoked meat menu.,2026-06-12
The Butcher & Grocer,Columbus,OH,,butchers,best_of_city_list,https://clevelandmagazine.com/articles/where-to-buy-meat-a-guide-to-local-butcher-shops-and-farmers/,Whole-animal shop featuring all-pastured Ohio meats with a considerable following since launching in 2016.,2026-06-12
Bluescreek Farm Meats,Columbus,OH,https://www.bluescreekfarmmeats.com/the-meat,butchers,best_of_city_list,https://www.bluescreekfarmmeats.com/the-meat,"Old-fashioned butcher shop selling its own naturally raised beef, lamb, pork and poultry and processing whole animals for freezer orders.",2026-06-12
Schuman's Meats,Columbus,OH,https://schumansmeats.com/,butchers,best_of_city_list,https://schumansmeats.com/,Dry-aged hanging beef traceable to local Ohio farms.,2026-06-12
North Country Charcuterie,Columbus,OH,,butchers,press_awards_recent_momentum,https://goodfoodfdn.org/awards/winners/2024/charcuterie/,2024 Good Food Award charcuterie winner (Cacciatore) with Columbus production and retail presence.,2026-06-12
Dutch's,Cincinnati,OH,,butchers,best_of_city_list,https://www.cincinnatimagazine.com/forkopolisblog/12-butcher-shops/,East Hyde Park butcher and bar whose team breaks down whole Berkshire pigs with precision.,2026-06-12
Avril-Bleh & Sons Meat Market,Cincinnati,OH,,butchers,best_of_city_list,https://www.cincinnatimagazine.com/forkopolisblog/12-butcher-shops/,122-year-old downtown institution; customers can buy a whole side of beef processed to their specifications.,2026-06-12
Clancey's Meats & Fish,Minneapolis,MN,,butchers,best_of_city_list,https://flavor365.com/where-to-find-the-best-butcher-shops-in-minnesota/,"Linden Hills institution known for sourcing from local, sustainable, humane farms; house-made sausage.",2026-06-12
Lowry Hill Meats,Minneapolis,MN,,butchers,best_of_city_list,https://flavor365.com/where-to-find-the-best-butcher-shops-in-minnesota/,Modern butcher shop focused on whole-animal butchery using every part of the animal with hard-to-find cuts.,2026-06-12
St. Paul Meat Shop,St. Paul,MN,https://www.stpaulmeatshop.com/,butchers,best_of_city_list,https://www.stpaulmeatshop.com/,Grand Avenue shop partnering with local humane farmers and operating a whole-carcass butchering program that minimizes waste.,2026-06-12
Hackenmueller Meats,Robbinsdale,MN,,butchers,best_of_city_list,https://flavor365.com/where-to-find-the-best-butcher-shops-in-minnesota/,Named among the Twin Cities' top butcher shops in a 2025 Minnesota guide.,2026-06-12
Grundhofer's Old-Fashion Meats,Hugo,MN,,butchers,small_market_local_dominance,https://flavor365.com/where-to-find-the-best-butcher-shops-in-minnesota/,Named among Minnesota's best butcher shops; known for an enormous range of house sausages and brats.,2026-06-12
Old World Meats,Duluth,MN,,butchers,small_market_local_dominance,https://www.facebook.com/oldworldmeatsduluth/,The Northland's only specialty provisioner of Certified Angus Beef.,2026-06-12
Back Home Farms,Park Rapids,MN,https://www.backhomefarms.net/,butchers,existing_club_transition,https://www.backhomefarms.net/,"Meat CSA with Black Angus beef, Berkshire pork and pastured chicken ordered online for farm or farmers-market pickup (noted: farm with share program).",2026-06-12
Bolyard's Meat & Provisions,Maplewood,MO,https://bolyardsmeat.com/,butchers,press_awards_recent_momentum,https://hoodline.com/2024/09/st-louis-gem-bolyard-s-meat-provisions-ranked-among-top-butcher-shops-nationwide-by-usa-today-10best/,Whole-animal butcher working with Missouri pasture-raised farms; ranked the nation's #3 butcher shop by USA Today 10Best readers.,2026-06-12
The Quarter Butcher,Dardenne Prairie,MO,https://www.thequarterbutcher.com/,butchers,best_of_city_list,https://www.stlmag.com/dining/the-quarter-butcher-st-charles-county/,Chef Ryan Sommerkamp's craft butchery takes a whole-animal approach to locally sourced sustainably raised beef pork and chicken.,2026-06-12
Barred Owl Butcher & Table,Columbia,MO,,butchers,best_of_city_list,https://columbiafarmersmarket.org/barred-owl-butcher-and-table/,Butcher shop and delicatessen founded 2016 specializing in whole-animal butchery and charcuterie from local small-farm partners.,2026-06-12
The Upper Cut KC,Kansas City,MO,https://theuppercutkc.com/,butchers,best_of_city_list,https://www.kcur.org/arts-life/2023-09-16/kansas-city-butcher-shops-bbq-barbecue-meat-market-cowtown,Butcher shop selling all-natural grass-pasture-raised Akaushi and Angus beef from its own farm 35 miles east of Kansas City.,2026-06-12
Broadway Butcher Shop,Kansas City,MO,,butchers,best_of_city_list,https://www.kcur.org/arts-life/2023-09-16/kansas-city-butcher-shops-bbq-barbecue-meat-market-cowtown,Midtown butcher since 2012 with a curated charcuterie selection and a sell-the-knowledge ethos.,2026-06-12
Local Pig,Kansas City,MO,,butchers,best_of_city_list,https://www.kcur.org/arts-life/2023-09-16/kansas-city-butcher-shops-bbq-barbecue-meat-market-cowtown,"River Market butcher since 2012 focused on humane, eco-friendly locally raised meat, heritage pork and charcuterie.",2026-06-12
Just Good Meat,Omaha,NE,,butchers,best_of_city_list,https://www.yelp.com/search?find_desc=Butcher+Shop&find_loc=Omaha%2C+NE,Named among the top butcher shops in Omaha.,2026-06-12
Frank Stoysich Meats,Omaha,NE,,butchers,best_of_city_list,https://www.yelp.com/search?find_desc=Butcher+Shop&find_loc=Omaha%2C+NE,Omaha sausage-making butcher named among the city's top meat shops.,2026-06-12
Me and McGee Market,North Little Rock,AR,,butchers,small_market_local_dominance,https://onlyinark.com/food/a-guide-to-butcher-shops-in-arkansas/,"Brings small Arkansas farmers under one roof with grass-fed beef, pastured pork, lamb, poultry and buffalo.",2026-06-12
HAM Market,Little Rock,AR,,butchers,best_of_city_list,https://onlyinark.com/food/a-guide-to-butcher-shops-in-arkansas/,Hillcrest artisan meat shop named in Only In Arkansas's guide to the state's butcher shops.,2026-06-12
B&B Butchers & Restaurant,Houston,TX,,butchers,best_of_city_list,https://www.yelp.com/search?find_desc=Grass+Fed+Beef+Butchers&find_loc=Houston%2C+TX,Locally owned butcher shop and steakhouse with in-house dry-aged USDA prime beef hand-cut daily.,2026-06-12
R-C Ranch Texas Craft Meats,Houston,TX,,butchers,best_of_city_list,https://www.yelp.com/search?find_desc=Grass+Fed+Beef+Butchers&find_loc=Houston%2C+TX,Texas wagyu ranch with a craft butcher shop at the Houston Farmers Market.,2026-06-12
Stark Brothers Beef Shop,Houston,TX,,butchers,best_of_city_list,https://discover.texasrealfood.com/best-of-texas/top-5-butchers-in-houston-for-specialty-cuts,Featured in TexasRealFood's top 5 Houston butchers for specialty cuts; old-style meat market from fresh ground beef to venison.,2026-06-12
Salt & Time,Austin,TX,,butchers,best_of_city_list,https://butcherbud.com/blog/best-butcher-shops-in-austin-texas-local-guide-2025,One of Austin's most popular butchers; every cut hand-cut and sourced from local ranchers with whole-animal butchery minimizing waste.,2026-06-12
Dai Due Butcher Shop & Supper Club,Austin,TX,,butchers,events_programming,https://austinot.com/dai-due-butcher-shop-supper-club,Part butcher shop part supper club with a menu built around seasonal availability and whole-animal cookery from Texas ranching partners.,2026-06-12
Longhorn Meat Market,Austin,TX,https://longhornmeatmarket.com/,butchers,best_of_city_list,https://longhornmeatmarket.com/,Fifth-generation family-owned East Austin butcher offering regionally sourced artisan and exotic meats.,2026-06-12
Deep Cuts Dallas,Dallas,TX,,butchers,best_of_city_list,https://www.citylovelist.com/post/the-best-butcher-shops-and-meat-markets-in-dallas-fort-worth,"Neighborhood craft butcher with highest-quality beef, pork, poultry and house-made cured and smoked meats and sausages.",2026-06-12
The Meat Shop,Dallas,TX,,butchers,best_of_city_list,https://www.citylovelist.com/post/the-best-butcher-shops-and-meat-markets-in-dallas-fort-worth,"West Lovers Lane butcher whose entire beef selection is all-natural, hormone- and antibiotic-free wagyu from Rosewood Ranch.",2026-06-12
Kuby's Sausage House,Dallas,TX,,butchers,best_of_city_list,https://www.citylovelist.com/post/the-best-butcher-shops-and-meat-markets-in-dallas-fort-worth,Authentic European meat market with house-made sausages and a full deli and restaurant.,2026-06-12
Rudolph's Meat Market,Dallas,TX,,butchers,best_of_city_list,https://www.dallasobserver.com/food-drink/meat-with-a-side-of-nostalgia-the-seven-best-butcher-shops-in-dallas-8277852/,Full-service Deep Ellum butcher cutting meat to order for East Dallas for more than a century.,2026-06-12
The Meat Board,Fort Worth,TX,,butchers,events_programming,https://www.citylovelist.com/post/the-best-butcher-shops-and-meat-markets-in-dallas-fort-worth,Fort Worth shop with strategically sourced meats that periodically holds barbecue and charcuterie classes.,2026-06-12
The Farmers Butcher,San Antonio,TX,,butchers,best_of_city_list,https://discover.texasrealfood.com/best-of-texas/san-antonio-butchers-offering-grass-fed-beef-amp-more,Custom meat shop since 2018 sourcing deeply flavorful meats raised on native Texas pastures with sustainable methods.,2026-06-12
Wiatrek's Meat Market,San Antonio,TX,,butchers,small_market_local_dominance,https://discover.texasrealfood.com/best-of-texas/san-antonio-butchers-offering-grass-fed-beef-amp-more,Family-owned market sourcing beef solely from surrounding counties; 100% natural grass-fed and hormone-free.,2026-06-12
Alamo City Meat Market,San Antonio,TX,https://www.alamocitymeatmarket.com/,butchers,best_of_city_list,https://www.alamocitymeatmarket.com/,"Family-owned since 2015 offering Texas grass-fed beef, pasture-raised free-range chicken and pasture-raised pork from local Texas farms.",2026-06-12
Augustus Ranch Meat Company,Yoakum,TX,https://www.augustusranch.com/,butchers,existing_club_transition,https://www.augustusranch.com/,"Sells whole, half and quarter shares with local pickup in Austin, San Antonio and Houston (noted: ranch with share program).",2026-06-12
Blackbelly Market,Boulder,CO,,butchers,best_of_city_list,https://usajrealty.com/blogs/the-guide-to-finding-the-best-butcher-in-denver/,Chef Hosea Rosenberg's shop; the only whole-animal butcher in Boulder that cures and ferments its own meats; also named a US top-10 shop by local press.,2026-06-12
Western Daughters Butcher Shoppe,Denver,CO,,butchers,best_of_city_list,https://usajrealty.com/blogs/the-guide-to-finding-the-best-butcher-in-denver/,Whole-animal butcher with pasture-raised grass-fed meats sourced within 250 miles of Denver and beef dry-aged 21 days.,2026-06-12
The Local Butcher,Denver,CO,https://www.thelocalbutcherdenver.com/,butchers,best_of_city_list,https://www.thelocalbutcherdenver.com/,Full-service shop with Colorado-raised choice and prime beef aged a minimum of 21 days plus homemade sausages.,2026-06-12
Tony's Meats & Market,Denver,CO,https://tonysmarket.com/butcher-shop/,butchers,best_of_city_list,https://tonysmarket.com/butcher-shop/,Colorado full-service butcher staple since 1978 with locally sourced premium beef from a select number of farms.,2026-06-12
Oliver's Meat Market,Denver,CO,https://www.oliversmeatmarketllc.com/,butchers,best_of_city_list,https://www.oliversmeatmarketllc.com/,Independent Denver meat market serving quality meats for over 88 years.,2026-06-12
Friendly Nick's Butcher,Fort Collins,CO,https://www.fnbutcher.com/,butchers,best_of_city_list,https://www.fnbutcher.com/,Specialty butcher shop and grocery dedicated to supporting local farms that follow sustainable and humane practices.,2026-06-12
Mountain View Meats,Fort Collins,CO,https://mvmeatsfc.com/,butchers,best_of_city_list,https://mvmeatsfc.com/,Three-generation family operation selling 100% Colorado-raised dry-aged beef.,2026-06-12
Pasture Provisions Co.,Littleton,CO,https://pastureprovisionsco.com/collections/chatfield-csa-meat-shares,butchers,existing_club_transition,https://pastureprovisionsco.com/collections/chatfield-csa-meat-shares,Sells Colorado grass-fed and pasture-raised CSA meat shares through the Chatfield CSA program.,2026-06-12
Fitch Ranch Artisan Meats,Granby,CO,https://fitchranchartisanmeats.com/,butchers,small_market_local_dominance,https://fitchranchartisanmeats.com/,Locally sourced artisan meat shop and USDA-inspected processor serving ranchers and customers in the Colorado high country.,2026-06-12
Snider Bros. Meats,Salt Lake City,UT,,butchers,best_of_city_list,https://gastronomicslc.com/the-best-butcher-shops-in-utah/,Family butcher since 1981 frequently listed among the best butchers in Salt Lake City.,2026-06-12
Heritage Craft Butcher,Orem,UT,,butchers,best_of_city_list,https://gastronomicslc.com/the-best-butcher-shops-in-utah/,Utah County craft butcher noted in the state's best-butcher guide for high-quality cuts.,2026-06-12
Underbelly Meat Co.,Phoenix,AZ,,butchers,press_awards_recent_momentum,https://www.phoenixnewtimes.com/best-of-phoenix/2025/goods-and-services/best-butcher-shop-22752069/,Winner of Phoenix New Times Best of Phoenix 2025 Best Butcher Shop.,2026-06-12
Schreiner's Fine Sausage,Phoenix,AZ,,butchers,best_of_city_list,https://www.phoenixnewtimes.com/food-drink/meat-and-butcher-shops-in-metro-phoenix-8888140/,Phoenix sausage-making institution highlighted in the city's best meat and butcher shop guides.,2026-06-12
Block & Apron,Phoenix,AZ,,butchers,best_of_city_list,https://www.phoenixnewtimes.com/best-of-phoenix/2025/goods-and-services/best-butcher-shop-22752069/,Highlighted by Phoenix New Times among the local craft butcher scene's standouts.,2026-06-12
Rusty Nail Meats,Scottsdale,AZ,,butchers,best_of_city_list,https://pitmaster.amazingribs.com/forum/know-a-good-butcher/arizona-aa/26133-phoenix-area-butcher-meat-shops,Craft butcher established 2019 by Oregon and LA transplants with hand-cut steaks.,2026-06-12
French's Meat Shoppe,Scottsdale,AZ,,butchers,best_of_city_list,https://pitmaster.amazingribs.com/forum/know-a-good-butcher/arizona-aa/26133-phoenix-area-butcher-meat-shops,Family-operated top-rated Scottsdale butcher shop.,2026-06-12
Butchers Pantry,Tucson,AZ,https://www.butcherspantryshop.com/services,butchers,best_of_city_list,https://www.butcherspantryshop.com/services,Tucson butcher and gourmet shop sourcing premium natural beef from the respected K4 Ranch.,2026-06-12
Talus Wind Heritage Meats,Santa Fe,NM,,butchers,small_market_local_dominance,https://myfamilytravels.com/hidden-new-mexico-butcher-shops-locals-swear-by/,Santa Fe shop sourcing heritage-breed lamb and pork from its own ranch.,2026-06-12
No Bull Prime Meats,Albuquerque,NM,,butchers,best_of_city_list,https://myfamilytravels.com/hidden-new-mexico-butcher-shops-locals-swear-by/,Albuquerque shop locals swear by for variety and quality without unnecessary frills.,2026-06-12
Rogers Meat Market,Oklahoma City,OK,,butchers,best_of_city_list,https://okcinsider.org/best-butcher-in-oklahoma-city,Combines tradition with top-notch service; marbled steaks and homemade sausage from staff passionate about the craft.,2026-06-12
Sweet Cheeks Meats,Jackson,WY,,butchers,small_market_local_dominance,https://butcherbud.com/butcher-shops/wyoming/jackson,One of Jackson Hole's only local butcher shops serving the resort town.,2026-06-12
Grotto Meats,Bozeman,MT,,butchers,best_of_city_list,https://xlcountry.com/local-butcher-shops-montana/,Named among Bozeman's top-notch butcher shops for fresh local meats.,2026-06-12
Daniel's Gourmet Meats & Sausage,Bozeman,MT,,butchers,best_of_city_list,https://xlcountry.com/local-butcher-shops-montana/,Top-rated Bozeman butcher offering fresh local meats and house sausage.,2026-06-12
Choice Cuts Meat & Seafood,Boise,ID,https://choicecutsmeat.com/,butchers,best_of_city_list,https://choicecutsmeat.com/,"Boise's trusted butcher with artisan specialties including smoked meats, jerky and freshly prepared sausages.",2026-06-12
Bluffside Provisions & Butchery,Boise,ID,,butchers,best_of_city_list,https://idahonews.com/features/idaho-dish/family-butcher-shop-offers-craft-sandwiches-local-meats-and-wines,"Family butcher shop selling local meats and wines, smoking all proteins in-house.",2026-06-12
Rain Shadow Meats,Seattle,WA,https://www.rainshadowmeats.com/,butchers,best_of_city_list,https://www.rainshadowmeats.com/,"Premier Seattle whole-animal butchery specializing in small-farm pasture-raised beef, pork, chicken and lamb.",2026-06-12
The Meat Dudes,Seattle,WA,https://themeatdudes.com/meat-shop/,butchers,best_of_city_list,https://themeatdudes.com/meat-shop/,West Seattle butcher sourcing exclusively from a single sustainable PNW farm with whole-animal commitment and 21-day dry aging.,2026-06-12
Better Meat,Seattle,WA,,butchers,best_of_city_list,https://www.seattlemet.com/eat-and-drink/best-butcher-shops-meat-markets-seattle,Seattle Met best-butcher pick; since 1962 customers can order pretty much any part of a cow pig chicken or lamb.,2026-06-12
Salumi,Seattle,WA,,butchers,best_of_city_list,https://www.seattlemet.com/eat-and-drink/best-butcher-shops-meat-markets-seattle,Famed salumeria whose co-owner butcher buys a few whole cows lambs and pigs monthly from nearby farms.,2026-06-12
Bob's Quality Meats,Seattle,WA,https://bobsqualitymeats.com/,butchers,existing_club_transition,https://bobsqualitymeats.com/,Columbia City institution offering pasture-raised beef and one of Seattle's only bundle meat package programs (a dozen-plus options).,2026-06-12
Don & Joe's Meats,Seattle,WA,,butchers,best_of_city_list,https://www.seattlemet.com/eat-and-drink/best-butcher-shops-meat-markets-seattle,Pike Place Market butcher since the 1920s with whole birds and specialty game fowl.,2026-06-12
Coro Foods,Seattle,WA,,butchers,press_awards_recent_momentum,https://goodfoodfdn.org/awards/finalists/,2025 Good Food Awards charcuterie finalist (Charcuterie Trio); Seattle salumeria with retail presence.,2026-06-12
Salt Blade,Seattle,WA,,butchers,press_awards_recent_momentum,https://goodfoodfdn.org/awards/winners/2024/charcuterie/,2024 Good Food Award charcuterie winner (Coppa Piccante); Seattle salumeria sourcing meat from a single farm.,2026-06-12
Sonnenberg's Market,Spokane,WA,,butchers,best_of_city_list,https://www.spokesman.com/stories/2021/apr/28/butchers-on-the-block-sonnenbergs-eggers-and-butch/,One of Spokane's top independently owned butcher shops per The Spokesman-Review.,2026-06-12
Egger's Quality Meats,Spokane,WA,,butchers,best_of_city_list,https://www.spokesman.com/stories/2021/apr/28/butchers-on-the-block-sonnenbergs-eggers-and-butch/,Spokane butcher with 18+ in-house bratwurst varieties; will source whole pigs and custom cuts.,2026-06-12
Jubilee Farm,Carnation,WA,,butchers,existing_club_transition,https://www.greaterseattleonthecheap.com/local-csa-delivery/,Carnation Valley farm offering year-round grass-fed and pastured meat CSAs with farm or depot pickup (noted: farm with share program).,2026-06-12
Revel Meat Co.,Portland,OR,https://revelmeatco.com/the-butcher-shop,butchers,best_of_city_list,https://www.pdxmonthly.com/eat-and-drink/best-butcher-shops-portland,Whole-animal butcher counter at Providore Fine Foods cutting locally raised animals it processes itself; called the city's best all-around butcher.,2026-06-12
Pasture PDX,Portland,OR,,butchers,best_of_city_list,https://www.pdxmonthly.com/eat-and-drink/best-butcher-shops-portland,Whole-animal butchery with a focused counter sourced around regenerative agriculture.,2026-06-12
MEATSTUFF,Portland,OR,https://www.meatstuff.com/,butchers,existing_club_transition,https://www.meatstuff.com/,Portland butcher providing whole-animal butchery plus meat shares and butchery classes.,2026-06-12
Gartner's Country Meat Market,Portland,OR,https://gartnersmeats.com/,butchers,best_of_city_list,https://stumptownsavings.com/p/portland-oregon-butcher-shops-grilling-guide,Family-run Portland destination butcher since 1959 with fresh-cut steaks and handcrafted sausages.,2026-06-12
The Meating Place,Hillsboro,OR,,butchers,best_of_city_list,https://stumptownsavings.com/p/portland-oregon-butcher-shops-grilling-guide,Daily selection of local grass-fed beef with a regionally notable in-house dry-aging program.,2026-06-12
Olympia Provisions,Portland,OR,https://www.olympiaprovisions.com/,butchers,press_awards_recent_momentum,https://goodfoodfdn.org/awards/winners/2024/charcuterie/,2024 Good Food Award charcuterie winner (Smoked Quail); repeat GFA-winning salumeria with Portland retail and restaurants.,2026-06-12
Anchor Ranch Farm,Scio,OR,https://www.anchorranchfarm.com/csa,butchers,existing_club_transition,https://www.anchorranchfarm.com/csa,"Monthly 10-lb pork, chicken and lamb CSA with pickup sites across Portland, Milwaukie, Salem and West Linn (noted: farm with share program).",2026-06-12
Terra Farma,Corbett,OR,https://terrafarmers.net/meat-csa/,butchers,existing_club_transition,https://terrafarmers.net/meat-csa/,Monthly 10-12 lb meat CSA shares with pickup sites in SE and North Portland (noted: farm with share program).,2026-06-12
Primal Supply Meats,Philadelphia,PA,https://www.primalsupplymeats.com/,butchers,existing_club_transition,https://www.primalsupplymeats.com/butchers-club,Whole-animal butcher running the pay-as-you-go Butcher's Club subscription with weekly pickup locations around Philadelphia plus butchery classes.,2026-06-12
Kensington Quarters,Philadelphia,PA,,butchers,best_of_city_list,https://www.phillymag.com/foobooz/meat-market-butcher-farm-philly/,Butcher shop/restaurant where the head cutter applies whole-animal skills from tri-tip to house pastrami.,2026-06-12
Ely Farm Products,Newtown,PA,,butchers,small_market_local_dominance,https://www.phillymag.com/foobooz/meat-market-butcher-farm-philly/,"Raises hogs and cattle and breaks them down into ham, bacon and sausages sold at its farm retail stand (noted: farm with retail).",2026-06-12
Fat Butcher,Pittsburgh,PA,https://www.fatbutcher.com/,butchers,best_of_city_list,https://pittsburghbutchers.com/2025/05/22/top-5-pittsburgh-area-butchers-for-organic-farm-raised-beef-and-chicken/,Pittsburgh's premier destination for pasture-raised beef and chicken practicing whole-animal butchery.,2026-06-12
Salem's Market & Grill,Pittsburgh,PA,,butchers,best_of_city_list,https://www.pittsburghmagazine.com/pittsburghs-essential-butcher-shops-and-meat-counters/,Strip District market bringing in whole animals daily and breaking them down on-site from Western PA farms.,2026-06-12
La Madina Mediterranean Halal Market,Pittsburgh,PA,,butchers,best_of_city_list,https://www.pittsburghmagazine.com/pittsburghs-essential-butcher-shops-and-meat-counters/,Halal butcher breaking down five to ten whole lambs and a whole cow weekly into whole-muscle cuts.,2026-06-12
Strip District Meats,Pittsburgh,PA,,butchers,best_of_city_list,https://www.pittsburghmagazine.com/pittsburghs-essential-butcher-shops-and-meat-counters/,Pittsburgh Magazine essential butcher hailed as heaven for carnivores with extensive specialty and game offerings.,2026-06-12
Breakaway Farms,Lancaster,PA,,butchers,small_market_local_dominance,https://centralmarketlancaster.com/project/breakaway-farms/,"Butcher stand at Lancaster Central Market selling its own beef, pork, lamb and 50 flavors of bacon.",2026-06-12
Farmersville Butcher Shop,Farmersville,PA,,butchers,small_market_local_dominance,https://reallancastercounty.com/farmersville-butcher-shop/,Zimmerman family shop since 1970 selling its own farm-raised USDA-inspected beef with cut-to-order bulk orders.,2026-06-12
Appel Valley Butcher Shop,Lancaster,PA,,butchers,small_market_local_dominance,https://reallancastercounty.com/appel-valley-butcher-shop/,Custom butcher retail shop since 2017 hand-cutting all meats at USDA Choice or higher.,2026-06-12
Stoltzfus Meats,Intercourse,PA,https://www.stoltzfusmeats.com/,butchers,small_market_local_dominance,https://www.stoltzfusmeats.com/,Family farm grown into a trusted maker of handcrafted Pennsylvania Dutch meats using time-honored methods.,2026-06-12
Meat N' Bone,Miami,FL,,butchers,best_of_city_list,https://www.theinfatuation.com/miami/guides/miami-butcher-shops,Miami butcher with all beef dry-aged at least 30 days and selection from wild boar to A5 wagyu.,2026-06-12
Josh's Premium Meats,Miami,FL,,butchers,best_of_city_list,https://miamimag.org/best-butcher-in-miami,One of Miami's most popular butchers known for supplying meat to some of the city's top restaurants.,2026-06-12
Proper Sausages,Miami Shores,FL,,butchers,best_of_city_list,https://www.theinfatuation.com/miami/guides/miami-butcher-shops,Miami Shores butcher specializing in house-made sausages plus excellent dry-aged steaks and wagyu brisket.,2026-06-12
La Curiosa Meats & Wine,Miami,FL,,butchers,best_of_city_list,https://miamimag.org/best-butcher-in-miami,Intimate butcher and wine shop praised for Argentinian steaks and curated cuts.,2026-06-12
Shop Right Meat Market,Miami,FL,,butchers,best_of_city_list,https://miamimag.org/best-butcher-in-miami,Neighborhood hidden gem where every piece of meat is meticulously prepared by butchers who know their craft.,2026-06-12
Prime Butcher Shoppe,Tampa,FL,https://www.primebutchershoppe.com/,butchers,best_of_city_list,https://www.primebutchershoppe.com/,"Family-owned Tampa butcher lauded as the city's best, blending Spanish and Caribbean traditions with wagyu, dry-aged steaks and charcuterie.",2026-06-12
The Boozy Pig,Tampa,FL,,butchers,best_of_city_list,https://guideforflorida.com/butcher-shops-in-tampa-fl/,Craft butcher shop and kitchen named among Tampa's best butcher shops.,2026-06-12
The Local Butcher & Market,Orlando,FL,,butchers,best_of_city_list,https://www.yelp.com/search?find_desc=Butcher+Shop&find_loc=Orlando%2C+FL,Named among the top butcher shops in Orlando.,2026-06-12
Cline's Custom Meats,Jacksonville,FL,https://www.clinescustommeats.com/,butchers,best_of_city_list,https://www.clinescustommeats.com/,San Marco butcher offering whole-animal butchery of locally raised Jacksonville angus beef from partner Vause Farms.,2026-06-12
Jimmy P's Butcher Shop,Naples,FL,https://jimmypsbutchershop.com/,butchers,best_of_city_list,https://jimmypsbutchershop.com/,"Third-generation family butcher specializing in Australian wagyu, heritage Berkshire pork and Colorado prime lamb.",2026-06-12
Beauregard's Fine Meats and Butchery,Boca Raton,FL,https://beauregardsfinemeats.com/,butchers,best_of_city_list,https://beauregardsfinemeats.com/,Practices whole-animal butchery starting with the animal rather than pre-packaged boxed cuts.,2026-06-12
Palm Beach Meats,West Palm Beach,FL,,butchers,best_of_city_list,https://www.yelp.com/search?cflt=butcher&find_loc=West+Palm+Beach%2C+FL,Named among the top butchers in the Palm Beach area.,2026-06-12
Smitty's Old Fashioned Butcher Shop,Fort Lauderdale,FL,,butchers,best_of_city_list,https://www.yelp.com/search?cflt=butcher&find_loc=Fort+Lauderdale%2C+FL,Coral Ridge old-fashioned butcher named among Fort Lauderdale's best.,2026-06-12
The Butcher's Barrel,Fort Lauderdale,FL,,butchers,best_of_city_list,https://www.yelp.com/search?cflt=butcher&find_loc=Fort+Lauderdale%2C+FL,Named among the top butcher shops in Fort Lauderdale.,2026-06-12
A Cut Above Butcher & Provisions,Fort Lauderdale,FL,,butchers,best_of_city_list,https://www.yelp.com/search?cflt=butcher&find_loc=Fort+Lauderdale%2C+FL,Named among the top butchers in the Fort Lauderdale and Palm Beach area.,2026-06-12
Kallis German Butcher Shop,Naples,FL,,butchers,best_of_city_list,https://www.yelp.com/search?cflt=butcher&find_loc=Naples%2C+FL,German-style butcher named among Naples' best butcher shops.,2026-06-12
Mr. Prime Beef,Anchorage,AK,,butchers,small_market_local_dominance,https://butcherbud.com/butcher-shops/alaska/anchorage,Long-running independent Anchorage butcher shop listed among the city's local meat purveyors.,2026-06-12
Heights Meat Market,Tampa,FL,,butchers,best_of_city_list,https://guideforflorida.com/butcher-shops-in-tampa-fl/,Named among the best butcher shops in Tampa.,2026-06-12
Cacciatore & Sons,Tampa,FL,,butchers,best_of_city_list,https://guideforflorida.com/butcher-shops-in-tampa-fl/,Family Italian butcher and sausage maker named among Tampa's best butcher shops.,2026-06-12
Nelson's Meats,Albuquerque,NM,,butchers,best_of_city_list,https://myfamilytravels.com/hidden-new-mexico-butcher-shops-locals-swear-by/,Butcher shop in the heart of Albuquerque that locals swear by.,2026-06-12
Plymouth Prime Meats,Plymouth,MI,,butchers,best_of_city_list,https://www.yelp.com/search?cflt=butcher&find_loc=Detroit%2C+MI,Named among metro Detroit's top butcher shops.,2026-06-12
Banks Meat Market,New Orleans,LA,,butchers,best_of_city_list,https://www.yelp.com/search?find_desc=Butcher+Shop&find_loc=New+Orleans%2C+LA,Named among the top-rated butcher shops in New Orleans.,2026-06-12
Pat's Meat Mart,Portland,ME,,butchers,best_of_city_list,https://www.yelp.com/search?find_desc=Butcher+Shop&find_loc=Portland%2C+ME,Named among the top butcher shops in Portland Maine.,2026-06-12
Hobe Meats,Phoenix,AZ,,butchers,best_of_city_list,https://butcherbud.com/butcher-shops/arizona/phoenix,Named among top Phoenix butcher shops; long-standing prime-beef specialist butcher.,2026-06-12
Forbes Meat Company,Tucson,AZ,,butchers,best_of_city_list,https://www.yelp.com/search?find_desc=Butcher+Shop&find_loc=Tucson%2C+AZ,Top-rated Tucson craft butcher with in-house sausage making; praised for owner's passion for the craft.,2026-06-12
Lomo Premium Meats,Tucson,AZ,,butchers,best_of_city_list,https://www.yelp.com/search?find_desc=Butcher+Shop&find_loc=Tucson%2C+AZ,Listed among Tucson's top butcher shops with premium-meat positioning.,2026-06-12
Coppa Butchery,Spokane,WA,,butchers,best_of_city_list,https://www.yelp.com/search?cflt=butcher&find_loc=Spokane%2C+WA,"Spokane craft butchery where everything is made in-house, including bread; praised for fresh-ground beef and value.",2026-06-12
Blue Max Meats,Tacoma,WA,,butchers,best_of_city_list,https://www.yelp.com/search?cflt=butcher&find_loc=Tacoma%2C+WA,Named among Tacoma's best butcher shops; traditional butcher with house-made sausage and smoked meats.,2026-06-12
Meat the Live Butcher,Tacoma,WA,,butchers,best_of_city_list,https://www.yelp.com/search?cflt=butcher&find_loc=Tacoma%2C+WA,Listed among the best butcher options in Tacoma; independent craft butcher counter.,2026-06-12
Beasts & Brews,Colorado Springs,CO,,butchers,best_of_city_list,https://gazette.com/life/find-quality-meat-in-colorado-springs-from-nearby-ranches-farms-and-butcher-shops/article_88ab646e-93c9-11ea-9ddf-47aa43c8770c.html,Full-service Colorado Springs butcher shop stocked with Colorado-sourced meat; whole animals aged and processed in-house.,2026-06-12
SALT Craft Meat Market,Colorado Springs,CO,,butchers,best_of_city_list,https://butcherbud.com/butcher-shops/colorado/colorado-springs,Named among the best butchers in Colorado Springs; craft meat market positioning.,2026-06-12
The Country Butcher,Tolland,CT,https://countrybutcherct.com/,butchers,small_market_local_dominance,https://countrybutcherct.com/,Family butcher since 1989 specializing in Aberdeen Angus beef and heritage-breed hogs.,2026-06-12
New Canaan Butcher Shop,New Canaan,CT,,butchers,best_of_city_list,https://www.ctbites.com/blog/2024/4/14/butchers,"Featured in CT Bites butcher guide; best sellers include prime, grass-fed and dry-aged meats in affluent New Canaan.",2026-06-12
Ridgefield Prime,Ridgefield,CT,,butchers,best_of_city_list,https://www.ctbites.com/blog/2024/4/14/butchers,"CT Bites butcher guide entry selling USDA prime, all-natural grass-fed beef and dry-aged steak.",2026-06-12
Lee's Carroll's Meat Shoppe,Jacksonville,FL,,butchers,best_of_city_list,https://jacksonvillehits.com/best-butcher-in-jacksonville,Named the best butcher in Jacksonville; steaks plus artisanal sausages with staff passionate about quality.,2026-06-12
Meat Wonderfood Butcher Shop,Orlando,FL,,butchers,best_of_city_list,https://www.yelp.com/search?find_desc=Butcher+Shop&find_loc=Orlando%2C+FL,"Top Orlando butcher shop carrying select, prime and certified wagyu beef.",2026-06-12
Ogeechee Meat Market,Savannah,GA,,butchers,best_of_city_list,https://www.connectsavannah.com/food-and-drink/food-5481304,"Family-run Savannah nose-to-tail shop buying whole animals from local farms and making sausage, bacon and lunchmeat in-house.",2026-06-12
Hunter Cattle Co.,Brooklet,GA,https://huntercattle.com/,butchers,small_market_local_dominance,https://huntercattle.com/,"Grass-fed beef farm near Savannah with a real retail farm store; praised for quality, atmosphere and variety.",2026-06-12
The Fat Calf,Tulsa,OK,,butchers,best_of_city_list,https://www.yelp.com/search?cflt=butcher&find_loc=Tulsa%2C+OK,Named among Tulsa's top craft butcher shops.,2026-06-12
Siegi's Sausage Factory,Tulsa,OK,,butchers,best_of_city_list,https://findthemarkets.com/meat/meat-markets-in-tulsa/,Tulsa institution crafting traditional Austrian-style sausages in-house since the 1980s.,2026-06-12
Harvard Meats,Tulsa,OK,,butchers,best_of_city_list,https://findthemarkets.com/meat/meat-markets-in-tulsa/,"Family-owned Tulsa butcher known for USDA-certified beef, free-range poultry and an extensive specialty sausage variety.",2026-06-12
Tulsa Beef & Provision,Tulsa,OK,,butchers,best_of_city_list,https://findthemarkets.com/meat/meat-markets-in-tulsa/,Founded 1935; legacy Tulsa butcher supplying residents and restaurants with top-quality beef.,2026-06-12
Cusack Meats,Oklahoma City,OK,,butchers,best_of_city_list,https://butcherbud.com/butcher-shops/oklahoma/oklahoma-city,Legacy family OKC butcher highlighted among the city's top shops; known for smoked meats and quality beef.,2026-06-12
Porcellino's Craft Butcher,Memphis,TN,,butchers,best_of_city_list,https://goop.com/place/tennessee/memphis/white-station-restaurants/porcellinos-craft-butcher/,Chef-led craft butcher from Hog & Hominy's Andy Ticer and Michael Hudman; whole-animal focus with local purveyors.,2026-06-12
The Butcher Shop at Folk's Folly,Memphis,TN,,butchers,best_of_city_list,https://ilovememphisblog.com/top-butcher-shops,Side-door butcher storefront of Memphis' original prime steakhouse; case stocked with prime strips and tomahawks.,2026-06-12
Charlie's Meat Market,Memphis,TN,,butchers,best_of_city_list,https://ilovememphisblog.com/top-butcher-shops,Third-generation family-run Memphis butcher on I Love Memphis' top independent butcher shops list; burger patties ground daily.,2026-06-12
Jesse's Butcher Shop,Knoxville,TN,,butchers,best_of_city_list,https://www.yelp.com/search?cflt=butcher&find_loc=Knoxville%2C+TN,Praised among Knoxville's best butchers for exceptionally high-quality offerings.,2026-06-12
Black Sheep Market GVL,Greenville,SC,,butchers,best_of_city_list,https://gvltoday.6amcity.com/butcher-shops-greenville-sc,Featured in GVLtoday's roundup of Greenville butcher shops; independent specialty butcher and market.,2026-06-12
Anderson Butcher Shop,Anderson,SC,,butchers,small_market_local_dominance,https://myfamilytravels.com/hidden-butcher-shops-in-south-carolina-that-foodies-are-traveling-for/,Family-owned upstate SC shop with 36 years of experience; fresh-cut meats plus gourmet to-go dishes.,2026-06-12
High Steaks Butcher Shop,Johns Island,SC,,butchers,best_of_city_list,https://myfamilytravels.com/hidden-butcher-shops-in-south-carolina-that-foodies-are-traveling-for/,"Small, focused Johns Island butcher offering custom cuts with cooking guidance; on SC hidden butcher shops list.",2026-06-12
The Mayor,Richmond,VA,https://www.themayormeats.com,butchers,best_of_city_list,https://www.themayormeats.com,"Full-service butcher shop founded by CIA-trained chef-butcher Kyle Morse; premium cuts, charcuterie and sausages all crafted in-house from local meats.",2026-06-12
Harv's Butcher Shop,Lancaster,KY,https://harvsbutchershop.com/,butchers,small_market_local_dominance,https://decorhint.com/kentucky-meat-markets-that-prove-good-butcher-still-matters/,Independent small-town Kentucky butcher featured among 11 Kentucky meat markets proving a good butcher still matters.,2026-06-12
Keener Farm Butcher Block,Dayton,OH,https://www.keenerfarm.com/keener-butcher-block/,butchers,existing_club_transition,https://www.keenerfarm.com/keener-butcher-block/,"Farm-owned retail butcher store tied to a meat CSA program; grass-fed beef, pastured chicken and choice pork cuts.",2026-06-12
The Hungarian Butcher,Dayton,OH,,butchers,best_of_city_list,https://www.yelp.com/search?cflt=butcher&find_loc=Dayton%2C+OH,"Top-rated Dayton butcher making exceptional sausages in-house, including spicy smoked Hungarian sausage and custom varieties.",2026-06-12
Carroll Creek Farms - The Meat Retreat,Waynesville,OH,https://www.carrollcreekfarms.com/how-it-works/where-to-buy-and-pickup/,butchers,small_market_local_dominance,https://www.carrollcreekfarms.com/how-it-works/where-to-buy-and-pickup/,Farm-run retail meat store serving Cincinnati and Dayton; pasture-raised meats with home delivery program.,2026-06-12
Underground Meats,Madison,WI,https://undergroundmeats.com/,butchers,press_awards_recent_momentum,https://undergroundmeats.com/,Madison artisanal charcuterie maker working with local farmers and heritage breeds; handcrafted salami.,2026-06-12
La Vacca Butchery,Grand Rapids,MI,,butchers,best_of_city_list,https://www.yelp.com/search?cflt=butcher&find_loc=Grand+Rapids%2C+MI,Named among Grand Rapids' top butcher shops; independent craft butchery.,2026-06-12
Grand Butchers,Grand Rapids,MI,,butchers,best_of_city_list,https://www.yelp.com/search?cflt=butcher&find_loc=Grand+Rapids%2C+MI,Listed among the top-rated independent butcher shops in Grand Rapids.,2026-06-12
Byron Center Meats,Byron Center,MI,,butchers,small_market_local_dominance,https://www.yelp.com/search?cflt=meats&find_loc=Grand+Rapids%2C+MI,Long-running family butcher near Grand Rapids known for award-winning house-made sausage and smoked meats.,2026-06-12
Mudpond Farm,Honesdale,PA,,butchers,small_market_local_dominance,https://www.paeats.org/news/2024/41-pennsylvania-butchers/,PA Eats '41 Prime PA Butcher Shops' pick; farm-plus-butcher-shop with wagyu cuts and hand-cut jerky smoked in house.,2026-06-12
Citera Meat Market,Stroudsburg,PA,,butchers,best_of_city_list,https://www.paeats.org/news/2024/41-pennsylvania-butchers/,PA Eats prime-butcher list; family-owned traditional shop with smoked products and meat cut daily.,2026-06-12
Gordon's Butcher & Market,Erie,PA,,butchers,best_of_city_list,https://www.paeats.org/news/2024/41-pennsylvania-butchers/,"PA Eats prime-butcher list pick for Erie; full butcher case of steaks, sausage and house items.",2026-06-12
Lombardi's Prime Meats,Philadelphia,PA,,butchers,best_of_city_list,https://www.paeats.org/news/2024/41-pennsylvania-butchers/,PA Eats prime-butcher list; owner Anthony Lombardi's South Philly shop with prime steak cuts and milk-fed veal.,2026-06-12
Halteman Family Meats,Philadelphia,PA,https://haltemanfamilymeats.com/,butchers,best_of_city_list,https://www.paeats.org/news/2024/41-pennsylvania-butchers/,"Reading Terminal Market butcher on PA Eats prime-butcher list; specialties in smoked bacon, scrapple and prime beef.",2026-06-12
Haring Brothers Meats,Doylestown,PA,,butchers,press_awards_recent_momentum,https://bucksco.today/2026/05/haring-brothers-meats-doylestown/,Named one of the best butcher shops in Pennsylvania in May 2026 local press coverage.,2026-06-12
Buffalo Butchers,Buffalo,NY,,butchers,best_of_city_list,https://www.yelp.com/search?cflt=butcher&find_loc=Buffalo%2C+NY,Listed among Buffalo's top butcher shops; independent cut-to-order butcher.,2026-06-12
Valint's Meats,Buffalo,NY,,butchers,best_of_city_list,https://www.yelp.com/search?cflt=butcher&find_loc=Buffalo%2C+NY,Top Buffalo butcher with meats cut to order including pork crown roast and extra-thick prime steaks.,2026-06-12
Butcher's Blueprint,Gates,NY,https://www.butchersblueprint.com/,butchers,best_of_city_list,https://www.butchersblueprint.com/,Rochester-area butcher offering fresh hand-cut meats with custom cuts tailored to customer preferences.,2026-06-12
Mazzye's Meats,North Syracuse,NY,,butchers,best_of_city_list,https://www.yelp.com/search?find_desc=Butcher&find_loc=Syracuse%2C+NY,Named among Syracuse's leading butcher shops; independent full-service butcher.,2026-06-12
Fenwick's Choice Meats,Baltimore,MD,https://crossstmarket.com/merchant/fenwicks-choice-meats/,butchers,best_of_city_list,https://crossstmarket.com/merchant/fenwicks-choice-meats/,Cross Street Market butcher since 1952 known for quality meats from whole chickens to slab bacon and custom cuts.,2026-06-12
Wasserman & Lemberger,Baltimore,MD,https://wandlkoshermeats.com/,butchers,best_of_city_list,https://wandlkoshermeats.com/,Baltimore's premier kosher butchery since 1950 with most beef locally sourced.,2026-06-12
Baumann's Fine Meats,Brentwood,MO,https://baumannsfinemeats.com/,butchers,press_awards_recent_momentum,https://www.stlmag.com/dining/the-best-butcher-shops-in-st-louis/,Voted favorite butcher shop in Sauce Magazine Readers' Choice; Brentwood staple since 1988 with hand-cut steaks and house andouille.,2026-06-12
G&W Sausage Co.,St. Louis,MO,,butchers,best_of_city_list,https://www.stlmag.com/dining/the-best-butcher-shops-in-st-louis/,St. Louis Magazine best-butcher list; the city's source for traditional Bavarian sausages made the same way since the 1960s.,2026-06-12
Horrmann Meat Co.,Springfield,MO,,butchers,best_of_city_list,https://www.yelp.com/search?find_desc=Butcher+Shop&find_loc=Springfield%2C+MO,Springfield MO butcher known for fresh (not frozen) meats and specialty items.,2026-06-12
Utah Natural Meat,West Jordan,UT,https://www.utahnaturalmeat.com/,butchers,small_market_local_dominance,https://www.visitutah.com/articles/where-s-the-meat,"Third-generation farm with on-farm butcher shop; meat dry-aged, hand-cut and wrapped on site with a head-to-tail philosophy.",2026-06-12
Mad Butcher Meat Co.,Sacramento,CA,,butchers,best_of_city_list,https://sactoday.6amcity.com/local-butchers-making-sacramento-cut-above-the-rest,Family-owned Sacramento shop known for hard-to-find cuts like A5 Wagyu; featured in SACtoday local butcher roundup.,2026-06-12
Watkins Ranch Butcher Shop,Santa Barbara,CA,,butchers,best_of_city_list,https://www.yelp.com/search?cflt=butcher&find_loc=Santa+Barbara%2C+CA,Ranch-backed butcher shop named among Santa Barbara's top butchers.,2026-06-12
The Ventura Meat Company,Ventura,CA,,butchers,best_of_city_list,https://www.yelp.com/search?cflt=butcher&find_loc=Santa+Barbara%2C+CA,Independent craft butcher listed among the top shops in the Santa Barbara/Ventura area.,2026-06-12
Woody's Butcher Block,San Luis Obispo,CA,,butchers,best_of_city_list,https://www.yelp.com/search?cflt=butcher&find_loc=San+Luis+Obispo%2C+CA,Top-rated San Luis Obispo butcher recognized among grass-fed beef butchers.,2026-06-12
Suprema Meat Market,Oceano,CA,,butchers,best_of_city_list,https://www.yelp.com/search?cflt=butcher&find_loc=San+Luis+Obispo+County%2C+CA,Listed among SLO County's top butchers and grass-fed beef sources.,2026-06-12
Sam's Butcher Block,Bosque Farms,NM,,butchers,small_market_local_dominance,https://myfamilytravels.com/hidden-new-mexico-butcher-shops-locals-swear-by/,"Family-owned gem on the hidden New Mexico butcher shops list, known for unbeatable ribeyes.",2026-06-12
Green Valley Meats,Albuquerque,NM,,butchers,best_of_city_list,https://www.yelp.com/search?cflt=butcher&find_loc=Albuquerque%2C+NM,Recommended among Albuquerque's quality craft butcher shops.,2026-06-12
Casanova's Butchery,Omaha,NE,,butchers,best_of_city_list,https://movetoomaha.com/best-butcher-shops-in-omaha/,Small chef-driven Omaha shop with dry-aged options and seasonal specialties.,2026-06-12
Central Meat Market,Providence,RI,https://www.centralmeatmarket.com/,butchers,best_of_city_list,https://www.centralmeatmarket.com/,Family-owned full-line Providence butcher since the early 1980s; all butchers have 15+ years of custom-cutting experience.,2026-06-12
Bourgeois Meat Market,Thibodaux,LA,https://bourgeoismeatmarket.com/,butchers,small_market_local_dominance,https://bourgeoismeatmarket.com/,Family-owned Louisiana boucherie since 1891 handcrafting authentic Cajun smoked meats with old-school techniques.,2026-06-12
Salumeria Biellese,New York,NY,https://www.salumeriabiellese.com/,butchers,press_awards_recent_momentum,https://www.salumeriabiellese.com/,"Hand-crafting salami since 1925; Slow Food NYC award recipient for authenticity, quality and sustainability.",2026-06-12
Salumeria Rosi,New York,NY,https://www.salumeriarosinyc.com/,butchers,best_of_city_list,https://www.salumeriarosinyc.com/,Upper West Side salumi shop and restaurant hybrid offering imported and house Italian cured meats at a retail counter.,2026-06-12
Journeyman Meat Co.,Healdsburg,CA,https://journeymanmeat.com/,butchers,best_of_city_list,https://journeymanmeat.com/cut-cured-crafted/salumeria-wine-shop/,"Old-world butcher shop and salumeria with handmade salumi delivered daily from its own salumificio, paired with local wines.",2026-06-12
La Salumina,Hurleyville,NY,https://www.lasaluminany.com/,butchers,small_market_local_dominance,https://www.lasaluminany.com/,Catskills artisan salumeria crafting Italian-style cured meats with a retail shop.,2026-06-12
Piccone's Corner,Portland,OR,,butchers,press_awards_recent_momentum,https://www.pdxmonthly.com/eat-and-drink/2023/05/piccones-corner-butcher-shop-salumi-salami,"Portland Monthly covered its house-made farm-to-ferment salumi program, curing 45 days to 18 months for culatello.",2026-06-12
Primal Meat & Fish Market,Bozeman,MT,,butchers,best_of_city_list,https://my1035.com/best-meat-in-bozeman/,Full-service Bozeman butcher shop with local and regional meats; on Bozeman's best butchers list.,2026-06-12
Matt's Old Fashioned Butcher and Deli,Livingston,MT,,butchers,small_market_local_dominance,https://xlcountry.com/local-butcher-shops-montana/,Livingston's go-to butcher for locally processed meat since 1996.,2026-06-12
Double K Ranch Meats,Missoula,MT,https://www.doublekranchmt.com/,butchers,small_market_local_dominance,https://www.doublekranchmt.com/,Ranch-backed butcher with Missoula and Darby locations plus a restaurant and deli; Montana's finest local meats.,2026-06-12
Oxford Meat Company,Oxford,MS,,butchers,best_of_city_list,https://oxfordmag.com/a-cut-above-the-rest-oxford-meat-company-brings-new-option-to-town/,"Oxford Magazine profile; shop founded to bring the freshest, best-tasting meats and seafood to Oxford with house prepared items.",2026-06-12
LB's Meat Market,Oxford,MS,,butchers,press_awards_recent_momentum,https://qualitybusinessawards.com/2026/the-best-Butcher-Shop-in-Oxford-Mississippi/LBs-Meat-Market,Named best butcher shop in Oxford MS 2026 (Quality Business Awards); praised for aged products and wide selection.,2026-06-12
The Flora Butcher,Flora,MS,,butchers,small_market_local_dominance,https://www.facebook.com/theflorabutcher/,"Old-world style Mississippi butcher shop specializing in local animals, artisan products and Raines Farm Wagyu beef.",2026-06-12
Hall's Market,West Hartford,CT,,butchers,best_of_city_list,https://www.yelp.com/search?find_desc=Butcher+Shop&find_loc=Hartford%2C+CT,Named among the Hartford area's top butcher shops; long-standing family market with full butcher counter.,2026-06-12
Newington Meat Center,Newington,CT,,butchers,best_of_city_list,https://www.yelp.com/search?find_desc=Butcher+Shop&find_loc=Hartford%2C+CT,Listed among the top butcher shops in the Hartford area; independent full-service meat center.,2026-06-12
Arnold's Meats,Chicopee,MA,https://arnoldsmeats.com/,butchers,best_of_city_list,https://arnoldsmeats.com/,"Family-owned Western Mass butcher since 1974 with one of the region's largest selections of beef, lamb and veal cut to order.",2026-06-12
Ye Olde Butcher Shoppe,Springfield,MA,,butchers,best_of_city_list,https://www.yelp.com/search?cflt=butcher&find_loc=Springfield%2C+MA,Named among the best butchers in Springfield MA; traditional independent butcher shop.,2026-06-12
Rolf's Pork Store,Albany,NY,,butchers,best_of_city_list,https://www.yelp.com/search?cflt=meats&find_loc=Albany%2C+NY,Albany German-style pork store named among the area's top meat shops; house-made wursts and smoked meats.,2026-06-12
Fred the Butcher,Halfmoon,NY,,butchers,best_of_city_list,https://www.yelp.com/search?cflt=meats&find_loc=Albany%2C+NY,Top-rated Albany-area independent butcher shop.,2026-06-12
PRIMAL: Your Local Butcher,Albany,NY,,butchers,best_of_city_list,https://www.yelp.com/search?cflt=meats&find_loc=Albany%2C+NY,Albany craft butcher named among the area's top meat shops.,2026-06-12
Haldas Market,Wilmington,DE,,butchers,best_of_city_list,https://decorhint.com/delaware-butcher-shops-known-for-high-quality-cuts/,On the 10 Delaware butcher shops known for high-quality cuts list; customers cite it as the quality butcher in Wilmington.,2026-06-12
Bachetti Bros,Wilmington,DE,,butchers,best_of_city_list,https://decorhint.com/delaware-butcher-shops-known-for-high-quality-cuts/,Long-running family butcher and gourmet market on Delaware's high-quality-cuts butcher list.,2026-06-12
Herman's Quality Meat Shoppe,Newark,DE,,butchers,best_of_city_list,https://decorhint.com/delaware-butcher-shops-known-for-high-quality-cuts/,Named among Delaware butcher shops known for high-quality cuts.,2026-06-12
Santana's Butchery,Wilmington,DE,,butchers,best_of_city_list,https://www.yelp.com/search?cflt=butcher&find_loc=Wilmington%2C+DE,Listed among Wilmington's top independent butcher shops.,2026-06-12
Rancher Butcher Chef,Bend,OR,,butchers,best_of_city_list,https://roamthenorthwest.com/the-best-butcher-shops-in-bend/,On the best butcher shops in Bend list; ranch-to-butcher-to-chef concept with its own beef program.,2026-06-12
The Meat Locker,Bend,OR,,butchers,best_of_city_list,https://allthingsbend.org/blog/where-to-get-best-meat-in-bend-or,Named a top meat shop in Bend's where-to-get-the-best-meat guide.,2026-06-12
Long's Meat Market,Eugene,OR,,butchers,best_of_city_list,https://www.yelp.com/search?find_desc=Butcher+Shop&find_loc=Eugene%2C+OR,Eugene institution named among the city's top butcher shops.,2026-06-12
Benedetti's Meat Market & Deli,Eugene,OR,,butchers,best_of_city_list,https://www.yelp.com/search?find_desc=Butcher+Shop&find_loc=Eugene%2C+OR,Named among Eugene's top butcher shops; Italian-style meat market and deli.,2026-06-12
Bright Oak Meats,Eugene,OR,,butchers,best_of_city_list,https://www.yelp.com/search?find_desc=Butcher+Shop&find_loc=Eugene%2C+OR,Eugene craft butcher focused on pasture-raised local meats; on the city's top butcher list.,2026-06-12
John's Meat Market,Scotch Plains,NJ,https://www.johnsmarket.com/,butchers,press_awards_recent_momentum,https://www.johnsmarket.com/,Voted NJ's best butcher; dry-aging USDA beef for over 75 years including four-week-aged prime cuts.,2026-06-12
Beaver Brook Ranch,Hope,NJ,https://beaverbrookranch.com/,butchers,small_market_local_dominance,https://beaverbrookranch.com/,Third-generation farm butcher with retail sales; grass-fed grass-finished beef dry-aged 14 days per cut.,2026-06-12
Wyckoff Prime Meats,Wyckoff,NJ,http://www.waldwickprimemeats.com/,butchers,best_of_city_list,http://www.waldwickprimemeats.com/,"Bergen County butcher offering dry-aged steaks, organic chicken and veal in affluent Wyckoff.",2026-06-12
Monmouth Meats,Red Bank,NJ,,butchers,best_of_city_list,https://wrat.com/listicle/get-your-grill-on-with-these-jersey-shore-butchers-this-holiday-weekend/,Jersey Shore butcher roundup pick; owner-run the old-fashioned way with one-on-one service and quality cuts.,2026-06-12
Bringhurst Meats,Berlin,NJ,https://bringhurstmeats.com/,butchers,small_market_local_dominance,https://bringhurstmeats.com/,Long-running South Jersey family butcher shop and custom meat cutter.,2026-06-12
