name,city,state,website,vertical,source_strategy,source_url,evidence,date_added
Grapefruit,Hudson,NY,,wine,natural_wine_map,https://www.chronogram.com/food-drink/natural-wine-shops-in-the-hudson-valley-11920168,"All-natural wine shop on Warren Street curated by wine director Belle Cushing with low/no-intervention reds, whites, skin-contact and sparkling",2026-06-16
Blacksmith Wines,Millerton,NY,,wine,natural_wine_map,https://www.chronogram.com/food-drink/natural-wine-shops-in-the-hudson-valley-11920168,"Dutchess County shop with ample orange, natural and Pet Nat wines plus Hudson Valley and NY State bottles",2026-06-16
Brunette,Kingston,NY,,wine,natural_wine_map,https://valleytable.com/natural-wines-are-making-a-splash-in-the-hudson-valley/,Waterfront-district Kingston shop opened 2015 with an outstanding minimal-intervention natural-wine program,2026-06-16
BackBar,Hudson,NY,,wine,natural_wine_map,https://valleytable.com/natural-wines-are-making-a-splash-in-the-hudson-valley/,Warren Street spot featuring a focused list of minimal-intervention wines,2026-06-16
Flowercup Wine,Cold Spring,NY,,wine,natural_wine_map,https://valleytable.com/natural-wines-are-making-a-splash-in-the-hudson-valley/,Cold Spring natural wine shop listed among Hudson Valley natural-wine destinations,2026-06-16
Old Port Wine and Cigars,Portland,ME,https://www.oldportwineandcigar.com/,wine,best_of_city_list,https://www.yelp.com/search?find_desc=Wine+Store&find_loc=Portland%2C+ME,"Largest independent wine retailer in Maine with bottles from California to Croatia, $6 to $600",2026-06-16
Bow Street Beverage,Portland,ME,https://bowstreetbeverage.com/,wine,best_of_city_list,https://bowstreetbeverage.com/wine/,Maine's best wine shop with a certified sommelier curating the wall and a growing natural wine section,2026-06-16
The Wine Press,Brookline,MA,,wine,best_of_city_list,https://www.yelp.com/search?find_desc=Wine+Store&find_loc=Boston%2C+MA,Specialty wine shop on Beacon St known for a carefully curated selection of wines with personalized recommendations,2026-06-16
Cambridge Vinopolis,Cambridge,MA,,wine,best_of_city_list,https://wanderlog.com/place/details/12512730/cambridge-vinopolis,"Cambridge wine shop with hand-picked collection from Spain, Portugal, Italy and Georgia",2026-06-16
Solar,Philadelphia,PA,,wine,natural_wine_map,https://www.phillymag.com/foobooz/natural-wine-philadelphia/,"Boutique bottle shop with one of the best natural wine lists in the city, affordable and rare selections",2026-06-16
Richmond Bottle Shop,Philadelphia,PA,,wine,natural_wine_map,https://www.inquirer.com/food/best-wine-stores-philadelphia-plcb-bottle-shops-20251210.html,Excellent bottle shop inside a Fishtown IGA with a robust natural and small-production wine section; Best of Philly winner,2026-06-16
ENO Fine Wines,Providence,RI,https://enofinewines.com/,wine,curated_small_grower,https://enofinewines.com/,"Neighborhood shop specializing in unique and natural wines, artisanal beers, specialty spirits and sake in downtown Providence",2026-06-16
Newport Wine Cellar,Newport,RI,https://www.newportwinecellar.com/,wine,curated_small_grower,https://www.newportwinecellar.com/,Boutique wine and gourmet shop with small-production fine wines from growers practicing natural techniques,2026-06-16
Bottles,Providence,RI,,wine,best_of_city_list,https://ediblerhody.ediblecommunities.com/drink/shopping-wine-rhode-island,Well-regarded Providence wine shop highlighted in Edible Rhody's guide to shopping for wine in Rhode Island,2026-06-16
The Wine Thief,New Haven,CT,https://www.thewinethief.com/,wine,best_of_city_list,https://www.thewinethief.com/,Carefully curated selection of quality wines with two locations in downtown New Haven and East Rock,2026-06-16
Continental Fine Wines,Greenwich,CT,https://continentalfinewines.com/,wine,curated_small_grower,https://continentalfinewines.com/,Greenwich tradition since 1963 where every bottle is handpicked by a Certified Sommelier with natural standouts and limited-production wines,2026-06-16
Putnam & Vine,Greenwich,CT,,wine,best_of_city_list,https://www.yelp.com/search?find_desc=Wine+Store&find_loc=Greenwich%2C+CT+06830,Among the top independent wine stores near Greenwich,2026-06-16
Val's Wines Spirits & Crafts,Stamford,CT,,wine,best_of_city_list,https://www.yelp.com/search?find_desc=Wine+Store&find_loc=Stamford%2C+CT,Listed among the top wine stores in Stamford,2026-06-16
Toast Wines by Taste,West Hartford,CT,https://www.toastwines.com/,wine,natural_wine_map,https://www.toastwines.com/,"Exotic and domestic wine shop emphasizing organic, sustainable, biodynamic and natural wines",2026-06-16
The Wise Old Dog,West Hartford,CT,https://thewiseolddog.com/,wine,curated_small_grower,https://thewiseolddog.com/,Boutique bottle shop in a restored 1950s gourmet grocery with carefully selected wines and a temperature-controlled fine wine room,2026-06-16
West Side Wines & Spirits,West Hartford,CT,https://www.westsidewines.com/,wine,natural_wine_map,https://www.westsidewines.com/,"West Hartford shop featuring natural wines (It's Only Natural, Wine of Course promotion)",2026-06-16
Amanti Vino,Morristown,NJ,,wine,existing_club_transition,https://www.themontclairgirl.com/wine-store-montclair-nj-amanti-vino/,"Award-winning shop with a huge focus on organic, biodynamic, naturally made wines and beer and wine clubs; second location",2026-06-16
The Natural Wine Shoppe,Asbury Park,NJ,,wine,natural_wine_map,https://njmonthly.com/articles/eat-drink/table-hopping/the-natural-wine-shoppe-dante-decicco/,Low-intervention wine sourced worldwide; goal to make natural wine accessible to as many people as possible; Asbury Park and Jersey City locations,2026-06-16
Neighbors Wine Shop,Jersey City,NJ,https://neighborswineshop.com/,wine,natural_wine_map,https://neighborswineshop.com/,"Home to natural wine, Pet-Nats, orange, organic, biodynamic and sulfite-free wine in NJ",2026-06-16
Riverview Wine Beer & Spirits,Jersey City,NJ,,wine,natural_wine_map,https://jerseycityupfront.com/riverview-wine-brings-natural-wine-to-jersey-city/,Natural wine shop in Jersey City Heights focused on supporting artisanal makers,2026-06-16
Elysian Wine and Spirits,Jersey City,NJ,,wine,curated_small_grower,https://www.hobokengirl.com/elysian-wine-spirits-jersey-city/,"Owned by the team behind Elysian Cafe, selling a curated selection of wine and spirits with offbeat selections; opened Jan 2024",2026-06-16
Refined Wines & Spirits,Jersey City,NJ,,wine,curated_small_grower,https://jerseydigs.com/refined-wines-jersey-city/,Curated collection of small-production wines and rare finds; wine lead previously at Bottle Rocket NYC; opened Oct 2025,2026-06-16
Village Wine & Spirits,Jersey City,NJ,,wine,curated_small_grower,https://jcfamilies.com/your-guide-to-the-best-wine-shops-in-jersey-city/,"Curated selection of wine, spirits and craft beer in downtown Jersey City",2026-06-16
Princeton Corkscrew Wine Shop,Princeton,NJ,https://www.princetoncorkscrew.com/,wine,curated_small_grower,https://www.princetoncorkscrew.com/,Independent merchant since 1996 with one of the finest selections of hand-crafted small-production wines; you'll have trouble finding ordinary name brands,2026-06-16
Super Cellars,Ridgewood,NJ,https://www.supercellars.com/,wine,best_of_city_list,https://www.yelp.com/search?find_desc=Wine+Store&find_loc=Ridgewood%2C+NJ+07450,Ridgewood wine store offering various international wines among top options,2026-06-16
The Wine List,Summit,NJ,,wine,best_of_city_list,https://www.yelp.com/search?find_desc=Wine+Store&find_loc=Princeton%2C+NJ+08540,Summit shop with a variety of selections and an upstairs section featuring more premium options,2026-06-16
Wine Barrel,Maplewood,NJ,,wine,best_of_city_list,https://www.yelp.com/search?find_desc=Wine+Store&find_loc=Maplewood%2C+NJ,Listed among top wine store options in Maplewood,2026-06-16
Wine Works,Cherry Hill,NJ,,wine,best_of_city_list,https://www.yelp.com/search?find_desc=Wine+Shop&find_loc=Cherry+Hill%2C+NJ,Among the top-rated independent wine shops in Cherry Hill,2026-06-16
Winkler & Samuels,Buffalo,NY,https://winklerandsamuels.com/,wine,curated_small_grower,https://winklerandsamuels.com/,Distinguished shop in a historic factory carrying 600+ wines with a well-curated selection from natural and conventional makers; cellar memberships,2026-06-16
Funk and Fermentation,Buffalo,NY,https://funkandfermentation.com/,wine,natural_wine_map,https://funkandfermentation.com/,"Boutique dedicated to biodynamic and low-intervention wines, ciders, sake and meads in Elmwood Village",2026-06-16
Aldaskeller Wine Co.,Rochester,NY,https://www.aldaskeller.com/,wine,natural_wine_map,https://www.roccitymag.com/life/aldaskeller-makes-a-home-for-natural-wine-in-rochester-14167096,"South Wedge shop with extensively curated natural wines from biodynamic, organic and sustainable vineyards",2026-06-16
The Underground Bottle Shop,Auburn,NY,,wine,small_market_local_dominance,https://www.visitithaca.com/food-drink/wineries/,"Family-owned boutique with organic small-batch wines and craft hard cider, specializing in NY State and Finger Lakes products",2026-06-16
The Cellar d'Or,Ithaca,NY,,wine,curated_small_grower,https://www.downtownithaca.com/directory/wines-liquors/,Family-owned boutique specializing in small-production estate-bottled wines and ciders celebrating small producers,2026-06-16
Twenty-Two 2nd Street Wine Co.,Troy,NY,,wine,natural_wine_map,https://mysa.wine/blogs/no-mog-blog/where-to-find-natural-wine-new-york-state,"Boutique Troy shop with carefully curated small-batch wines and a strong focus on natural, organic and biodynamic producers",2026-06-16
The Reed Street Bottle Shop,Albany,NY,https://reedstreetbottleshop.com/,wine,natural_wine_map,https://reedstreetbottleshop.com/,Neighborhood shop focusing on sustainable wines from independent producers with natural and skin-contact wines,2026-06-16
Tarrytown Bottle Shop,Tarrytown,NY,,wine,best_of_city_list,https://www.yelp.com/biz/tarrytown-bottle-shop-tarrytown,"Carefully curated selection of exceptional wines and spirits, a go-to for enthusiasts and connoisseurs",2026-06-16
Maison Brondeau,White Plains,NY,,wine,curated_small_grower,https://westchestermagazine.com/food/top-wine-shops/,Hospitality-driven wine and spirits boutique founded 2025 with a curated global selection and a tasting bar,2026-06-16
Sip & Say Craft Wine & Spirits,Merrick,NY,,wine,curated_small_grower,https://www.bestoflongisland.com/best-wine-store-on-long-island/,"Founded by certified sommelier Adam Schneider; each bottle a shining example of small batch, organic, biodynamic and natural techniques",2026-06-16
Williston Park Wines & Spirits,Williston Park,NY,https://willistonparkwines.com/,wine,natural_wine_map,https://willistonparkwines.com/collections/natural-wines,Independent natural wine shop based in New York dedicated to the best natural wine products,2026-06-16
One Kourt Studio,Greenport,NY,,wine,curated_small_grower,https://wanderlog.com/place/details/10668345/one-kourt-studio,Boutique-style wine shop in Eastern Long Island with a curated collection of local and global wines plus indie spirits; world-class sustainable products,2026-06-16
Henry's Wine & Spirit,Brooklyn,NY,https://henrys.nyc/,wine,natural_wine_map,https://sprudge.com/in-brooklyn-a-tiny-universe-of-natural-wine-at-henrys-wine-spirit-3180.html,"Bushwick hotspot for organic and natural wine since 2013, grown to nearly 1,500 wines with a heavy focus on smaller producers",2026-06-16
Stranger Wines,Brooklyn,NY,https://www.strangerwinesnyc.com/,wine,natural_wine_map,https://www.strangerwinesnyc.com/,Vibrant Williamsburg shop focused on natural and organic wines from small independent producers,2026-06-16
Big Nose Full Body,Brooklyn,NY,https://www.bignosefullbody.com/,wine,natural_wine_map,https://www.bignosefullbody.com/,"Carries over 600 curated wines with a focus on sustainability, organics and biodynamics",2026-06-16
The Natural Wine Company,Brooklyn,NY,,wine,natural_wine_map,https://www.timeout.com/newyork/shopping/the-natural-wine-company,Williamsburg shop focusing exclusively on small-batch wines produced with minimal intervention; regular tastings,2026-06-16
Rhodora,Brooklyn,NY,,wine,natural_wine_map,https://mysa.wine/blogs/no-mog-blog/where-to-find-natural-wine-in-brooklyn-nyc,Fort Greene spot combining a cozy restaurant and a curated wine shop with organic and biodynamic natural wine producers,2026-06-16
The Wine Bottega,Boston,MA,,wine,existing_club_transition,https://www.boston.com/culture/food/2021/09/25/where-to-find-natural-wine-around-boston/,North End shop selling exclusively natural wine since 2016 with a Natty Wine Club subscription of three or six bottles a month,2026-06-16
Rebel Rebel,Somerville,MA,https://www.rebelrebelsomerville.com/,wine,natural_wine_map,https://www.raisin.digital/en/explore/united-states/massachusetts/venues/rebel-rebel-qy-6274/,Woman-owned natural and small-batch wine retail and bar in Bow Market opened 2018 by sommelier Lauren Friel; retail hybrid,2026-06-16
Wild Child,Somerville,MA,,wine,natural_wine_map,https://www.raisin.digital/en/north-america/countries/united-states/massachusetts/wine-shops/,Bow Market natural wine shop and culinary bookstore/events space run by sommelier Lauren Friel,2026-06-16
Bonde Fine Wine Shop,Cambridge,MA,,wine,natural_wine_map,https://www.raisin.digital/en/north-america/countries/united-states/massachusetts/wine-shops/,"Harvard Square shop curated by Bertil Jean-Chronberg, a local hub for domestic and natural wines",2026-06-16
Neighborhood Wines,Cambridge,MA,,wine,natural_wine_map,https://www.raisin.digital/en/explore/united-states/massachusetts/venues/neighborhood-wines-20464/,Cambridge wine shop with a selection of natural wines listed on Raisin,2026-06-16
American Provisions,Boston,MA,,wine,natural_wine_map,https://blog.resy.com/2021/06/natural-wine-in-boston/,"South Boston and Dorchester shops focusing on natural wine plus thoughtfully sourced artisan cheese, meats and craft beer",2026-06-16
Canal District Wines,Worcester,MA,https://www.canaldistrictwines.com/,wine,natural_wine_map,https://www.canaldistrictwines.com/,Worcester Public Market shop with thoughtfully curated wines including niche Portuguese and natural selections,2026-06-16
Lower Falls Wine Co.,Newton,MA,https://lowerfallswine.com/,wine,best_of_city_list,https://lowerfallswine.com/,Third-generation independent wine and spirits store with knowledgeable staff and individual attention,2026-06-16
Vinodivino,Newton,MA,https://vinodivino.com/,wine,best_of_city_list,https://vinodivino.com/blogs/blog/newtons-local-wine-store,Meticulously curated selection spanning the globe with locations in Newton and Brookline,2026-06-16
The Bottle Shop Beverly,Beverly,MA,https://thebottleshopbeverly.myshopify.com/,wine,natural_wine_map,https://www.atly.com/location/TheBottleShop2,Retail shop offering small-production low-intervention wines from small producers plus craft beer and spirits,2026-06-16
Salem Wine Imports,Salem,MA,https://salemwineimports.com/,wine,curated_small_grower,https://salemwineimports.com/,"Family-run shop specializing in wines from smaller vineyards plus local beers, mead and ciders; weekly wine school",2026-06-16
Provisions,Northampton,MA,,wine,best_of_city_list,https://vinepair.com/articles/best-wine-shops-2017/,"Northampton shop with close to 1,000 handpicked wines, more than 400 priced at $15 or under",2026-06-16
State Street Wines & Spirits,Northampton,MA,,wine,small_market_local_dominance,https://www.yelp.com/search?find_desc=Wine+Shop&find_loc=Northampton%2C+MA,In the heart of Northampton with good value and a sophisticated selection and friendly helpful staff,2026-06-16
Joppa Fine Foods,Newburyport,MA,,wine,existing_club_transition,https://vinepair.com/articles/best-wine-shops-2018/,Early natural-wine believer selling them exclusively for nearly a decade and recently launched a wine club,2026-06-16
Tip Top,Boston,MA,,wine,natural_wine_map,https://vinepair.com/articles/best-wine-shops-2018/,Opened 2023 sourcing bottles with a special emphasis on family and small producers plus natural and organic wines,2026-06-16
Social Wines,Boston,MA,http://socialwinesbos.com/,wine,natural_wine_map,http://socialwinesbos.com/natural-wine,South Boston contemporary wine shop with a carefully curated selection from around the globe and a natural wine focus,2026-06-16
Dare Bottleshop & Provisions,Lenox,MA,,wine,natural_wine_map,https://www.raisin.digital/en/north-america/countries/united-states/massachusetts/wine-shops/,Lenox bottle shop offering a selection of natural wines in the Berkshires,2026-06-16
Spirited Wines,Lenox,MA,https://www.spirited-wines.com/,wine,small_market_local_dominance,https://www.spirited-wines.com/,"Lenox shop carrying artisan wines, craft beers, cheeses and gourmet foods; reviewed as best wine store in the region",2026-06-16
Perry's Fine Wine & Liquors,Provincetown,MA,https://ptownperrys.com/,wine,small_market_local_dominance,https://ptownperrys.com/,Award-winning Provincetown shop since 1934 with a curated selection including natural wines and orange wines,2026-06-16
Dunn & Sons Wine,Yarmouth Port,MA,https://www.dunnandsonswine.com/,wine,curated_small_grower,https://www.dunnandsonswine.com/,Cape Cod shop offering a curated selection of natural and fine wines with exceptional customer service,2026-06-16
Wilder Wines,Burlington,VT,https://www.wilderwinesvt.com/,wine,press_awards_recent_momentum,https://www.wineenthusiast.com/culture/travel/unique-wines-town-charm-burlington-vt/,"Listed by Wine Enthusiast and Punch among the best shops in the country, supporting Vermont producers and low/no-intervention wines",2026-06-16
La Reprise,Burlington,VT,https://www.lareprisewines.com/,wine,curated_small_grower,https://www.lareprisewines.com/,Burlington wine shop and restaurant built on deep knowledge born from a love of thoughtful curation and community,2026-06-16
Burlington Wine Shop,Burlington,VT,https://burlingtonwineshop.com/,wine,best_of_city_list,https://burlingtonwineshop.com/,Burlington wine shop listed among the city's best wine shops,2026-06-16
South Street and Vine,Portsmouth,NH,,wine,best_of_city_list,https://fromthevinetowine.com/2024/07/29/best-wine-shop-in-portsmouth-nh/,Recommended Portsmouth wine shop highlighted among the best in the city,2026-06-16
Apteka,Pittsburgh,PA,,wine,natural_wine_map,https://www.verylocal.com/apteka-natural-wine/3223/,"Pittsburgh's first natural wine shop, a boutique bottle shop with a record-store feel by Tomasz Skowronski and Kate Lasky",2026-06-16
Bar Marco,Pittsburgh,PA,,wine,curated_small_grower,https://pittsburgh.tablemagazine.com/blog/pittsburgh-wine-shops/,Strip District spot with a James Beard-nominated beverage program and a bottle shop of curated selections,2026-06-16
P'Vino,Pittsburgh,PA,,wine,curated_small_grower,https://pittsburgh.tablemagazine.com/blog/pittsburgh-wine-shops/,Shadyside mom-and-pop store for the wine aficionado wanting difficult-to-locate bottles,2026-06-16
Tina's,Pittsburgh,PA,,wine,natural_wine_map,https://www.tablemagazine.com/natural-wines-pittsburgh/,Bloomfield corner store and bar that sells natural wine,2026-06-16
Le Virtu Enoteca,Philadelphia,PA,https://www.levirtu.com/,wine,natural_wine_map,https://www.phillymag.com/foobooz/natural-wine-philadelphia/,"East Passyunk Enoteca & Alimentari offering natural, organic and biodynamic wines to go, nearly 100 low-intervention bottles",2026-06-16
Bloomsday,Philadelphia,PA,,wine,natural_wine_map,https://www.phillymag.com/foobooz/natural-wine-philadelphia/,Queen Village cafe doubling as a bottle shop curated by Tim Kweeder sourcing sustainable-practice producers; retail-shop hybrid,2026-06-16
Jamie's Bottle Shop,Scottsdale,AZ,https://www.jamiesbottleshop.com/,wine,curated_small_grower,https://www.jamiesbottleshop.com/about/,"Curated Old Town Scottsdale bottle shop opened by Jamie Hormel, 700+ labels incl sustainable/cult, intimate tasting tables",2026-06-16
Atlas Wines,Scottsdale,AZ,,wine,curated_small_grower,https://www.phoenixnewtimes.com/restaurants/the-best-wine-shops-in-metro-phoenix-7494665,"Independent boutique bottle shop specializing in independent wineries from around the world, 2515 N Scottsdale Rd",2026-06-16
Phoenix Wine of Scottsdale,Scottsdale,AZ,,wine,curated_small_grower,https://www.yelp.com/biz/phoenix-wine-of-scottsdale-scottsdale,"Curated wine selection, hosts tastings and educational events, bottles to purchase on-site retail",2026-06-16
Sauvage Wine Bar and Shop,Phoenix,AZ,https://www.sauvagephx.com/,wine,natural_wine_map,https://www.sauvagephx.com/,"Named Best Wine Bar in Phoenix; 200+ handpicked all-natural/biodynamic wines, retail shop component",2026-06-16
The Montecito Bottle Shop,Phoenix,AZ,https://themontecitophx.com/,wine,natural_wine_map,https://themontecitophx.com/,"Melrose District curated bottle shop, natural plus classic/traditional producers and up-and-comers",2026-06-16
Unfiltered Natural Wine and More,Phoenix,AZ,https://www.yelp.com/biz/unfiltered-natural-wine-and-phoenix,wine,natural_wine_map,https://www.phoenixnewtimes.com/food-drink/woman-owned-shop-unfiltered-natural-wine-opens-in-downtown-phoenix-18091002/,"Woman-owned downtown bottle shop, organic/biodynamic spontaneously-fermented unfiltered wines",2026-06-16
Monsoon Market,Phoenix,AZ,https://monsoonmrkt.com/,wine,natural_wine_map,https://monsoonmrkt.com/,"Neighborhood natural wine and snack shop, indie and women-owned, curated bottles plus pantry/gifts",2026-06-16
The Cellar Door,Tucson,AZ,,wine,natural_wine_map,https://dropt.beer/insights/your-ultimate-guide-to-wine-shops-in-tucson-arizona/,"Fourth Avenue shop with curated selection emphasizing organic/biodynamic/natural wines, classes and tastings",2026-06-16
GEORGE Wine Shop,Tucson,AZ,https://www.georgewineshop.com/,wine,curated_small_grower,https://www.georgewineshop.com/,"Small-production family-owned wineries, eclectic world-spanning selection at approachable prices, personalized tastings",2026-06-16
The Art of Wine,Sedona,AZ,https://artofwinesedona.com/,wine,small_market_local_dominance,https://artofwinesedona.com/,Locally-owned sommelier husband-wife shop in resort Sedona; wine store with 600+ bottles plus tasting (retail hybrid),2026-06-16
Vino Di Sedona,Sedona,AZ,https://vinodisedona.com/,wine,small_market_local_dominance,https://vinodisedona.com/,Sedona premium fine wine store with 900+ wines incl AZ; retail wine store plus bar in resort town,2026-06-16
Majestic Marketplace,Flagstaff,AZ,,wine,small_market_local_dominance,https://sedonamonthly.com/2018/flagstaff-wine-spots/,"Flagstaff shop with hundreds of labels, largest port collection in N AZ, hard-to-find Champagnes, high-end repository",2026-06-16
Garagiste Wine Room & Merchant,Las Vegas,NV,https://www.garagistelv.com/,wine,press_awards_recent_momentum,https://www.garagistelv.com/about-us,"Arts District bottle shop, small-production off-beaten-path wines, 2023 James Beard nominee, Certified Somm owner ex-Bouchon",2026-06-16
Wineaux,Las Vegas,NV,https://www.wineauxlv.com/,wine,curated_small_grower,https://www.wineauxlv.com/,"Expertly curated wines and paired bites, thoughtfully sourced bottles from around the world, retail shop and bar",2026-06-16
Franco Wine,Las Vegas,NV,https://francowine.com/,wine,curated_small_grower,https://francowine.com/,"Highly curated unique wines not in broad markets, focus Europe/New World, hand-curated fine wines retail",2026-06-16
The Good Vine,Las Vegas,NV,,wine,natural_wine_map,https://dropt.beer/insights/uncorking-the-best-wine-shops-in-las-vegas-a-locals-guide/,Curated wine-buying experience incl robust Old World and good range of organic and natural wines,2026-06-16
Archive Wine + Beer,Reno,NV,https://www.archivewinebeer.com/,wine,curated_small_grower,https://www.archivewinebeer.com/,"Riverwalk District, curated collection from family-owned wineries and independent producers connected to their land",2026-06-16
CRAFT Wine & Beer,Reno,NV,https://www.craftreno.net/,wine,natural_wine_map,https://www.craftreno.net/,"Reno shop specializing in imports, natural wine and organic products, focused selection",2026-06-16
Mt. Rose Wine Co.,Reno,NV,https://mtrosewineco.com/,wine,curated_small_grower,https://mtrosewineco.com/,Curates small rotating selection by the glass to try before you buy; retail wine co in South Reno,2026-06-16
Hyde Park Fine Wines,Boise,ID,https://buywinenow.com/,wine,natural_wine_map,https://buywinenow.com/,"Large inventory of rare, natural and fine wines; highest-rated wine shop and bar in Boise, sustainable practices",2026-06-16
City Center Wines,Boise,ID,https://www.citycenterwines.com/,wine,curated_small_grower,https://www.citycenterwines.com/,Downtown Boise lovingly curated artisanal wines from small-production and family-owned wineries incl natural,2026-06-16
Sun Valley Wine Company,Ketchum,ID,https://sunvalleywineco.com/,wine,small_market_local_dominance,https://visitsunvalley.com/dining-shopping/sun-valley-wine-company/,"Resort-town Ketchum hybrid wine shop, 900+ wines by region/varietal plus allocated fine-wine cellar, 8 local distributors",2026-06-16
Scout Wine & Cheese,Ketchum,ID,https://www.scoutsunvalley.com/,wine,small_market_local_dominance,https://www.scoutsunvalley.com/,Downtown Ketchum hybrid wine/cheese retail shop featuring small family-run artisanal wineries (resort town),2026-06-16
Terroir Fine Wines & Club,Coeur d'Alene,ID,https://www.terroircda.com,wine,existing_club_transition,https://www.terroircda.com,"Curated fine wines in person/online, owner 29 yrs hospitality, wine classes and monthly hand-picked wine club",2026-06-16
Possibilities,Coeur d'Alene,ID,,wine,existing_club_transition,https://www.yelp.com/biz/idaho-wine-merchant-coeur-d-alene,"Downtown CDA shop, amazing wine selection and gifts, active wine club with tasting room",2026-06-16
Wine House CDA,Coeur d'Alene,ID,https://www.winehousecda.com/,wine,curated_small_grower,https://www.winehousecda.com/,"Thoughtfully curated wines, shareable plates, welcoming space in heart of Coeur d'Alene (retail hybrid)",2026-06-16
Mischa's,Bozeman,MT,,wine,natural_wine_map,https://www.raisin.digital/en/north-america/countries/united-states/montana/bozeman/,"Bozeman natural wine shop, 30%+ natural, organic/biodynamic vinified naturally",2026-06-16
Vino Per Tutti,Bozeman,MT,https://www.vinopertutti.com/,wine,curated_small_grower,https://www.vinopertutti.com/,"Downtown Bozeman wine shop/bottle shop, well-curated wines you can't get elsewhere in town, locally owned since 2007",2026-06-16
Bozeman Wine Gallery,Bozeman,MT,https://www.bozemanwinegallery.com/,wine,curated_small_grower,https://www.bozemanwinegallery.com/,"More than a bottle shop; one of Montana's finest wine selections, hand-selected by experts",2026-06-16
Ditto Bottle Shop,Missoula,MT,https://www.dittobottleshop.com/,wine,existing_club_transition,https://www.dittobottleshop.com/,Natural wine and craft beer; $65/month wine club focused on low-intervention sustainable small producers,2026-06-16
City Vineyard,Billings,MT,https://cityvineyardwine.com/,wine,curated_small_grower,https://cityvineyardwine.com/,Wine and craft beer shop with tasting lounge and gourmet market; carefully curated library by region/winemaker,2026-06-16
Aspen Grog Shop,Aspen,CO,https://www.aspengrogshop.com/,wine,small_market_local_dominance,https://www.aspengrogshop.com/,"Carefully curated regional/craft wines and spirits from around the world, 710 E Durant in resort Aspen",2026-06-16
The Daly Bottle Shop,Snowmass,CO,https://dalybottleshop.com/,wine,small_market_local_dominance,https://dalybottleshop.com/,Snowmass Mall bottle shop with small but well-considered curated wine selection (resort town),2026-06-16
Grappa Fine Wines,Vail,CO,https://vailwine.com/,wine,small_market_local_dominance,https://www.yelp.com/biz/grappa-fine-wines-and-spirits-vail,"Family-owned Vail Village wine shop since 1977, heart of resort village, free delivery",2026-06-16
Root & Flower,Vail,CO,,wine,small_market_local_dominance,https://303magazine.com/2025/07/the-best-wine-bar-in-colorado-might-be-in-vail-but-root-flower-is-even-more-than-that/,"Vail wine bar w/ 20+ by-the-glass and countless uniquely curated bottle options for purchase (retail hybrid, resort)",2026-06-16
Telluride Bottleworks,Telluride,CO,https://telluridebottleworks.com/,wine,small_market_local_dominance,https://telluridebottleworks.com/,"Resort-town Telluride bottle shop, 129 W San Juan Ave (small-market local dominance)",2026-06-16
Ski Town Wine & Spirits,Steamboat Springs,CO,https://www.skitownwineandspirits.com/,wine,small_market_local_dominance,https://www.skitownwineandspirits.com/,"Fine wine/craft beer/specialty liquor, 20+ yrs experience, location at base of ski resort in Steamboat Grand",2026-06-16
Mr. B's Wine & Spirits,Denver,CO,https://mrbswineandspirits.com/,wine,curated_small_grower,https://mrbswineandspirits.com/,"Specializes in esoteric family-owned wineries, large selection of refined and natural wines, grower Champagne",2026-06-16
Proof Wine and Spirits,Denver,CO,https://proofwinedenver.com/,wine,natural_wine_map,https://proofwinedenver.com/,"RiNo shop focused on natural wine, small-production wines and artisanal spirits, local CO favorites",2026-06-16
Denver Wine Merchant,Denver,CO,https://denverwinemerchant.com/,wine,natural_wine_map,https://denverwinemerchant.com/collections/natural-wines,"Self-described Colorado's best wine shop; native-yeast, no additions, minimal oak terroir-driven natural wines",2026-06-16
Harvest Wine & Spirits,Boulder,CO,,wine,natural_wine_map,https://mysa.wine/blogs/no-mog-blog/where-to-find-natural-wine-denver-co,"Locally-owned Boulder bottle shop filled with natural, organic and biodynamic wines",2026-06-16
Dedalus,Boulder,CO,,wine,natural_wine_map,https://mysa.wine/blogs/no-mog-blog/where-to-find-natural-wine-denver-co,Boulder wine shop and small cafe with great natural wine selection and weekly tastings,2026-06-16
West End Wine Spirit & Beer,Boulder,CO,,wine,natural_wine_map,https://mysa.wine/blogs/no-mog-blog/where-to-find-natural-wine-denver-co,Pearl Street 700 sq ft boutique favoring organic and natural wines from all over the world,2026-06-16
Sovereignty Wines,Colorado Springs,CO,https://www.sovereigntywines.com/,wine,curated_small_grower,https://www.sovereigntywines.com/,"Locally-owned family-run shop serving Ivywild/Broadmoor 10+ yrs; largest climate-controlled walk-in cellar, rare/specialty",2026-06-16
The Wine Gallery & Gourmet,Colorado Springs,CO,https://thewinegalleryco.com/,wine,curated_small_grower,https://thewinegalleryco.com/,"Family-owned since 2013, knowledgeable staff, hand-selected wines plus gourmet retail",2026-06-16
Kokoman Fine Wines,Santa Fe,NM,https://kokomanfinewines.com/,wine,curated_small_grower,https://www.santafenewmexican.com/pasatiempo/cork-in-the-road-a-mini-tour-of-some-of-santa-fes-top-notch-bottle/article_0ab1e9c3-60ae-4137-864c-cbd653bc110a.html,"Best-curated retail wine collection in Northern NM, 4500+ bottles, only indie shop with weekly tastings",2026-06-16
Susan's Fine Wine and Spirits,Santa Fe,NM,https://www.sfwineandspirits.com/,wine,curated_small_grower,https://www.sfwineandspirits.com/,"Locally-owned Santa Fe since 2005, unparalleled selection of high-quality wines, spirits and beers",2026-06-16
Bottles,Santa Fe,NM,https://lafondasantafe.com/bottles-wine-spirits-shop/,wine,curated_small_grower,https://lafondasantafe.com/bottles-wine-spirits-shop/,"Curated wine shop inside historic La Fonda on the Plaza, handpicked labels and small-batch spirits",2026-06-16
Urban Bottle Wine & Spirits,Casper,WY,,wine,small_market_local_dominance,https://www.tripadvisor.com/Attraction_Review-g60437-d12148391-Reviews-Urban_Bottle_Wine_Spirits-Casper_Wyoming.html,"Old Yellowstone District downtown Casper bottle shop, wide variety of unique libations, knowledgeable staff",2026-06-16
All Together Now,Chicago,IL,https://www.atnchicago.com,wine,natural_wine_map,https://www.raisin.digital/en/north-america/countries/united-states/illinois/chicago/wine-shops/,"Logan Square natural/organic/biodynamic wine shop + market, small producers, Raisin-listed",2026-06-16
Red & White Wines,Chicago,IL,https://www.redandwhitewines.com,wine,existing_club_transition,https://www.timeout.com/chicago/shopping/the-best-wine-shops-in-chicago,Bucktown natural wine shop with monthly 3-bottle wine club from favorite producers,2026-06-16
Door 24,Chicago,IL,https://door24wine.com,wine,natural_wine_map,https://door24wine.com/,"Specializes in small production organic and natural wines, funky independent labels",2026-06-16
Outside Voices,Chicago,IL,,wine,natural_wine_map,https://www.raisin.digital/en/explore/united-states/illinois/chicago/,"Logan Square natural wine retail, Raisin-listed natural wine shop",2026-06-16
Printers Row Wine Shop,Chicago,IL,https://www.printersrowwineshop.com,wine,natural_wine_map,https://www.theinfatuation.com/chicago/reviews/printers-row-wine-shop,"South Loop family-owned shop, rotating natural and Eastern European leaning list",2026-06-16
Le Midi Wine,Chicago,IL,https://www.lemidiwine.com,wine,curated_small_grower,https://urbanmatter.com/chicago/7-of-the-best-wine-shops-in-chicago/,Wicker Park owner-curated wine selection,2026-06-16
Liquor Park,Chicago,IL,https://www.drinkliquorpark.com,wine,curated_small_grower,https://www.timeout.com/chicago/shopping/the-best-liquor-stores-in-chicago,"Wicker Park-Bucktown curated small-batch wines, artisan and Midwest-made",2026-06-16
Deep Red Wine Merchant,Chicago,IL,,wine,curated_small_grower,https://www.timeout.com/chicago/shopping/the-best-wine-shops-in-chicago,"Curated bottle selection, by-the-glass and bottles, natural lean",2026-06-16
Bottles Up,Chicago,IL,,wine,curated_small_grower,https://chicagobound.com/best-wine-in-chicago,"Lakeview bottle shop, vast curated wine/beer/spirits selection",2026-06-16
Grand Vin,Grand Rapids,MI,,wine,small_market_local_dominance,https://www.experiencegr.com/articles/post/buy-the-best-wine/,"Independent family-owned downtown Grand Rapids shop, monthly small-group tastings",2026-06-16
D.O.P.,Grand Rapids,MI,,wine,curated_small_grower,https://www.experiencegr.com/articles/post/buy-the-best-wine/,"Eastown independent wine shop, curated",2026-06-16
Ground Control Wines,Ann Arbor,MI,,wine,natural_wine_map,https://www.raisin.digital/en/explore/united-states/michigan/venues/wine-shops/,Small Ann Arbor shop exclusively selling natural wine,2026-06-16
Everyday Wines,Ann Arbor,MI,https://everyday-wines.com,wine,curated_small_grower,https://everyday-wines.com/,"Kerrytown Market wine shop, curated independent selection",2026-06-16
Ardor Natural Wines,Detroit,MI,,wine,existing_club_transition,https://www.hourdetroit.com/drinks-beverages/wine-shops-to-check-out-in-metro-detroit/,Small-production character-driven wine shop with handpicked wine club,2026-06-16
Cork & Screw,Detroit,MI,,wine,curated_small_grower,https://www.hourdetroit.com/drinks-beverages/wine-shops-to-check-out-in-metro-detroit/,"Organic and biodynamic focus, grab-and-go retail",2026-06-16
Western Market,Ferndale,MI,,wine,natural_wine_map,https://www.raisin.digital/en/north-america/countries/united-states/michigan/wine-shops/,Ferndale market with natural wine selection,2026-06-16
Village Wine Shop,Grosse Pointe Park,MI,https://thevillagewineshop.com,wine,small_market_local_dominance,https://thevillagewineshop.com/,"70-year independent Grosse Pointe Park shop, curated global fine wines",2026-06-16
Offset Bottle Shop,Detroit,MI,https://offsetbottleshop.com,wine,existing_club_transition,https://offsetbottleshop.com/,"Independent family-owned shop, small-producer organic wines, monthly wine club",2026-06-16
The Bottle Shop,Columbus,OH,https://bottleshopcolumbus.com,wine,existing_club_transition,https://bottleshopcolumbus.com/,"Sommelier-owned neighborhood bottle shop, curated minimal-intervention wines, wine club",2026-06-16
The Twisted Vine,Columbus,OH,,wine,curated_small_grower,https://columbusunderground.com/10-great-neighborhood-wine-shops-in-columbus/,"Grandview/Marble Cliff fine wines, six new wines weekly, tasting bar",2026-06-16
The Barrel and Bottle,Columbus,OH,https://www.thebarrelandbottle.com,wine,curated_small_grower,https://www.thebarrelandbottle.com/,"North Market wine shop, small-producer selections",2026-06-16
Camelot Cellars,Columbus,OH,,wine,curated_small_grower,https://www.wineenthusiast.com/culture/travel/where-to-eat-and-drink-in-columbus-ohio/,"German Village shop, strong emphasis on smaller artisanal producers",2026-06-16
Aardvark Wine & Beer,Columbus,OH,https://www.aardvarkwineandbeer.com,wine,existing_club_transition,https://www.aardvarkwineandbeer.com/,"Wine club featuring small producers, exploration-focused",2026-06-16
Accent Wine,Columbus,OH,https://accent.wine,wine,existing_club_transition,https://accent.wine/collections/wine-club,"Advanced Sommelier-curated, Collector's Club of small-production/allocated wines",2026-06-16
Rozi's Wine House,Lakewood,OH,,wine,small_market_local_dominance,https://www.wineenthusiast.com/culture/travel/clevelands-wine-guide/,"Lakewood institution since 1939, large curated selection, in-house wine bar",2026-06-16
Banter,Cleveland,OH,http://www.bantercleveland.com,wine,curated_small_grower,http://www.bantercleveland.com/,"Curated craft wine collection, wine-pairing classes and tastings",2026-06-16
La Cave Du Vin,Cleveland,OH,https://www.lacavebar.com,wine,curated_small_grower,https://www.wineenthusiast.com/culture/travel/clevelands-wine-guide/,Tremont curated wines and craft beer retail,2026-06-16
HART & CRU,Cincinnati,OH,https://hartandcru.com,wine,curated_small_grower,https://hartandcru.com/,"Over-the-Rhine sommelier-curated European-influenced wines, natural collection, local delivery",2026-06-16
Vinology,Cincinnati,OH,https://vinology.club,wine,curated_small_grower,https://vinology.club/,"Mt. Lookout bottle shop, curated wines from around the world",2026-06-16
Rumbleseat Wine,Centerville,OH,,wine,small_market_local_dominance,https://www.daytondailynews.com/lifestyles/dayton-eats-get-into-the-holiday-spirit-with-these-spirited-bottle-shops/MRCELHJ3SZFEJOAGMHJ42J4HFU/,"Since 2009 curating global wines for Dayton area, regular tastings",2026-06-16
The Barrel House,Dayton,OH,,wine,curated_small_grower,https://girlaboutdayton.com/blog/where-to-find-great-wine-in-dayton/,"Cozy Dayton bottle shop, curated bottles/cans beyond grocery aisle",2026-06-16
Henry & Son,Minneapolis,MN,https://www.shophenryandson.com,wine,existing_club_transition,https://www.shophenryandson.com/,"NE Minneapolis natural wine shop, ~500 indie producers, tiered Bottle Service wine club",2026-06-16
Sip Better Wine Shop,Minneapolis,MN,https://sipbetter.com,wine,curated_small_grower,https://sipbetter.com/store,"North Loop shop, small women/POC-run biodynamic producers, organically/sustainably farmed",2026-06-16
Cork Dork Wine Co.,Minneapolis,MN,http://www.corkdorkwineco.com,wine,curated_small_grower,http://www.corkdorkwineco.com/,"South Minneapolis well-curated fine wines, 1/3 from within 200 miles, local artisanal",2026-06-16
Westside Wine & Spirits,St. Louis Park,MN,https://westsidewinemsp.com,wine,curated_small_grower,https://westsidewinemsp.com/,"Locally owned, well-curated selection with knowledgeable service",2026-06-16
The Little Wine Shoppe,St. Paul,MN,https://www.thelittlewineshoppe.com,wine,small_market_local_dominance,https://www.thelittlewineshoppe.com/,St. Anthony Park neighborhood independent wine shop,2026-06-16
The Wine Shop,Minnetonka,MN,https://www.wineshopminnetonka.com,wine,best_of_city_list,https://www.wineshopminnetonka.com/,"Independent Minnetonka wine shop, case discounts",2026-06-16
Nonfiction Natural Wines,Milwaukee,WI,,wine,natural_wine_map,https://www.wineenthusiast.com/culture/wine/natural-wine-midwest/,"Wisconsin's first store exclusively selling natural wine, 250 labels",2026-06-16
Strange Town Bottle Shop,Milwaukee,WI,https://3rdstmarkethall.com/locations/all-vendors/strangetown,wine,natural_wine_map,https://3rdstmarkethall.com/locations/all-vendors/strangetown,"Natural wine retail bottle shop, sister to Strange Town natural wine bar",2026-06-16
Riley's Wines of the World,Madison,WI,,wine,small_market_local_dominance,https://dropt.beer/insights/uncorking-the-best-wine-shops-in-madison-wisconsin/,"Madison independent wine shop, deep global selection",2026-06-16
Mass Ave Wine,Indianapolis,IN,https://massavewine.com,wine,existing_club_transition,https://massavewine.com/,"Mass Ave neighborhood wine shop, curated bottles, monthly wine club",2026-06-16
Sadler Wine Markets,Indianapolis,IN,https://www.sadlerwinemarkets.com,wine,curated_small_grower,https://www.sadlerwinemarkets.com/,Expertly curated specialty wine shop in Indianapolis,2026-06-16
Cork & Cracker,Indianapolis,IN,,wine,curated_small_grower,https://www.ratingspider.com/best-wine-shop/indianapolis-indiana/,"Independent neighborhood wine shop, curated",2026-06-16
Brix Cheese Shop & Wine Bar,Iowa City,IA,https://brixcheeseshop.com,wine,curated_small_grower,https://brixcheeseshop.com/our-story,"Northside Marketplace sensory-selected wines and cheeses, retail + bar hybrid",2026-06-16
Monstera,St. Louis,MO,https://www.monsteramezcaleria.com,wine,natural_wine_map,https://www.monsteramezcaleria.com/,"South Grand bottle shop centered on natural wines and agave spirits, staff-curated",2026-06-16
Poremba,St. Louis,MO,,wine,curated_small_grower,https://www.stlmag.com/dining/top-wine-stores-in-st-louis/,Unique curated selection across all regions including underrepresented,2026-06-16
Cork & Rind,St. Charles,MO,,wine,natural_wine_map,https://www.stlmag.com/dining/top-wine-stores-in-st-louis/,"St. Charles retail shop focused on natural, biodynamic wines",2026-06-16
Big Mood Natural Wines,Kansas City,MO,,wine,natural_wine_map,https://www.feastmagazine.com/kansas-city/article_092fcc9a-0e29-11eb-a2e2-d7462d475016.html,"KC's first exclusively natural wine shop, 120+ bottles, small sustainable producers",2026-06-16
iDLE Wine & Goods,Omaha,NE,https://drinkshopidle.com,wine,natural_wine_map,https://drinkshopidle.com/,Little Bohemia Raisin-approved natural/organic/biodynamic bottle shop,2026-06-16
Pacific Cellars,Omaha,NE,https://pacificcellarsomaha.com,wine,curated_small_grower,https://pacificcellarsomaha.com/,West Omaha curated global wine selection with guided tastings,2026-06-16
Moran's Liquor Works,Lincoln,NE,https://www.moransliquor.com,wine,curated_small_grower,https://www.moransliquor.com/,"Thoughtfully curated bottle shop supporting local artisans, neighborhood space",2026-06-16
Meier's Cork N Bottle,Lincoln,NE,https://meierswine.com,wine,small_market_local_dominance,https://meierswine.com/,"Lincoln's first wine-focused shop (1978), second-generation, deep product knowledge",2026-06-16
Steep Hill Wines,Lincoln,NE,https://www.steephillwines.com,wine,small_market_local_dominance,https://www.steephillwines.com/,"30+ year independent shop in Cathedral Quarter, community-focused",2026-06-16
City Wine Market,Lawrence,KS,https://www.citywinemarket.com,wine,curated_small_grower,https://www.citywinemarket.com/,"Locally owned since 2010, 500+ labels, small-production fine wine focus",2026-06-16
Gist Wine Shop,Sioux Falls,SD,https://www.gistwineshop.com,wine,natural_wine_map,https://www.gistwineshop.com/,"Downtown Sioux Falls curated natural wine, minimal-intervention/organic/biodynamic",2026-06-16
Ampelos Wines,Dallas,TX,https://www.ampeloswines.com/,wine,natural_wine_map,https://www.dmagazine.com/food-drink/2021/07/5-places-in-dallas-to-sip-natural-wine/,"Dallas' first exclusively natural wine shop, Bishop Arts, small-production focus, opened 2023",2026-06-16
Neighborhood Cellar,Dallas,TX,,wine,curated_small_grower,https://www.papercitymag.com/restaurants/best-wine-stores-dallas/,"Bishop Arts wine store + bar since 2017, globally sourced curated wines, Wine 101 series; retail hybrid",2026-06-16
Bar & Garden,Dallas,TX,,wine,natural_wine_map,https://www.papercitymag.com/restaurants/best-wine-stores-dallas/,"Natural wine and organic spirits shop on Ross Ave, supplies top Dallas restaurants, leader of TX natural wine movement",2026-06-16
The Meteor,Dallas,TX,,wine,natural_wine_map,https://www.papercitymag.com/restaurants/best-wine-stores-dallas/,"Cafe/bike/wine shop in Design District, expansive natural wine selection, retail",2026-06-16
Blind Bishop,Dallas,TX,,wine,curated_small_grower,https://www.papercitymag.com/restaurants/best-wine-stores-dallas/,"Bishop Arts wine shop opened 2022, classes and tastings; retail hybrid",2026-06-16
Le Caveau Vinotheque,Dallas,TX,,wine,curated_small_grower,https://www.papercitymag.com/restaurants/best-wine-stores-dallas/,"Small shop on Buckner Blvd, France/Italy/Spain focus plus curated CA/OR/WA, pairing-focused",2026-06-16
Pogo's Wine & Spirits,Dallas,TX,https://www.pogoswine.com/,wine,best_of_city_list,https://www.dallasobserver.com/best-of-dallas/2023/food-and-drink/best-liquor-store-17520633/,"Boutique fine wine shop, Fine Wine Room of curated bottles from top estates, Best Liquor Store Dallas Observer 2023",2026-06-16
Light Years Natural Wine Shop + Bar,Houston,TX,https://www.lightyearswine.com/,wine,natural_wine_map,https://houston.culturemap.com/news/restaurants-bars/10-02-18-light-years-new-montrose-wine-bar-store-natural-wine-steve-buechner-john-glanzman/,"Montrose, ~200 natural wine bottles for retail, first natural wine bar in city; retail+bar hybrid",2026-06-16
The Heights Grocer,Houston,TX,,wine,curated_small_grower,https://www.houstoniamag.com/eat-and-drink/houston-wine-stores-wine-bottles,"Heights market with well-curated natural and organic wine selection, retail",2026-06-16
Montrose Cheese & Wine,Houston,TX,,wine,curated_small_grower,https://www.houstoniamag.com/eat-and-drink/houston-wine-stores-wine-bottles,"Modern shop, curated small-producer cheeses and wines, retail",2026-06-16
Padre's Wine Shop,Houston,TX,,wine,curated_small_grower,https://www.theinfatuation.com/houston/guides/best-wine-bars-houston,"Heights stocked wine shop front, converts to wine bar in back; retail hybrid",2026-06-16
Vinology Bottle Shop + Tasting Bar,Houston,TX,,wine,curated_small_grower,https://wanderlog.com/place/details/3983370/vinology-bottle-shop--tasting-bar,"European-style wine shop + bar in Montrose, curated weekly flights; retail hybrid",2026-06-16
Imperial Wine SLTX,Sugar Land,TX,https://www.imperialwinesltx.com,wine,natural_wine_map,https://www.imperialwinesltx.com,"Sugar Land's only natural wine shop, low-intervention focus, near Imperial Sugar Factory",2026-06-16
Sunrise Mini Mart,Austin,TX,,wine,natural_wine_map,https://www.texasmonthly.com/food/best-wine-shops-texas/,"NW Austin 25+ year shop, eclectic classic/conventional/natural wines, buyer tastes ~50 new wines weekly; Texas Monthly best wine shops",2026-06-16
Travis Heights Wine & Spirits,Austin,TX,,wine,press_awards_recent_momentum,https://www.texasmonthly.com/food/best-wine-shops-texas/,"South Austin, expertly curated, focus on small/independent/rogue producers, avoids mass-market; Texas Monthly",2026-06-16
Salt & Time,Austin,TX,,wine,curated_small_grower,https://www.austinchronicle.com/food/2023-05-26/where-to-find-natural-wine-in-austin/,"East Austin butcher + 100-bottle wine shop, low-intervention focus, Italian and Loire emphasis; retail",2026-06-16
Cork & Screw,Austin,TX,,wine,natural_wine_map,https://www.austinchronicle.com/food/2023-05-26/where-to-find-natural-wine-in-austin/,"East Austin bottle shop + tasting bar, conventional and natural wines, natural-leaning buyers; retail hybrid",2026-06-16
Neighborhood Vintner,Austin,TX,https://www.neighborhoodvintner.com/,wine,curated_small_grower,https://communityimpact.com/austin/lake-travis-westlake/business/2022/06/01/wine-tasting-room-neighborhood-vintner-opening-june-3-in-westlake/,"Westlake/Bee Cave Rd, 1000+ bottles for retail, sommelier-run, Antonelli's cheese partnership; retail+bar hybrid",2026-06-16
High Street Wine Co.,San Antonio,TX,https://www.highstreetwine.com/,wine,press_awards_recent_momentum,https://atpearl.com/operator/high-street-wine-co/,"Pearl district, 500+ curated wines from 20+ countries, monthly wine club, JBF 2022 Outstanding Wine List nominee; retail hybrid",2026-06-16
JS Fine Wine & Spirits,San Antonio,TX,,wine,curated_small_grower,https://www.yelp.com/search?find_desc=Wine+Store&find_loc=San+Antonio%2C+TX,"Personally curated wine/spirits/specialty foods, independent since 1994, 20+ years tastemaking",2026-06-16
Geraldine's Natural Wine,San Antonio,TX,,wine,natural_wine_map,https://www.raisin.digital/en/explore/united-states/texas/venues/geraldines-natural-wine-26536/,"San Antonio natural wine shop, organic/biodynamic naturally vinified selection; retail",2026-06-16
The Holly Natural Wine Bar + Bottle Shop,Fort Worth,TX,,wine,natural_wine_map,https://www.fortworth.com/listing/the-holly-natural-wine-bar-+-bottle-shop/9783/,"Fort Worth's first natural wine bar and retail bottle shop, small-batch organic/biodynamic; retail hybrid",2026-06-16
Winslow's Wine Cellar,Fort Worth,TX,,wine,best_of_city_list,https://ftwtoday.6amcity.com/five-local-wine-shops-fort-worth-tx,"Local Fort Worth wine shop, top-rated independent retail",2026-06-16
Put a Cork In It,Fort Worth,TX,,wine,best_of_city_list,https://ftwtoday.6amcity.com/five-local-wine-shops-fort-worth-tx,"Top-rated Fort Worth independent wine shop, retail",2026-06-16
McKinney Wine Merchant,McKinney,TX,,wine,best_of_city_list,https://www.yelp.com/search?find_desc=Wine+Store&find_loc=Frisco%2C+TX,"Best wine shop in McKinney, curated selections, independent retail",2026-06-16
Grand Vin Bottle Shop,Tulsa,OK,,wine,best_of_city_list,https://uticasquare.com/stores/grand-vin-bottle-shop/,"Tulsa's first/only boutique bottle shop, Utica Square, European wine-cave design, hard-to-find collectibles; retail",2026-06-16
Posca Lora Bottle Shop,Tulsa,OK,,wine,natural_wine_map,https://mysa.wine/blogs/no-mog-blog/where-to-find-natural-wine-texas-and-oklahoma,"Takeaway natural wine bottle shop inside Heirloom Rustic Ales, natural/organic farmer wines; retail",2026-06-16
Edmond Wine Shop,Edmond,OK,https://www.edmondwine.com/,wine,small_market_local_dominance,https://www.edmondwine.com/,"Oklahoma-owned independent wine shop since 1973, OKC metro",2026-06-16
Beau's Wine Bin,Oklahoma City,OK,https://www.beauswinebin.com/,wine,best_of_city_list,https://www.yelp.com/search?find_desc=Wine+Store&find_loc=Oklahoma+City%2C+OK,"Opened 1995, mission to bring wine education and exposure to world regions, OKC independent retail",2026-06-16
Bacchus Wine & Spirits,Edmond,OK,https://bwsokc.com/,wine,best_of_city_list,https://bwsokc.com/,"OKC/Edmond premier bottle shop, curated whiskey/wine/beer, independent retail",2026-06-16
Arroyo Vino,Santa Fe,NM,https://arroyovino.com/wine-shop/,wine,curated_small_grower,https://www.newmexico.org/listing/arroyo-vino/1344/,"Las Campanas, nearly 1000 hand-selected wines, restaurant + wine shop, opened 2011; retail",2026-06-16
Jubilation Wines Spirits and Beer,Albuquerque,NM,http://www.jubilationwines.com/,wine,best_of_city_list,https://www.yelp.com/biz/jubilation-wines-spirits-and-beer-albuquerque,"Independent family-owned since 1987, commitment to small independently owned brands, Best Liquor Store ABQ",2026-06-16
Boulder Wine Merchant,Boulder,CO,,wine,curated_small_grower,https://www.uncovercolorado.com/wine-stores-in-denver-co/,"Boulder's only master-sommelier-run shop, Burgundy specialist, hosts Boulder Burgundy Festival, weekly tastings; retail",2026-06-16
Amendment XXI Wine & Spirits,Denver,CO,,wine,curated_small_grower,https://www.uncovercolorado.com/wine-stores-in-denver-co/,"Lower Highlands, stocks high-quality eclectic and unique wines plus local beer; retail",2026-06-16
Of Grape & Grain,Aspen,CO,,wine,small_market_local_dominance,https://www.aspentimes.com/news/wineink-best-place-to-buy-wine-is-locally/,Aspen shop appealing to connoisseurs with curated selections; resort-market indie retail,2026-06-16
Daly Bottle Shop,Snowmass Village,CO,,wine,small_market_local_dominance,https://www.aspentimes.com/news/wineink-best-place-to-buy-wine-is-locally/,"Snowmass Mall, small but well-considered wine selection; resort-market indie retail",2026-06-16
Dirty Bacchus,Beacon,NY,https://www.dirtybacchus.com/,wine,press_awards_recent_momentum,https://punchdrink.com/articles/americas-best-specialty-wine-shops/,"Named to Punch's Best Specialty Wine Shops in America for its idiosyncratic natural wine collection spanning Lefkada, Quebec, Valais and the Loire.",2026-06-12
Domestique,Washington,DC,,wine,press_awards_recent_momentum,https://punchdrink.com/articles/americas-best-specialty-wine-shops/,Punch Best Specialty Wine Shops pick; all-natural-wine shop that stood out from its 2018 opening.,2026-06-12
Maine & Loire,Portland,ME,,wine,press_awards_recent_momentum,https://punchdrink.com/articles/americas-best-specialty-wine-shops/,Natural wine shop named among Punch's Best Specialty Wine Shops in America and Wine Enthusiast's best wine shops.,2026-06-12
Golden Age Wine,Mountain Brook,AL,,wine,press_awards_recent_momentum,https://www.wineenthusiast.com/culture/wine/best-american-wine-shops/,Wine Enthusiast pros' pick and Punch specialty-shop pick; shop/bar hybrid with sections for female winemakers and same-day delivery.,2026-06-12
The Cave DSM,Des Moines,IA,,wine,press_awards_recent_momentum,https://punchdrink.com/articles/americas-best-specialty-wine-shops/,Des Moines shop named among Punch's Best Specialty Wine Shops in America.,2026-06-12
Wine & Rocks,Yucca Valley,CA,,wine,small_market_local_dominance,https://punchdrink.com/articles/americas-best-specialty-wine-shops/,High-desert specialty shop named among Punch's Best Specialty Wine Shops in America.,2026-06-12
Chambers Street Wines,New York,NY,,wine,natural_wine_map,https://punchdrink.com/articles/best-natural-wine-bars-new-york-city-nyc/,"Punch calls it New York City's oldest and most influential natural wine shop, specializing in small artisanal Loire and Burgundy producers.",2026-06-12
Astor Wines & Spirits,New York,NY,,wine,best_of_city_list,https://www.chowhound.com/2103109/best-wine-shops-in-the-country/,"Greenwich Village independent staple since 1946 with 5,000+ wines and a temperature-controlled Cool Room, cited in national best-wine-shop coverage.",2026-06-12
The Wine House,Los Angeles,CA,,wine,best_of_city_list,https://www.chowhound.com/2103109/best-wine-shops-in-the-country/,"Independent LA shop with 6,000+ wines cited in national best-wine-shop roundups.",2026-06-12
Anfora Wine Merchants,Oak Park,IL,,wine,press_awards_recent_momentum,https://www.wineenthusiast.com/culture/wine/best-american-wine-shops/,"Specializes in indigenous Italian grape varieties with the largest Lazio collection outside Lazio, per national best-wine-shop coverage.",2026-06-12
MacArthur Beverages,Washington,DC,,wine,best_of_city_list,https://www.chowhound.com/2103109/best-wine-shops-in-the-country/,Generations-old DC wine resource repeatedly named Best Wine Shop in D.C. in national coverage.,2026-06-12
Grand Cata,Washington,DC,,wine,press_awards_recent_momentum,https://vinepair.com/articles/best-wine-shops-2018/,VinePair best-wine-shops pick; Latin American-focused selection since expanded to Old World regions.,2026-06-12
The Royce,Detroit,MI,,wine,press_awards_recent_momentum,https://vinepair.com/articles/best-wine-shops-2018/,"VinePair best-wine-shops pick; retail bottle shop (with bar/gastropub hybrid) stocking ~500 small-batch organic, biodynamic and low-intervention producers.",2026-06-12
Bay Grape,Oakland,CA,,wine,press_awards_recent_momentum,https://imbibemagazine.com/best-wine-shops/,Featured in Imbibe's indie wine shop guide and VinePair's best shops; husband-and-wife-run shop with communal-table corkage culture.,2026-06-12
Liner & Elsen,Portland,OR,,wine,press_awards_recent_momentum,https://imbibemagazine.com/best-wine-shops/,Portland institution featured in Imbibe Magazine's guide to America's best indie wine shops.,2026-06-12
The Vineyard Wine Shop,Denver,CO,,wine,press_awards_recent_momentum,https://www.wineenthusiast.com/culture/travel/best-wine-shops-2023/,"Cherry Creek shop on Wine Enthusiast's Best Wine Shops in America 2023 list, with sommeliers matching wines to any budget.",2026-06-12
Paradis Books & Bread,North Miami,FL,,wine,press_awards_recent_momentum,https://www.wineenthusiast.com/culture/travel/best-wine-shops-2023/,Wine Enthusiast Best Wine Shops 2023 pick; wine retail plus cafe/books community hub in North Miami.,2026-06-12
Square Wine Company,Madison,WI,,wine,press_awards_recent_momentum,https://www.wineenthusiast.com/culture/wine/best-american-wine-shops/,Wine Enthusiast pros' pick; Andrea Hillsey curates small independent producers and hard-to-find gems.,2026-06-12
Cellar Masters,St. Petersburg,FL,,wine,press_awards_recent_momentum,https://www.wineenthusiast.com/culture/wine/best-american-wine-shops/,"Wine Enthusiast pros' pick specializing in well-priced minimal-intervention, mostly French wines.",2026-06-12
Happy Wine Calle Ocho,Miami,FL,,wine,press_awards_recent_momentum,https://www.wineenthusiast.com/culture/wine/best-american-wine-shops/,Wine Enthusiast pros' pick; retail shop with live music programming that makes wine fun and inclusive (shop/bar hybrid).,2026-06-12
FLG Terroir,Flagstaff,AZ,,wine,small_market_local_dominance,https://www.chowhound.com/2103109/best-wine-shops-in-the-country/,Chowhound 20-best-US pick with 500+ boutique labels and a Wine Spectator Best of Award of Excellence since 2018 (shop/bar hybrid).,2026-06-12
Perry's Provincetown,Provincetown,MA,,wine,small_market_local_dominance,https://www.chowhound.com/2103109/best-wine-shops-in-the-country/,Chowhound 20-best-US pick; Provincetown indie whose new Palm Springs outpost was voted USA Today's #1 Best Wine Shop.,2026-06-12
Wine Therapy,New York,NY,https://winetherapynyc.com/,wine,natural_wine_map,https://winetherapynyc.com/,"Pioneering Nolita natural wine shop founded 2005, stocking eclectic organic and biodynamic producers.",2026-06-12
Leisir,New York,NY,,wine,best_of_city_list,https://www.timeout.com/newyork/bars/best-wine-shops-in-nyc,Time Out coolest-NYC-wine-shops pick celebrating female winemakers and New York State vineyards.,2026-06-12
Flatiron Wines & Spirits,New York,NY,,wine,best_of_city_list,https://www.timeout.com/newyork/bars/best-wine-shops-in-nyc,Time Out NYC pick known for a robust Burgundy section plus natural wines at every price point.,2026-06-12
Manhattan Wine Company,New York,NY,,wine,best_of_city_list,https://www.timeout.com/newyork/bars/best-wine-shops-in-nyc,"NYC shop emphasizing small producers and unique finds, cited in best-NYC-wine-shop coverage.",2026-06-12
Peoples Wine,New York,NY,,wine,natural_wine_map,https://punchdrink.com/articles/best-natural-wine-bars-new-york-city-nyc/,Natural-wine shop/bar hybrid in the Market Line from the Wildair/Contra team (explicit retail component).,2026-06-12
Domaine LA,Los Angeles,CA,,wine,natural_wine_map,https://jordangassner.com/the-best-natural-wine-stores-in-los-angeles/,Jill Bernheimer's shop with one of LA's biggest natural wine selections and weekly tastings.,2026-06-12
Helen's Wines,Los Angeles,CA,,wine,natural_wine_map,https://jordangassner.com/the-best-natural-wine-stores-in-los-angeles/,Female-owned boutique bottle shop at Jon & Vinny's stocking California natural wines and European labels.,2026-06-12
KAMP Wines,Los Angeles,CA,,wine,natural_wine_map,https://jordangassner.com/the-best-natural-wine-stores-in-los-angeles/,Silver Lake shop with curated natural and organic wines priced under $40.,2026-06-12
Psychic Wines,Los Angeles,CA,,wine,natural_wine_map,https://jordangassner.com/the-best-natural-wine-stores-in-los-angeles/,Silver Lake shop with one of the best natural wine selections in Los Angeles.,2026-06-12
DIA Natural Wine,Los Angeles,CA,,wine,natural_wine_map,https://jordangassner.com/the-best-natural-wine-stores-in-los-angeles/,Mother-and-daughter-owned natural wine shop focused on organic farming and low/no-intervention winemaking.,2026-06-12
Good Clean Fun,Los Angeles,CA,,wine,natural_wine_map,https://jordangassner.com/the-best-natural-wine-stores-in-los-angeles/,Downtown LA natural wine shop (with restaurant hybrid) selling only wines made without pesticides or harmful chemicals.,2026-06-12
Silverlake Wine,Los Angeles,CA,,wine,natural_wine_map,https://www.tastingtable.com/1129072/the-best-wine-shops-in-los-angeles/,"Two-location LA indie with a vast natural, organic and biodynamic selection.",2026-06-12
Diversey Wine,Chicago,IL,,wine,existing_club_transition,https://www.diverseywine.com/,"Logan Square natural wine shop running its own monthly wine club ($60/mo, two bottles with notes, free tasting and 10% off retail).",2026-06-12
Easy Does It,Chicago,IL,,wine,natural_wine_map,https://mysa.wine/blogs/no-mog-blog/where-to-find-natural-wine-in-chicago,Casual Chicago spot to sip or stock up on natural wines and specialty beverages.,2026-06-12
Verve Wine Chicago,Chicago,IL,https://chi.vervewine.com/,wine,best_of_city_list,https://chi.vervewine.com/,"Master Sommelier Dustin Wilson's independent Chicago shop, a fixture in best-Chicago-wine-shop coverage.",2026-06-12
Ruby Wine,San Francisco,CA,,wine,natural_wine_map,https://sanfranciscodrinksguide.com/en/blog/features-106/brands-108/leading-wine-shops-to-check-out-in-san-francisco-237.htm,"San Francisco's oldest natural wine shop, stocking organic and biodynamic wines made without additives.",2026-06-12
Flatiron Wines & Spirits SF,San Francisco,CA,https://sf.flatiron-wines.com/,wine,best_of_city_list,https://sanfranciscodrinksguide.com/en/blog/features-106/brands-108/leading-wine-shops-to-check-out-in-san-francisco-237.htm,SF shop known for rare Burgundy and boundary-pushing natural wines.,2026-06-12
Terroir Natural Wine Merchant,San Francisco,CA,,wine,natural_wine_map,https://sanfranciscodrinksguide.com/en/blog/features-106/brands-108/leading-wine-shops-to-check-out-in-san-francisco-237.htm,"Wine merchant (with bar hybrid) specializing in small natural and biodynamic producers, deep in Jura and Loire.",2026-06-12
Gemini Bottle Co.,San Francisco,CA,,wine,natural_wine_map,https://sanfranciscodrinksguide.com/en/blog/features-106/brands-108/leading-wine-shops-to-check-out-in-san-francisco-237.htm,SF bottle shop with a dedicated natural wine selection.,2026-06-12
Biondivino,San Francisco,CA,,wine,best_of_city_list,https://sanfranciscodrinksguide.com/en/blog/features-106/brands-108/leading-wine-shops-to-check-out-in-san-francisco-237.htm,Italian-focused SF boutique described as a living wine list with many organic and biodynamic options.,2026-06-12
Verve Wine SF,San Francisco,CA,https://sf.vervewine.com/,wine,best_of_city_list,https://sf.vervewine.com/,"Master Sommelier Dustin Wilson's independent SF shop, a fixture in best-SF-wine-shop coverage.",2026-06-12
Molly's Bottle Shop,Seattle,WA,,wine,existing_club_transition,https://www.emeraldpalate.com/best-seattle-wine-stores-and-shops/,Sunset Hill natural wine specialist that runs its own monthly wine club.,2026-06-12
Left Bank,Seattle,WA,,wine,natural_wine_map,https://www.emeraldpalate.com/best-seattle-wine-stores-and-shops/,Two-location wine bar/bottle shop hybrid making affordable natural wine accessible.,2026-06-12
Petit Soif,Seattle,WA,,wine,natural_wine_map,https://www.emeraldpalate.com/best-seattle-wine-stores-and-shops/,Beacon Hill bottle shop with a fun collection of natural wines.,2026-06-12
Imperfetta,Seattle,WA,,wine,natural_wine_map,https://www.emeraldpalate.com/best-seattle-wine-stores-and-shops/,Tiny natural wine shop on the Fremont canal cited among Seattle's best wine shops.,2026-06-12
Vinnie's Wine Shop,Seattle,WA,https://www.vinniesseattle.com/,wine,natural_wine_map,https://www.vinniesseattle.com/,Seattle natural wine bottle shop with 100+ natural wines (with bar/small-plates hybrid).,2026-06-12
Sebastiano's Natural Wines,Seattle,WA,,wine,natural_wine_map,https://www.raisin.digital/en/north-america/countries/united-states/washington/seattle/wine-shops/,Dedicated natural wine shop listed on Raisin's Seattle natural wine map.,2026-06-12
Petite Wine + Bottle Shop,Seattle,WA,,wine,natural_wine_map,https://www.raisin.digital/en/north-america/countries/united-states/washington/seattle/wine-shops/,Natural wine bottle shop listed on Raisin's Seattle natural wine map.,2026-06-12
Halfseas Wine & Bottle Shop,Seattle,WA,https://www.halfseaswine.com/,wine,existing_club_transition,https://www.halfseaswine.com/wine-club,Ballard bottle shop of small independent producers that already runs a monthly wine club with in-shop pickup.,2026-06-12
Ardor,Portland,OR,,wine,natural_wine_map,https://mysa.wine/blogs/no-mog-blog/where-to-find-natural-wine-portland-oregon,SE Belmont shop selling 100% natural wines from small local and international producers.,2026-06-12
Division Wines,Portland,OR,,wine,best_of_city_list,https://pdxrecs.substack.com/p/going-out-no-24-portlands-best-wine,Called wine shop exceptionalism in Portland best-wine-shop coverage for approachable service and quality sourcing.,2026-06-12
Bar Norman,Portland,OR,,wine,natural_wine_map,https://mysa.wine/blogs/no-mog-blog/where-to-find-natural-wine-portland-oregon,Dana Frank's natural wine bottle shop and bar hybrid on SE Division (explicit retail component).,2026-06-12
Vino Veritas,Portland,OR,,wine,natural_wine_map,https://mysa.wine/blogs/no-mog-blog/where-to-find-natural-wine-portland-oregon,Wine bar/bottle shop hybrid with over 400 wines including natural selections (explicit retail component).,2026-06-12
LoLo Wine,Austin,TX,,wine,natural_wine_map,https://www.austinchronicle.com/food/2023-05-26/where-to-find-natural-wine-in-austin/,East 6th natural wine destination selling bottles to go alongside its bar (explicit retail component).,2026-06-12
Little Tipsy,Austin,TX,,wine,natural_wine_map,https://mysa.wine/blogs/updates/where-to-find-natural-wine-austin-2024,Called the top spot for natural wine retail in Austin with deeply knowledgeable staff.,2026-06-12
Golden Hour Wine,Austin,TX,,wine,natural_wine_map,https://mysa.wine/blogs/updates/where-to-find-natural-wine-austin-2024,"South Austin wine bar-and-shop hybrid known for quality, authenticity-driven selections (explicit retail component).",2026-06-12
Mondo Vino,Denver,CO,,wine,best_of_city_list,https://www.uncovercolorado.com/wine-stores-in-denver-co/,"Highlands indie since 1999 known for unique sourcing, complimentary cellar tastings and free local delivery.",2026-06-12
Neighborhood Wines,Boston,MA,,wine,natural_wine_map,https://mysa.wine/blogs/no-mog-blog/where-to-find-natural-wine-in-boston,"Boston shop pairing natural wines with local, seasonal, organic food.",2026-06-12
Urban Grape,Boston,MA,https://bos.theurbangrape.shop/,wine,existing_club_transition,https://bos.theurbangrape.shop/,Black- and woman-owned South End shop already running wine clubs from Urban Sampler to Urban Connoisseur tiers.,2026-06-12
Solar Myth Bottle Shop,Philadelphia,PA,,wine,natural_wine_map,https://www.phillymag.com/foobooz/natural-wine-philadelphia/,"Boutique bottle shop with one of Philadelphia's best natural wine lists, run by wine director Lauren Demers.",2026-06-12
Superette,Philadelphia,PA,,wine,natural_wine_map,https://www.phillymag.com/foobooz/natural-wine-philadelphia/,Chloe Grigri's Passyunk Avenue bar/bottle-shop hybrid from leaders of Philly's natural wine scene (explicit retail component).,2026-06-12
Fishtown Social,Philadelphia,PA,,wine,natural_wine_map,https://www.phillymag.com/foobooz/natural-wine-philadelphia/,Self-described 'Fishtown's OG spot for natural wine' with an attached micro wine shop (explicit retail component).,2026-06-12
Tinys Bottle Shop,Philadelphia,PA,,wine,natural_wine_map,https://www.phillymag.com/foobooz/natural-wine-philadelphia/,Shop behind the Lunar Inn carrying over 100 natural wines.,2026-06-12
320 Market & Cafe,Swarthmore,PA,,wine,small_market_local_dominance,https://www.paeats.org/feature/natural-wine-in-pennsylvania/,"Suburban market whose natural and organic wine selection is called among the best on the East Coast (Donkey & Goat, Eric Texier, Frank Cornelissen).",2026-06-12
Nido Wine Shop + Market,Washington,DC,,wine,natural_wine_map,https://mysa.wine/blogs/no-mog-blog/where-to-buy-natural-wine-washington-dc,"Mt Pleasant curated wine shop with gourmet market pairings, on DC natural wine maps.",2026-06-12
DCanter,Washington,DC,https://www.dcanterwines.com/,wine,best_of_city_list,https://www.dcanterwines.com/,"Capitol Hill wine boutique with organic/sustainable small producers, wine classes, tastings and a concierge service.",2026-06-12
Surdyk's,Minneapolis,MN,,wine,best_of_city_list,https://www.wineenthusiast.com/culture/wine/minneapolis-wine-destination/,Independently owned Minneapolis institution since 1934 cited in Wine Enthusiast's Minneapolis wine-scene feature.,2026-06-12
France 44 Wines & Spirits,Minneapolis,MN,,wine,best_of_city_list,https://www.wineenthusiast.com/culture/wine/minneapolis-wine-destination/,Top-rated independent Minneapolis wine shop cited in Wine Enthusiast's Minneapolis wine-scene coverage.,2026-06-12
48 Hrs Wine Shop,Houston,TX,,wine,natural_wine_map,https://www.houstoniamag.com/eat-and-drink/houston-wine-stores-wine-bottles,Corner store with a heavily curated ~100-label natural wine selection and Sunday tastings.,2026-06-12
Padres Wine Bar + Shop,Houston,TX,https://padreswine.com/,wine,natural_wine_map,https://padreswine.com/,Houston bar-plus-shop with curated organic and natural wines from limited-production artisanal producers (explicit retail component).,2026-06-12
Fond,Dallas,TX,,wine,natural_wine_map,https://www.papercitymag.com/restaurants/best-wine-stores-dallas/,Dallas bar-and-shop hybrid that has quickly become a favorite among the city's wine enthusiasts (explicit retail component).,2026-06-12
Elemental Spirits Co.,Atlanta,GA,,wine,natural_wine_map,https://mysa.wine/blogs/no-mog-blog/where-to-find-natural-wine-atlanta-2024-update,Atlanta independent with walls of naturally made wines from small producers.,2026-06-12
Perrine's Wine Shop,Atlanta,GA,https://perrineswine.com/,wine,existing_club_transition,https://perrineswine.com/pages/wine-club,"Atlanta shop focused on sustainable/organic/biodynamic family producers, already running Signature and Super monthly wine clubs.",2026-06-12
3 Parks Wine Shop,Atlanta,GA,,wine,existing_club_transition,https://3parkswine.com/pages/wine-club,Natural-leaning Atlanta shop already running a 4- or 6-bottle monthly wine club ($60-$90/mo) with member discounts and flights.,2026-06-12
Vine Fine Wine,Decatur,GA,,wine,natural_wine_map,https://mysa.wine/blogs/no-mog-blog/where-to-find-natural-wine-atlanta-2024-update,"Decatur natural wine shop stocking only low-intervention, sustainable wines.",2026-06-12
Press Shop,Atlanta,GA,,wine,natural_wine_map,https://mysa.wine/blogs/no-mog-blog/where-to-find-natural-wine-atlanta-2024-update,"Carefully curated natural wine selection in a shop that pairs bottles with books, gifts and art.",2026-06-12
Lucio/Wine Shop,Miami,FL,,wine,natural_wine_map,https://vintnerproject.com/wine/6-natural-wine-hotspots-in-miami/,"One of Miami's original natural wine shops, chef-owned and voted Best Wine Shop by Miami New Times readers.",2026-06-12
Sobremesa,Miami Shores,FL,,wine,natural_wine_map,https://vintnerproject.com/wine/6-natural-wine-hotspots-in-miami/,"Miami Shores shop specializing in organic, biodynamic and small-production natural wines, with tasting events and workshops.",2026-06-12
Woodland Wine Merchant,Nashville,TN,https://www.woodlandwinemerchant.com/,wine,natural_wine_map,https://www.raisin.digital/en/explore/united-states/tennessee/venues/woodland-wine-merchant-1112/,East Nashville bottle shop focused on artisan producers practicing natural and sustainable methods.,2026-06-12
Harvest Wine Market,Nashville,TN,https://harvestwinemarket.com/,wine,best_of_city_list,https://harvestwinemarket.com/,"Belle Meade shop curating sustainably grown wines from renowned and emerging producers, with weekly Sunday tastings.",2026-06-12
Really Really Nice Wines,New Orleans,LA,https://www.reallyreallynicewines.com/,wine,natural_wine_map,https://www.reallyreallynicewines.com/,Uptown shop (with natural wine bar) where everything comes from small independent growers using minimal intervention.,2026-06-12
Faubourg Wines,New Orleans,LA,https://www.faubourgwines.com/,wine,natural_wine_map,https://www.faubourgwines.com/,"Retail shop since 2012 specializing in small-production naturally crafted wines, with regular tastings and education.",2026-06-12
Spirit Wine,New Orleans,LA,,wine,natural_wine_map,https://mysa.wine/blogs/no-mog-blog/where-to-find-natural-wine-new-orleans,New Orleans shop with an emphasis on minimal-intervention natural wines and sustainability.,2026-06-12
Keife & Co.,New Orleans,LA,,wine,best_of_city_list,https://www.wineenthusiast.com/culture/travel/a-wine-lovers-guide-to-new-orleans/,Curated CBD wine-and-gourmet shop cited in Wine Enthusiast's wine lover's guide to New Orleans.,2026-06-12
Hidden Track Bottle Shop,Phoenix,AZ,,wine,best_of_city_list,https://www.phoenixnewtimes.com/restaurants/the-best-wine-shops-in-metro-phoenix-7494665,"Phoenix New Times best-wine-shop pick specializing in small-production wines outside mainstream distribution, including Arizona producers.",2026-06-12
Clos Wine Shop,San Diego,CA,,wine,natural_wine_map,https://mysa.wine/blogs/no-mog-blog/where-to-find-natural-wine-san-diego-2024-update,"University Heights shop specializing in natural, organic and biodynamic wines from small sustainable producers.",2026-06-12
Vino Carta,San Diego,CA,https://www.vinocartasd.com/,wine,existing_club_transition,https://www.vinocartasd.com/products/wineclub,Little Italy natural-leaning wine shop already running a themed two-bottle monthly wine club with second-Tuesday pickup.,2026-06-12
The Rose Wine Bar & Bottle Shop,San Diego,CA,,wine,natural_wine_map,https://mysa.wine/blogs/no-mog-blog/where-to-find-natural-wine-san-diego-2024-update,South Park natural wine bar that doubles as a retail wine shop with bottles to take home (explicit retail component).,2026-06-12
Old Woodward Cellar,Birmingham,MI,,wine,best_of_city_list,https://www.hourdetroit.com/drinks-beverages/wine-shops-to-check-out-in-metro-detroit/,Metro Detroit shop staffed by wine enthusiasts hosting dozens of tastings a year.,2026-06-12
House of Pure Vin,Detroit,MI,https://houseofpurevin.com/,wine,best_of_city_list,https://houseofpurevin.com/,"Downtown Detroit experiential wine retail with curation by origin, style, organic and sustainable attributes.",2026-06-12
Parker's Table,St. Louis,MO,,wine,best_of_city_list,https://www.saucemagazine.com/drink-2/11-places-in-st-louis-to-shop-for-wine-like-a-sommelier-17333470/,Jon Parker's specialty wine store stocking low-intervention wines and regional classics.,2026-06-12
St. Louis Wine Market,Des Peres,MO,https://www.stlwinemarket.com/,wine,best_of_city_list,https://www.stlmag.com/dining/top-wine-stores-in-st-louis/,13-year-old independent wine market named among St. Louis's top wine stores.,2026-06-12
Starrs,Richmond Heights,MO,,wine,best_of_city_list,https://www.stlmag.com/dining/top-wine-stores-in-st-louis/,Locally owned since 1979 with carefully curated age-worthy wines and cheese.,2026-06-12
Grand Spirits Bottle Co.,St. Louis,MO,,wine,natural_wine_map,https://www.stlmag.com/culture/travel/where-to-enjoy-natural-wine-in-st-louis-and-beyond/,Prime St. Louis stop for low-intervention wines with bottles to go.,2026-06-12
St. Louis Cellar,Des Peres,MO,,wine,best_of_city_list,https://www.stlmag.com/dining/top-wine-stores-in-st-louis/,Small independent shop with impressive global wines and regular tastings.,2026-06-12
Bond Street Wines,Charlotte,NC,,wine,natural_wine_map,https://www.raisin.digital/en/explore/united-states/north-carolina/charlotte/venues/wine-shops/,Center-city Charlotte shop with a huge natural wine selection.,2026-06-12
Frenchy's Sip and Shop,Charlotte,NC,,wine,natural_wine_map,https://mysa.wine/blogs/no-mog-blog/where-to-find-natural-wine-in-north-carolina-and-south-carolina,South End sip-and-shop opened July 2024 with more than 700 natural wines and craft beers.,2026-06-12
Angels Ate Lemons,Baltimore,MD,,wine,natural_wine_map,https://www.thebanner.com/culture/things-to-do/baltimore-win-spots-PGBUSGG3BVG7JFOQNEFBZHOZDI/,Lane Harlan and Matthew Pierce's hidden bottle shop selling primarily low-intervention natural wine.,2026-06-12
Remington Wine Company,Baltimore,MD,,wine,natural_wine_map,https://www.thebanner.com/culture/things-to-do/baltimore-win-spots-PGBUSGG3BVG7JFOQNEFBZHOZDI/,Husband-and-wife-run neighborhood shop with an impressive natural wine collection and twice-weekly tastings.,2026-06-12
The Wine Source,Baltimore,MD,,wine,best_of_city_list,https://www.gayot.com/wines/best-wine-stores-in-baltimore-md/,"Hampden independent with an expansive, carefully curated selection, cited among Baltimore's best wine stores.",2026-06-12
Apteka Bottle Shop,Pittsburgh,PA,,wine,natural_wine_map,https://www.pghcitypaper.com/food-drink/five-local-pittsburgh-shops-to-buy-bottles-of-natural-wine-18568754,Pittsburgh City Paper pick functioning as a natural wine bottle shop for wine geeks and the natural-curious (restaurant hybrid).,2026-06-12
Solera Wine Shop & Bar,Pittsburgh,PA,,wine,natural_wine_map,https://pittsburgh.citycast.fm/food-drink/best-places-drink-wine-pittsburgh,"Bar-and-bottle-shop hybrid with a lengthy funky list spanning bubbles, orange and natural wines (explicit retail component).",2026-06-12
Gentile's Wine Sellers,Columbus,OH,,wine,natural_wine_map,"https://www.yelp.com/search?find_desc=Natural+Wine+Store&find_loc=Columbus,+OH",Named among the top natural wine stores in Columbus.,2026-06-12
Meza Wine Shop,Columbus,OH,,wine,natural_wine_map,"https://www.yelp.com/search?find_desc=Natural+Wine+Store&find_loc=Columbus,+OH",Named among the top natural wine stores in Columbus.,2026-06-12
Thirst Wine Merchants,Brooklyn,NY,https://thirstmerchants.com/,wine,natural_wine_map,https://thirstmerchants.com/,Fort Greene natural wine store run by a husband-and-wife team working with independent winemakers on rotating small-batch selections.,2026-06-12
Sauced,Brooklyn,NY,,wine,natural_wine_map,https://mysa.wine/blogs/no-mog-blog/where-to-find-natural-wine-in-brooklyn-nyc,Bedford Ave shop with a well-curated natural wine selection showcasing organic and biodynamic producers.,2026-06-12
Blanc & Rouge,Brooklyn,NY,,wine,natural_wine_map,https://mysa.wine/blogs/no-mog-blog/where-to-find-natural-wine-in-brooklyn-nyc,DUMBO wine shop (with bar) specializing in curated organic and biodynamic natural wines.,2026-06-12
Corkscrew Wines Brooklyn,Brooklyn,NY,,wine,natural_wine_map,https://www.purewow.com/wine/wine-shops-brooklyn,Neighborhood institution with a heavy focus on biodynamic artisanal bottles.,2026-06-12
Slope Cellars,Brooklyn,NY,,wine,best_of_city_list,https://www.purewow.com/wine/wine-shops-brooklyn,Park Slope shop with an impressive French selection and free tastings Thursday through Sunday.,2026-06-12
Vine Wine,Brooklyn,NY,,wine,natural_wine_map,https://www.purewow.com/wine/wine-shops-brooklyn,"Williamsburg shop focused on natural, organic and artisanal wines at all price points.",2026-06-12
Minimo Wine Shop,Oakland,CA,,wine,natural_wine_map,https://www.7x7.com/where-to-taste-natural-wine-california-2644907652/minimo-a-beloved-natural-wine-shop-in-oakland,"Jack London Square shop committed to small-batch, organic and biodynamic producers, with twice-weekly winemaker tastings.",2026-06-12
Oakland Yard,Oakland,CA,,wine,natural_wine_map,https://www.yelp.com/search?find_desc=Natural+Wine+Shop&find_loc=Oakland%2C+CA,Highly rated Oakland natural wine shop in the city's progressive wine scene.,2026-06-12
Wine on Piedmont,Oakland,CA,,wine,natural_wine_map,https://www.yelp.com/search?find_desc=Natural+Wine+Shop&find_loc=Oakland%2C+CA,Neighborhood Oakland shop rated among the city's best for natural wine.,2026-06-12
Kermit Lynch Wine Merchant,Berkeley,CA,,wine,importer_street_cred,"https://www.yelp.com/search?find_desc=Natural+Wine+Store&find_loc=Berkeley,+CA","Legendary 45-year-old Berkeley retail shop of importer Kermit Lynch, specializing in small artisanal French and Italian producers.",2026-06-12
Underdog Wine Co.,Kansas City,MO,,wine,best_of_city_list,https://www.visitkc.com/visitors/things-do/shopping/kansas-citys-top-wine-shops,Family-owned neighborhood shop with 400+ hand-tasted wines and a growing natural and orange wine selection.,2026-06-12
Cellar Rat Wine Merchants,Kansas City,MO,,wine,best_of_city_list,https://www.visitkc.com/visitors/things-do/shopping/kansas-citys-top-wine-shops,"KC independent with 1,000+ wines plus artisan cheese and charcuterie.",2026-06-12
The Wine Spot,Cleveland Heights,OH,,wine,natural_wine_map,"https://www.yelp.com/search?find_desc=Natural+Wine+Store&find_loc=Cleveland,+OH",Independent Cleveland Heights shop listed among the city's top natural wine stores.,2026-06-12
Patron Saint Cleveland,Cleveland,OH,https://www.patronsaintcle.com/bottle-shop,wine,natural_wine_map,https://www.patronsaintcle.com/bottle-shop,"Bottle shop curating mostly natural, low-intervention and organic Italian producers.",2026-06-12
Betty,Sacramento,CA,,wine,natural_wine_map,https://chandlerframe.substack.com/p/the-best-places-to-enjoy-natural,Southside Park wine bar and bottle shop specializing in natural wines (explicit retail component).,2026-06-12
Nico Wine,Sacramento,CA,https://www.nicowine.co/,wine,natural_wine_map,https://www.nicowine.co/,R Street natural wine bar and shop pouring curated flights from sparkling to orange (explicit retail component).,2026-06-12
Beyond Napa Wine Merchants,Sacramento,CA,https://beyondnapa.net/,wine,best_of_city_list,https://beyondnapa.net/,"Independent Sacramento shop curating local, small-production, natural and organic wines from around the globe.",2026-06-12
Celladora Wines,Richmond,VA,,wine,natural_wine_map,https://www.instagram.com/celladorawines/?hl=en,Richmond natural wine shop and bar on N. Lombardy St (explicit retail component).,2026-06-12
Penny's Wine Shop,Richmond,VA,https://pennysrva.com/,wine,natural_wine_map,https://pennysrva.com/,Richmond bottle shop pouring natural wine by the glass alongside retail bottles.,2026-06-12
RichWine RVA,Richmond,VA,https://www.richwinerva.com/shop,wine,natural_wine_map,https://www.richwinerva.com/shop,"Richmond shop offering natural, biodynamic, organic and sustainable wines with free local delivery.",2026-06-12
LouElla Wine Beer & Beverage,Durham,NC,https://durham.wine/,wine,natural_wine_map,https://durham.wine/Natural-Wine-c52365408,Durham shop with a dedicated natural wine program and Triangle-wide delivery.,2026-06-12
The Wine Feed,Raleigh,NC,https://thewinefeed.com/,wine,natural_wine_map,https://thewinefeed.com/collections/wine/natural-wine,Downtown Raleigh wine shop with a curated natural wine collection.,2026-06-12
Chapel Hill Wine Company,Chapel Hill,NC,https://www.chapelhillwinecompany.com/,wine,best_of_city_list,https://www.chapelhillwinecompany.com/,Independent Chapel Hill wine store serving the Triangle area.,2026-06-12
Wine Authorities,Durham,NC,https://www.wineauthorities.com/,wine,best_of_city_list,https://www.wineauthorities.com/,Independent Durham shop listed among Triangle-area wine stores known for small-producer curation.,2026-06-12
Triangle Wine Company,Cary,NC,https://trianglewineco.com/,wine,natural_wine_map,https://trianglewineco.com/,"Independent NC fine-wine retailer (3 locations) carrying natural, organic and vegan wines.",2026-06-12
Brooklyn Wine Exchange,Brooklyn,NY,https://www.brooklynwineexchange.com/,wine,existing_club_transition,https://www.brooklynwineexchange.com/join/wine-of-the-month,Independent Boerum Hill shop already operating a Wine of the Month club membership.,2026-06-12
Bin Bin Sake,Brooklyn,NY,https://binbinsake.com/,wine,existing_club_transition,https://binbinsake.com/products/bin-bin-2-bottle-subscription,Williamsburg sake-and-natural-wine bottle shop with a monthly two-bottle subscription including tasting notes and producer stories.,2026-06-12
Verve Wine NYC,New York,NY,https://ny.vervewine.com/,wine,existing_club_transition,https://ny.vervewine.com/pages/wine-club,Master Sommelier-founded NYC shop running the Grand Tour monthly wine club with member benefits.,2026-06-12
Compline Wine Shop,Napa,CA,https://complinewine.com/,wine,existing_club_transition,https://complinewine.com/collections/wine-clubs,Napa wine shop with a Monthly Pickup Club (two bottles plus event discounts) run by its sommelier team.,2026-06-12
Champion Wine Cellars,Seattle,WA,https://www.championwinecellars.com/,wine,existing_club_transition,https://www.championwinecellars.com/,"Seattle's oldest independent wine store (Greenwood, French specialty) offering a monthly wine club.",2026-06-12
Pike and Western Wine Shop,Seattle,WA,https://www.pikeandwestern.com/,wine,existing_club_transition,https://www.pikeandwestern.com/wine-clubs,Pike Place Market institution with monthly wine club selections ready for pickup the first of each month.,2026-06-12
Flor Wines,Portland,OR,https://florwines.com/,wine,existing_club_transition,https://florwines.com/,NW Glisan shop running multiple wine club tiers including The 2 Shades Club and The Whole Bunch Club.,2026-06-12
Parallel PDX,Portland,OR,https://www.parallelpdx.com/,wine,existing_club_transition,https://www.parallelpdx.com/wine-club,Portland shop whose sommelier Stacey Gibson hand-picks a two-bottle monthly wine club ($55/mo).,2026-06-12
MetroBottle,Atlanta,GA,https://metrobottle.com/,wine,existing_club_transition,https://metrobottle.com/pages/wineclub,Atlanta shop with a first-Friday tasting-based wine club and 10% member discount.,2026-06-12
Edmund's Oast Exchange,Charleston,SC,https://edmundsoast.com/exchange-wine-club/,wine,existing_club_transition,https://edmundsoast.com/exchange-wine-club/,Charleston wine-and-beer bottle shop whose wine club readies 3 bottles for first-of-month pickup with 15% member discount.,2026-06-12
Vintage Lounge,Charleston,SC,https://www.vintagechs.com/,wine,existing_club_transition,https://www.vintagechs.com/shop/p/wine-club,Charleston fine-wine bar with retail shop wine club (explicit retail-hybrid component).,2026-06-12
The Wine Store,Marlboro,NJ,https://thewinestoremarlboro.com/,wine,importer_street_cred,https://thewinestoremarlboro.com/collections,New Jersey indie carrying Louis/Dressner and Selection Massale importer portfolios.,2026-06-12
Jug & Bottle Dept.,Tampa,FL,https://www.jugandbottledept.com/,wine,natural_wine_map,https://www.jugandbottledept.com/wines,"Hybrid wine bar/shop with one of Tampa's most expansive natural wine selections, focused on low-intervention and biodynamic producers.",2026-06-12
Kingston Wine Co.,Kingston,NY,,wine,natural_wine_map,https://www.chronogram.com/food-drink/natural-wine-shops-in-the-hudson-valley-11920168,"Rondout District shop focused exclusively on natural, organic and biodynamic wines since 2013, from Georgia to the Finger Lakes.",2026-06-12
Upstream Wine & Spirits,Livingston Manor,NY,https://shop.upstreamwine.com/,wine,small_market_local_dominance,https://www.chronogram.com/food-drink/natural-wine-shops-in-the-hudson-valley-11920168,Western Catskills shop featuring a whole host of organic and biodynamic wines.,2026-06-12
Artisan Wine Shop,Beacon,NY,,wine,small_market_local_dominance,https://www.chronogram.com/food-drink/natural-wine-shops-in-the-hudson-valley-11920168,"Beacon shop since 2006 named among Hudson Valley's best wine stores for its global, value-driven curation.",2026-06-12
Ester Wine & Spirits,Kingston,NY,,wine,natural_wine_map,https://www.chronogram.com/food-drink/natural-wine-shops-in-the-hudson-valley-11920168,"Kingston newcomer with a fun, nervy natural wine selection and strong Beaujolais bench.",2026-06-12
Metro Wines,Asheville,NC,https://metrowinesasheville.com/,wine,natural_wine_map,https://metrowinesasheville.com/natural-wine-shop-asheville-nc,Asheville destination shop with a dedicated natural wine program.,2026-06-12
Table Wine,Asheville,NC,https://tablewineasheville.com/,wine,natural_wine_map,https://tablewineasheville.com/,South Asheville neighborhood wine store with a strong natural wine selection.,2026-06-12
Cultura,Asheville,NC,,wine,natural_wine_map,https://mountainx.com/food/the-natural-wine-movement-gains-momentum-in-asheville/,Coxe Avenue wine shop focused on natural and artisanal wines with sustainable practices.,2026-06-12
Crocodile Wine,Asheville,NC,https://www.crocodilewine.com/,wine,natural_wine_map,https://www.crocodilewine.com/,Sells only natural wine - the only all-natural wine shop in North Carolina.,2026-06-12
Appalachian Vintner,Asheville,NC,,wine,natural_wine_map,https://golocalasheville.com/business/appalachian-vintner,"Asheville's largest craft beer and fine wine store with 3,500+ hand-selected bottles including organic, natural and biodynamic wines.",2026-06-12
Inherent Vine,Portland,ME,,wine,natural_wine_map,https://www.raisin.digital/en/north-america/countries/united-states/state-of-maine/wine-shops/,Portland ME natural wine shop with organic and biodynamic selections on Raisin's map.,2026-06-12
Bar Renee,Burlington,VT,,wine,natural_wine_map,https://www.raisin.digital/en/explore/united-states/vermont/burlington/,"Burlington wine shop with a natural wine selection on Raisin's map (bar-style name, retail venue).",2026-06-12
Campus Fine Wines,Providence,RI,https://www.campusfinewines.com/,wine,natural_wine_map,https://www.campusfinewines.com/,"East Side Providence shop focused on small-production, organic producers.",2026-06-12
Madame Claude Wine,Jersey City,NJ,,wine,natural_wine_map,https://thedigestonline.com/new-jersey/natural-wine-in-jersey-city/,"Jersey City shop where most wines are organic, with staff steering customers to natural options.",2026-06-12
CoolVines,Jersey City,NJ,https://powerhouse.coolvines.com/,wine,natural_wine_map,https://thedigestonline.com/new-jersey/natural-wine-north-jersey/,"Small NJ indie group (Jersey City/Newark/Hoboken) with a huge organic, biodynamic and natural wine selection.",2026-06-12
Amanti Vino,Montclair,NJ,,wine,best_of_city_list,https://www.themontclairgirl.com/wine-store-montclair-nj-amanti-vino/,"Award-winning Montclair staple for 18 years with a huge focus on organic, biodynamic and naturally made wines.",2026-06-12
Sparrow Wine Company,Hoboken,NJ,,wine,best_of_city_list,https://thedigestonline.com/new-jersey/natural-wine-north-jersey/,Hoboken fine-wine shop since 1986 stocking natural selections.,2026-06-12
The Breeze Wine Bar & Spirits,Louisville,KY,https://www.thebreezewine.com/,wine,natural_wine_map,https://www.thebreezewine.com/,Shelby Park shop with Louisville's biggest selection of natural and eclectic wines (coffee/wine bar hybrid).,2026-06-12
Kahn's Fine Wines & Spirits,Indianapolis,IN,https://www.kahnsfinewines.com/,wine,best_of_city_list,https://www.kahnsfinewines.com/,Long-running independent Indianapolis fine wine store.,2026-06-12
Vines Wine Bar & Spirit Shop,Louisville,KY,,wine,best_of_city_list,https://www.tripadvisor.com/Attraction_Review-g39604-d2555749-Reviews-Vines_Wine_Bar_Spirit_Shop-Louisville_Kentucky.html,Douglass Loop shop/bar hybrid with a good retail bottle selection and on-site tasting.,2026-06-12
Lou Wine Shop,Lexington,KY,https://louwineshop.com/,wine,natural_wine_map,https://louwineshop.com/,Lexington shop specializing in natural and unusual wines.,2026-06-12
La Buvette,Omaha,NE,https://www.labuvetteomaha.com/,wine,best_of_city_list,https://www.labuvetteomaha.com/,Old Market wine bar & grocery institution with a serious retail wine wall (explicit retail component).,2026-06-12
Hamptons Wine Shoppe,Westhampton Beach,NY,,wine,small_market_local_dominance,https://www.yelp.com/biz/hamptons-wine-shoppe-westhampton-beach,Westhampton Beach shop with sommeliers on site and free delivery across the Hamptons.,2026-06-12
Love Lane Wine Shop,Mattituck,NY,,wine,small_market_local_dominance,https://ediblecommunities.com/wine/long-island-wine-guide/,North Fork shop featured in Edible's Long Island sustainable wine guide for stocking local sustainable producers.,2026-06-12
Wally's Wine & Spirits,Los Angeles,CA,,wine,best_of_city_list,https://www.theinfatuation.com/los-angeles/guides/the-best-wine-shops-in-la,Independent LA institution with massive floor-to-ceiling selection and cellar-temperature storage (Santa Monica and Beverly Hills).,2026-06-12
Lou Wine,Los Angeles,CA,,wine,natural_wine_map,https://www.theinfatuation.com/los-angeles/guides/the-best-wine-shops-in-la,"Los Feliz shop specializing in unusual wines - medieval grape varieties, Basque whites and German bottles mostly $15-$30.",2026-06-12
Eve Wine Shop,Los Angeles,CA,,wine,natural_wine_map,https://www.theinfatuation.com/los-angeles/guides/the-best-wine-shops-in-la,Echo Park bottle shop ranging from super-funky natural to traditional and high-end French.,2026-06-12
Good Luck Wine Shop,Pasadena,CA,,wine,natural_wine_map,https://www.theinfatuation.com/los-angeles/guides/the-best-wine-shops-in-la,"Pasadena shop selling natural and small-production wines from around the world, with its own in-house Vin de California label.",2026-06-12
Vanderbilt Wine Merchants,Brooklyn,NY,,wine,natural_wine_map,https://www.raisin.digital/en/explore/united-states/new-york/new-york-city/brooklyn-1/venues/wine-shops/,Prospect Heights shop named among Brooklyn's top natural wine stores.,2026-06-12
Orange Glou,New York,NY,,wine,natural_wine_map,https://www.raisin.digital/en/explore/united-states/new-york/new-york-city/brooklyn-1/venues/wine-shops/,Orange-wine-only shop named among NYC's top natural wine stores.,2026-06-12
Dandelion Wine Shop,Brooklyn,NY,,wine,natural_wine_map,https://www.purewow.com/wine/wine-shops-brooklyn,Greenpoint go-to with a heavy focus on biodynamic artisanal bottles.,2026-06-12
Wanderlust Delicato,Spokane,WA,,wine,best_of_city_list,"https://www.yelp.com/search?find_desc=Wine+Shop&find_loc=Spokane,+WA",Named among Spokane's top wine shops.,2026-06-12
Ritual Wines,Grand Rapids,MI,,wine,natural_wine_map,https://www.raisin.digital/en/explore/united-states/michigan/venues/wine-shops/,Grand Rapids wine shop with a natural wine selection on Raisin's map.,2026-06-12
Good Good Good,Grand Rapids,MI,,wine,natural_wine_map,https://www.raisin.digital/en/explore/united-states/michigan/venues/wine-shops/,Grand Rapids bar-and-wine-shop hybrid with a natural wine selection (explicit retail component).,2026-06-12
Ordinaire Wine Shop & Wine Bar,Oakland,CA,,wine,natural_wine_map,https://punchdrink.com/articles/best-wine-bars-shops-oakland-california/,"Grand Avenue shop/bar that has driven the Bay Area natural wine movement since 2013, with winemaker nights and a huge natural selection.",2026-06-12
The Punchdown,Oakland,CA,https://www.punchdownwine.com/,wine,natural_wine_map,https://www.punchdownwine.com/,"Oakland's first natural wine bar + bottle shop, pouring natural and biodynamic wines (explicit retail component).",2026-06-12
West End Wine Shop,Boulder,CO,,wine,natural_wine_map,https://www.raisin.digital/en/explore/united-states/colorado/boulder/natural-wines/,Boulder shop listed among the city's natural wine destinations.,2026-06-12
Market Street Wine,Charlottesville,VA,https://www.marketstwine.com/,wine,best_of_city_list,https://www.marketstwine.com/,"Charlottesville's oldest wine shop, curating small, natural and family producers.",2026-06-12
Planet Wine,Alexandria,VA,,wine,best_of_city_list,https://northernvirginiamag.com/food-and-drink/2019/09/30/local-wine-shops-are-the-storytellers-the-industry-needs/,Del Ray Alexandria wine shop profiled in Northern Virginia Magazine's local wine shop feature.,2026-06-12
UnWined,Alexandria,VA,,wine,best_of_city_list,https://northernvirginiamag.com/food-and-drink/2019/09/30/local-wine-shops-are-the-storytellers-the-industry-needs/,Independent Alexandria shop (Belle View) profiled in Northern Virginia Magazine's wine shop feature.,2026-06-12
Arrowine & Cheese,Arlington,VA,,wine,best_of_city_list,https://northernvirginiamag.com/food-and-drink/2019/09/30/local-wine-shops-are-the-storytellers-the-industry-needs/,Arlington fine wine and cheese institution profiled in Northern Virginia Magazine.,2026-06-12
Miracle Plum,Santa Rosa,CA,,wine,natural_wine_map,https://www.sonomamag.com/where-to-taste-natural-wines-in-sonoma-county/,"Downtown Santa Rosa shop carrying low-intervention wines since 2018, called one of Sonoma County's best natural wine stops.",2026-06-12
Little Saint,Healdsburg,CA,,wine,natural_wine_map,https://www.sonomamag.com/where-to-taste-natural-wines-in-sonoma-county/,Healdsburg bottle shop (within a vegan restaurant/cafe) whose 500+ bottle list is led by VinePair's 2023 Sommelier of the Year.,2026-06-12
Hudson Wine Merchants,Hudson,NY,https://hudsonwinemerchants.com/,wine,small_market_local_dominance,https://hudsonwinemerchants.com/,Fine wine fixture in historic Hudson NY since 2004.,2026-06-12
Bluebird Wine Shop,Stone Ridge,NY,,wine,natural_wine_map,https://mysa.wine/blogs/no-mog-blog/where-to-find-natural-wine-new-york-state,Route 209 Hudson Valley shop focused exclusively on natural wines and spirits.,2026-06-12
NOK Vino,Hooksett,NH,https://nokvino.com/,wine,natural_wine_map,https://nokvino.com/,New Hampshire natural wine shop serving the Manchester area.,2026-06-12
Sonoma Wine Bar + Bottle Shop,Houston,TX,https://www.sonomahouston.com/,wine,existing_club_transition,https://www.sonomahouston.com/wine-club,Houston bottle shop already running a $110/month 4-bottle wine club with cheese pairings and member tastings.,2026-06-12
Vinito,Dallas,TX,,wine,existing_club_transition,https://diningout.com/dallas/dallas-wine-clubs-to-join-now/,Bishop Arts wine shop with subscription wine club plans starting at $30/month.,2026-06-12
Savannah Wine Cellar,Savannah,GA,https://www.savannahwinecellar.com/,wine,natural_wine_map,https://www.savannahwinecellar.com/,"Savannah's only boutique wine shop specializing in sustainable, organic and low-intervention wines.",2026-06-12
Fermented Wine Boutique,Chattanooga,TN,,wine,natural_wine_map,"https://www.yelp.com/search?find_desc=Natural+Wine&find_loc=Chattanooga,+TN",Boutique shop listed among Chattanooga's top natural wine options.,2026-06-12
Corks Wine & Spirits,Knoxville,TN,,wine,natural_wine_map,https://www.yelp.com/search?find_desc=Natural+Wine&find_loc=Knoxville%2C+TN,Listed among Knoxville's top natural wine retailers.,2026-06-12
Ranch Acres Wine,Tulsa,OK,https://www.ranchacreswine.com/,wine,best_of_city_list,https://www.ranchacreswine.com/best-wine-store-tulsa,Long-running independent Tulsa wine store.,2026-06-12
Good Drop Wine Shoppe,Bend,OR,https://gooddropwineshoppe.com/,wine,small_market_local_dominance,https://gooddropwineshoppe.com/,Downtown Bend boutique wine shop and bar with PNW specialties and rare vintages.,2026-06-12
The Wine Shop and Tasting Bar,Bend,OR,https://thewineshopbend.com/,wine,small_market_local_dominance,https://thewineshopbend.com/,Locally owned Bend wine shop since 2006 selling global wines by bottle and glass.,2026-06-12
FERM & fare,Bend,OR,,wine,natural_wine_map,https://visitbend.com/journal/bend-wine-bars-and-wineries/,Bend shop focused on organic and responsibly farmed wines.,2026-06-12
Foret Wines,Queens,NY,https://www.foretwineshop.com/,wine,natural_wine_map,https://www.foretwineshop.com/,Ridgewood shop selling exclusively natural wines from winemakers the owners know and trust.,2026-06-12
Astoria Wine & Spirits,Queens,NY,https://www.astoriawines.com/,wine,best_of_city_list,https://www.astoriawines.com/,Curated Astoria shop with helpful shelf-tags and a strong organic wine bench.,2026-06-12
Ellen's Wines & Spirits,Queens,NY,https://ellenswinesspirits.com/,wine,natural_wine_map,https://ellenswinesspirits.com/,Queens shop celebrating women in wine with certified organic and biodynamic selections.,2026-06-12
Satellite SB,Santa Barbara,CA,https://satellitesb.com/,wine,existing_club_transition,https://satellitesb.com/,Santa Barbara natural wine shop that already operates its own wine club (plus vegetarian restaurant hybrid).,2026-06-12
Buvons,Long Beach,CA,https://www.buvonswine.com/,wine,natural_wine_map,https://www.buvonswine.com/,"Women-owned Long Beach bottle shop (bar/restaurant hybrid) with 700+ small-production bottles from Jura, Champagne and Burgundy.",2026-06-12
Ancona's Wines & Liquors,Wilton,CT,,wine,natural_wine_map,https://www.raisin.digital/en/north-america/countries/united-states/connecticut/wine-shops/,Wilton CT shop on Raisin's natural wine map with organic and biodynamic selections.,2026-06-12
The Corkscrew,Memphis,TN,,wine,best_of_city_list,"https://www.yelp.com/search?find_desc=Wine+Shops&find_loc=Memphis,+TN","Named among Memphis's top wine shops, carrying organic wines.",2026-06-12
Natural Wines Naples,Naples,FL,,wine,natural_wine_map,https://www.rawwine.com/profile/naturalwinesnaples,Boutique Naples destination dedicated to natural and organic wines.,2026-06-12
Kimball's Artisan Wines,Jacksonville,FL,,wine,natural_wine_map,https://www.raisin.digital/en/explore/united-states/florida/jacksonville/,Jacksonville natural wine shop on Raisin's map.,2026-06-12
Small Wine Shop,Fort Lauderdale,FL,,wine,natural_wine_map,https://mysa.wine/blogs/no-mog-blog/where-to-find-natural-wine-florida,"Boutique natural-leaning wine shop in Flagler Village, Fort Lauderdale.",2026-06-12
Parcelle,New York,NY,,wine,best_of_city_list,https://www.decanter.com/wine-travel/best-wine-shops-in-new-york-city-525175/,"Sommelier Grant Reynolds's shop on Decanter's best NYC wine shops list, with daily drinkers through Fine & Rare.",2026-06-12
Somm Cellars,New York,NY,,wine,best_of_city_list,https://www.decanter.com/wine-travel/best-wine-shops-in-new-york-city-525175/,"Upper West Side shop from Batard/Tribeca Grill alums, on Decanter's best NYC wine shops list.",2026-06-12
Crush Wine & Spirits,New York,NY,,wine,best_of_city_list,https://www.decanter.com/wine-travel/best-wine-shops-in-new-york-city-525175/,"Midtown East fine-wine shop since 2005 focused on Champagne, Burgundy, Piedmont and Loire; Decanter best-NYC-shops pick.",2026-06-12
Perman Wine Selections,Chicago,IL,,wine,best_of_city_list,https://www.timeout.com/chicago/shopping/the-best-wine-shops-in-chicago,"Craig Perman's sleek, tightly curated shop called the Apple store of vino on Time Out's best Chicago wine shops list.",2026-06-12
Lush Wine and Spirits,Chicago,IL,https://lushwineandspirits.com/,wine,best_of_city_list,https://www.timeout.com/chicago/shopping/lush-wine-spirits-west-town,"Wine bar/bottle shop combo (West Town, Roscoe Village, Evanston) on Time Out's best Chicago wine shops list.",2026-06-12
Independent Spirits,Chicago,IL,,wine,best_of_city_list,https://www.timeout.com/chicago/shopping/the-best-wine-shops-in-chicago,"Owner-run Edgewater shop with an astonishing wine selection from $9 to the hundreds, on Time Out's best-of list.",2026-06-12
Vinic Wine Co,Evanston,IL,,wine,best_of_city_list,https://www.timeout.com/chicago/shopping/vinic-wine-co,Evanston shop featured in Time Out's best Chicago-area wine shops.,2026-06-12
Arlequin Wine Merchant,San Francisco,CA,https://www.arlequinwinemerchant.com/,wine,best_of_city_list,https://www.arlequinwinemerchant.com/,"Family-owned Hayes Valley shop for 20+ years with 3,500+ premium wines, widely considered SF's best wine store.",2026-06-12
Dedalus Wine Shop,Burlington,VT,,wine,existing_club_transition,https://www.wine-searcher.com/merchant/14987-dedalus-wine-shop,"Called one of the best indie wine shops in the country; runs a wine club and operates shop/market/wine bar locations in Burlington, Stowe and Boulder.",2026-06-12
Moore Brothers Wine Company,Wilmington,DE,https://moorebrothers.com/,wine,importer_street_cred,https://moorebrothers.com/,"Sommelier-founded shop (Wilmington and Pennsauken NJ) representing winegrowers committed to natural farming and small production, called one of the region's best wine sources.",2026-06-12
Bespoke The Wine Shop of Travelers Rest,Travelers Rest,SC,,wine,small_market_local_dominance,https://www.yelp.com/search?find_desc=Wine+Store&find_loc=Greenville%2C+SC,Boutique wine shop serving the Greenville SC area from Travelers Rest.,2026-06-12
Solo Vino Bottle Shop,Saint Paul,MN,https://www.solovinowines.com/,wine,best_of_city_list,https://www.solovinowines.com/,"Cathedral Hill independent with a 90%-import selection including natural and organic wines, plus weekly Friday tastings.",2026-06-12
Mountain Village Wine Merchant,Telluride,CO,https://mountainvillagewinemerchant.com/,wine,small_market_local_dominance,https://mountainvillagewinemerchant.com/,Telluride sommelier Bryan Thames's shop with a personally selected inventory.,2026-06-12
Alpine Wine and Spirits,Vail,CO,https://www.alpinewinevail.com/,wine,small_market_local_dominance,https://www.alpinewinevail.com/,Vail Valley shop for 25+ years with sommeliers on staff.,2026-06-12
Mor Wine,Nantucket,MA,https://morwine.com/,wine,small_market_local_dominance,https://morwine.com/,Boutique downtown Nantucket bottle shop of grower Champagnes and small-producer wines.,2026-06-12
Epernay Wine & Spirits,Nantucket,MA,,wine,small_market_local_dominance,https://nantucket.net/wine-and-spirits/,Curated Nantucket wine shop featured in the island's wine and spirits guide.,2026-06-12
The Grapevine Fine Wine,Saratoga Springs,NY,https://grapevinefinewine.com/,wine,small_market_local_dominance,https://grapevinefinewine.com/shop,Curated independent fine wine shop in Saratoga Springs.,2026-06-12
The Austin Wine Merchant,Austin,TX,https://www.theaustinwinemerchant.com/,wine,best_of_city_list,https://www.texasmonthly.com/food/best-wine-shops-texas/,Texas Monthly best-wine-shops pick; John Roenigk's shop has set Austin's standard for 28+ years.,2026-06-12
Cape Bottle Room,Austin,TX,,wine,best_of_city_list,https://www.yelp.com/search?find_desc=Wine+Shops&find_loc=Austin%2C+TX,Named among Austin's top-rated wine shops.,2026-06-12
Streetcar Wine & Beer,Boston,MA,,wine,existing_club_transition,https://www.bostonmagazine.com/best-of-boston-archive/2014/streetcar-wine-beer/,"Best of Boston-winning Jamaica Plain shop of conscientious small producers, with a monthly wine pass subscription.",2026-06-12
Bauer Wine & Spirits,Boston,MA,https://www.bauerwines.com/,wine,best_of_city_list,https://www.bauerwines.com/,Newbury Street independent serving Boston for over 60 years.,2026-06-12
Bacco's Wine and Cheese,Boston,MA,,wine,best_of_city_list,https://www.modernluxury.com/best-wine-boston/,Artisanal wine-and-cheese shop named in Boston best wine shop coverage.,2026-06-12
Leon & Son Wine and Spirits,Brooklyn,NY,https://leonandsonwine.com/,wine,existing_club_transition,https://leonandsonwine.com/pages/leon-circle,"Clinton Hill shop named among the country's best by GQ and Wine & Spirits, focused on organic/biodynamic growers and already running the Leon Circle wine club.",2026-06-12
E & R Wine Shop,Portland,OR,https://www.erwineshop.com/,wine,importer_street_cred,https://portlandfoodanddrink.com/portland-guide-to-local-wine-shops/,"Arguably Portland's best selection, with direct European winery relationships and an annual Kermit Lynch import tasting.",2026-06-12
Great Wine Buys,Portland,OR,,wine,best_of_city_list,https://portlandfoodanddrink.com/portland-guide-to-local-wine-shops/,NE Broadway shop with strong PNW/European selection and weekly Friday tastings.,2026-06-12
Pairings Portland,Portland,OR,,wine,best_of_city_list,https://portlandfoodanddrink.com/portland-guide-to-local-wine-shops/,Food-pairing-focused wine shop in Portland's best-wine-shop guide.,2026-06-12
Schneider's of Capitol Hill,Washington,DC,,wine,best_of_city_list,https://www.decanter.com/wine-travel/washington-dc-for-wine-lovers-500803/,Long-established family-run Capitol Hill store strong on California and French wines.,2026-06-12
Cork Wine Bar and Market,Washington,DC,https://www.corkdc.com/,wine,best_of_city_list,https://www.corkdc.com/,Logan Circle wine bar and retail market since 2008 showcasing experimental and classic wines (explicit retail component).,2026-06-12
Cork & Fork,Washington,DC,,wine,best_of_city_list,https://www.yelp.com/search?find_desc=Wine+Store&find_loc=Washington%2C+DC,Named among DC's top-rated independent wine stores.,2026-06-12
McCarthy & Schiering Wine Merchants,Seattle,WA,,wine,best_of_city_list,https://www.seattlemet.com/eat-and-drink/best-wine-shops-seattle,"Seattle merchant helping customers find the right bottle since 1975, on Seattle Met's best wine shops list.",2026-06-12
Esquin Wine Merchants,Seattle,WA,https://esquin.com/,wine,best_of_city_list,https://esquin.com/,"Washington State's oldest wine store, with global selection and temperature-controlled lockers.",2026-06-12
City Cellars Fine Wines,Seattle,WA,,wine,best_of_city_list,https://www.seattlemet.com/eat-and-drink/best-wine-shops-seattle,Named among Seattle's best wine shops.,2026-06-12
VIN Wine Bar + Bottle Boutique,Carmel,CA,,wine,small_market_local_dominance,https://www.seemonterey.com/directory/vin-wine-bar-bottle-boutique/,Carmel bottle boutique with 70+ small-production California and import wines (bar hybrid).,2026-06-12
Paso Robles Wine Merchant,Paso Robles,CA,https://www.pasorobleswinemerchant.com/,wine,small_market_local_dominance,https://www.pasorobleswinemerchant.com/,"Paso Robles shop (with bar) pouring local, sustainably farmed wines.",2026-06-12
Frankly Wines,New York,NY,https://www.franklywines.com/,wine,natural_wine_map,https://www.raisin.digital/en/frankly-wines-1110/,"Tribeca shop curating small producers with organic, biodynamic and natural focus.",2026-06-12
Discovery Wines,New York,NY,https://www.discoverywines.com/,wine,natural_wine_map,https://www.discoverywines.com/,"East Village neighborhood natural wine and large-format shop since 2004, with Friday tastings.",2026-06-12
Goldie's,Louisville,KY,https://www.barnadanada.com/,wine,natural_wine_map,https://www.barnadanada.com/,"NULU natural wine shop, retail sister of natural wine bar Bar Nada Nada.",2026-06-12
Kaimuki Storeroom,Honolulu,HI,,wine,natural_wine_map,https://www.raisin.digital/en/north-america/countries/united-states/hawaii/honolulu/wine-shops/,Honolulu natural wine shop with organic and biodynamic selections on Raisin's map.,2026-06-12
Fujioka's Wine Times,Honolulu,HI,,wine,best_of_city_list,"https://www.yelp.com/search?find_desc=Wine+Store&find_loc=Honolulu,+HI",Long-running independent named among Honolulu's top wine stores.,2026-06-12
Vintage Wine Cellar,Honolulu,HI,,wine,best_of_city_list,"https://www.yelp.com/search?find_desc=Wine+Store&find_loc=Honolulu,+HI",Named among Honolulu's top-rated wine stores.,2026-06-12
Substrate Wine,Charlotte,NC,,wine,natural_wine_map,https://mysa.wine/blogs/no-mog-blog/where-to-find-natural-wine-in-north-carolina-and-south-carolina,Charlotte natural wine specialist jokingly dubbed 'the natural wine capital of the world' in Carolinas natural wine coverage.,2026-06-12
Smith & Vine,Brooklyn,NY,https://www.smithandvine.com/,wine,best_of_city_list,https://www.smithandvine.com/,Carroll Gardens shop of small-production wines ranked a top-10 NYC wine shop by Grub Street and Time Out.,2026-06-12
Fiasco! Brooklyn,Brooklyn,NY,https://fiascobk.com/,wine,natural_wine_map,https://fiascobk.com/,"Crown Heights natural wine and spirits shop opened 2021, a well-curated neighborhood refuge.",2026-06-12
GenuWine Arizona,Phoenix,AZ,https://genuwinearizona.com/,wine,existing_club_transition,https://genuwinearizona.com/wine-club,Downtown Phoenix wine shop already running a two-bottle monthly wine club with in-store pickup.,2026-06-12
Arizona Wine Collective,Tucson,AZ,https://www.azwinecollective.com/,wine,existing_club_transition,https://www.azwinecollective.com/,"Tucson's only tasting room and bottle shop pouring all three Arizona AVAs, with its own wine club and member perks.",2026-06-12
Corks and Curds,Portsmouth,NH,,wine,best_of_city_list,"https://www.yelp.com/search?find_desc=Wine+Store&find_loc=Portsmouth,+NH+03801",Wine-and-cheese shop named among Portsmouth NH's top wine stores.,2026-06-12
Islington Bottle Shoppe,Portsmouth,NH,,wine,best_of_city_list,"https://www.yelp.com/search?find_desc=Wine+Store&find_loc=Portsmouth,+NH+03801",Independent bottle shop named among Portsmouth NH's top wine stores.,2026-06-12
Salud Bottle Shop,Charlotte,NC,,wine,natural_wine_map,https://www.raisin.digital/en/north-america/countries/united-states/north-carolina/charlotte/,NoDa Charlotte bottle shop with a natural wine selection on Raisin's map.,2026-06-12
Vinyl Wine,New York,NY,,wine,natural_wine_map,https://www.yelp.com/search?find_desc=natural+wine&find_loc=Long+Island+City%2C+Queens%2C+NY+11101,East Harlem shop listed among NYC's top natural wine retailers.,2026-06-12
The Vintage Wine Shoppe,Birmingham,AL,https://www.vintagewineshoppe.net/,wine,best_of_city_list,https://www.ratingspider.com/best-wine-shop/top-10-wine-shops-birmingham/,"Independent shop established 1997, ranked among the best wine stores in Birmingham with a comprehensive global selection.",2026-06-12
Classic Wine Company,Homewood,AL,https://classicwineco.com/,wine,small_market_local_dominance,https://classicwineco.com/,"Outstanding wine store and bar in downtown Homewood since 1988, founded to bring rarer wines to Birmingham.",2026-06-12
Church Street Wine Shoppe,Huntsville,AL,,wine,best_of_city_list,https://www.ratingspider.com/best-wine-shop/top-10-wine-shops-birmingham/,Named among the top-rated independent wine shops in Huntsville with knowledgeable staff and a welcoming atmosphere.,2026-06-12
Domaine South,Huntsville,AL,,wine,best_of_city_list,https://www.yelp.com/search?find_desc=Wine+Store&find_loc=Huntsville,+AL,Cited among Huntsville's top independent wine stores known for curated selection and knowledgeable staff.
AK Wine Grotto,Anchorage,AK,https://www.akwinegrotto.com/,wine,small_market_local_dominance,https://www.akwinegrotto.com/,Independent Anchorage wine shop featuring new and exclusive wines every month.,2026-06-12
Anchorage Wine House,Anchorage,AK,https://anchoragewinehouse.com/,wine,small_market_local_dominance,https://www.jancisrobinson.com/articles/anchorage-wine-drinkers,"Jancis Robinson highlights this retail shop's classic-wine selection and a wine buyer who knows his stuff, with focus on California and Pacific Northwest.",2026-06-12
Crush Wine Bistro & Cellar,Anchorage,AK,https://www.crushak.com/,wine,small_market_local_dominance,https://www.alaska.org/detail/crush-wine-bar-shop,Bistro with an attached retail bottle shop and a cellar of some 600 bottles - explicit wine-bar/retail-shop hybrid.,2026-06-12
Grapevine Wines & Spirits,Little Rock,AR,,wine,best_of_city_list,https://www.ratingspider.com/best-wine-shop/top-10-stores-little-rock/,Independent shop open since 1994 whose owner Jonathan Looney is a Certified Sommelier; ranked among Little Rock's best wine stores.,2026-06-12
Harry's Wine & Liquor Market,Fairfield,CT,https://www.harryswine.com/,wine,affluent_convenience_gap,https://www.harryswine.com/,"Third-generation family wine market in Fairfield CT, focused on unparalleled service since 1941.",2026-06-12
Swigg,Wilmington,DE,https://www.swiggwine.com/,wine,best_of_city_list,https://www.swiggwine.com/,"Curated bottle shop highlighting wines, beers and spirits of independent producers and importers.",2026-06-12
Ward's Fine Wines,Wilmington,DE,,wine,best_of_city_list,https://delawaretoday.com/uncategorized/wine-deals-at-delaware-stores/,"Trolley Square shop carrying wines from small vineyards with personalized service, per Delaware Today.",2026-06-12
Veritas,Wilmington,DE,,wine,best_of_city_list,https://delawaretoday.com/uncategorized/wine-deals-at-delaware-stores/,"Riverfront wine shop pioneer where owner Venu Gaddamid carefully picks every offering, per Delaware Today.",2026-06-12
Bin 66 Fine Wine & Spirits,Rehoboth Beach,DE,,wine,small_market_local_dominance,https://delawaretoday.com/uncategorized/franks-wine-teller-wines-krestons-liquor-mart-and-bin-66-best-wine-store/,Named in Delaware Today's Best Wine Store roundup; independent fine-wine shop in resort-town Rehoboth Beach.,2026-06-12
Frank's Wine,Wilmington,DE,,wine,press_awards_recent_momentum,https://delawaretoday.com/uncategorized/franks-wine-teller-wines-krestons-liquor-mart-and-bin-66-best-wine-store/,Named in Delaware Today's Best Wine Store roundup of independent Delaware wine shops.,2026-06-12
Teller Wines,Lewes,DE,,wine,press_awards_recent_momentum,https://delawaretoday.com/uncategorized/franks-wine-teller-wines-krestons-liquor-mart-and-bin-66-best-wine-store/,Named in Delaware Today's Best Wine Store roundup; independent wine shop in the affluent beach town of Lewes.,2026-06-12
Eagle Wine Merchant,Eagle,ID,https://www.eaglewinemerchant.com/,wine,small_market_local_dominance,https://www.eaglewinemerchant.com/,"Bills itself as Idaho's premier wine shop, an independent retail merchant in the affluent Boise suburb of Eagle.",2026-06-12
A New Vintage Wine Shop,Boise,ID,,wine,best_of_city_list,https://dropt.beer/insights/uncorking-boise-your-guide-to-the-best-wine-shops-in-the-city-of-trees/,Named among Boise's top independent wine shops in a city wine-shop guide.,2026-06-12
Wine + Market,Lexington,KY,,wine,best_of_city_list,https://dropt.beer/insights/your-ultimate-guide-to-wine-shops-in-lexington-kentucky/,"Lexington wine shop that regularly hosts wine tastings, winemaker dinners and educational seminars.",2026-06-12
The Wine Rack,Louisville,KY,,wine,best_of_city_list,https://dropt.beer/insights/louisvilles-best-wine-shops-a-locals-guide-to-uncorking-delicious-discoveries/,"Listed among Louisville's top wine stores, described as a small but friendly independent wine shop.",2026-06-12
Vine Bottle Shop,Oxford,MS,https://vinebottleshop.com/,wine,small_market_local_dominance,https://vinebottleshop.com/,"Tightly curated selection of accessibly priced wines from Europe and the US, run by food-and-drink-loving owners near downtown Oxford Square.",2026-06-12
The Wine Gallery,Bozeman,MT,,wine,small_market_local_dominance,https://www.wineberserkers.com/t/wine-shops-in-bozeman-mt/36290,"Bozeman shop offering grower-producer Champagnes, top Riojas and leading Barolos with a wine-lover GM.",2026-06-12
Omaha Wine Company,Omaha,NE,,wine,best_of_city_list,https://www.yelp.com/search?find_desc=Wine+Shop&find_loc=Omaha,+NE,Independent wine-focused shop ranked among Omaha's top wine stores with knowledgeable ownership.
Folk,Portsmouth,NH,,wine,best_of_city_list,https://fromthevinetowine.com/2024/07/29/best-wine-shop-in-portsmouth-nh/,Named among the top-rated independent wine shops in Portsmouth NH in a local best-wine-shop roundup.,2026-06-12
The Wine Shop,Charleston,WV,,wine,small_market_local_dominance,https://www.yelp.com/biz/the-wine-shop-charleston,"Charleston WV's dedicated wine store carrying a wide array of fine wines from all over the world, $4 to $400 a bottle.",2026-06-12
The Wine & Cheese Shop at Capitol Market,Charleston,WV,,wine,small_market_local_dominance,https://www.yelp.com/search?find_desc=Wine+Store&find_loc=Charleston,+WV,Independent shop open since 1997 with over 1200 square feet of wall-to-wall wine at Charleston's Capitol Market.
Bin22,Jackson,WY,https://www.bin22jacksonhole.com/,wine,small_market_local_dominance,https://www.bin22jacksonhole.com/,Jackson Hole wine bar and tapas restaurant with an attached bottle shop and specialty grocer steps from Town Square - explicit retail hybrid in a resort town.,2026-06-12
Westside Wine & Spirits,Wilson,WY,https://www.westsidewinejh.com/,wine,small_market_local_dominance,https://www.westsidewinejh.com/,Full-service bottle shop on Teton Village Road holding free weekly in-shop wine tastings.,2026-06-12
Little Wine Cellar Co,Sioux Falls,SD,,wine,small_market_local_dominance,https://www.tripadvisor.com/Attraction_Review-g54805-d4701861-Reviews-Little_Wine_Cellar_Co-Sioux_Falls_South_Dakota.html,Sioux Falls wine shop running tasting events throughout the year with an in-store tasting station.,2026-06-12
Vintology Wine & Spirits,Scarsdale,NY,https://vintology.com/,wine,affluent_convenience_gap,https://westchestermagazine.com/food/top-wine-shops/,"Scarsdale boutique dedicated to curating exceptional wines meeting high standards of quality, value and family heritage, per Westchester Magazine.",2026-06-12
Wine at Five,Rye,NY,,wine,affluent_convenience_gap,https://westchestermagazine.com/food/top-wine-shops/,"Rye shop that gives preference to producers making fewer than 5,000 cases a year, per Westchester Magazine's boutique wine shop roundup.",2026-06-12
Le Wine Shop,Larchmont,NY,,wine,affluent_convenience_gap,https://westchestermagazine.com/food/top-wine-shops/,"Downtown Larchmont shop emphasizing European, biodynamic and organic wines, per Westchester Magazine.",2026-06-12
Seaholm Wines & Liquors,Huntington,NY,https://www.seaholmwines.com/,wine,affluent_convenience_gap,https://www.seaholmwines.com/,"Well-regarded independent Huntington village wine store with deep Italian, French and West Coast selections.",2026-06-12
Village Wine Merchant,Sea Cliff,NY,https://villagewinemerchant.com/,wine,affluent_convenience_gap,https://villagewinemerchant.com/,Sea Cliff merchant offering quality everyday and collectible wines plus wine classes and tastings on Long Island's North Shore.,2026-06-12
Grape Collective,Montclair,NJ,,wine,affluent_convenience_gap,https://jerseybites.com/2025/01/montclairs-grape-collective-a-wine-lovers-journey/,Upper Montclair wine shop profiled by Jersey Bites for its carefully curated selections.,2026-06-12
Cambridge Wines,Summit,NJ,https://www.cambridgewinesnj.com/,wine,affluent_convenience_gap,https://www.cambridgewinesnj.com/,Summit NJ shop offering an expertly curated selection of fine wines and craft spirits.,2026-06-12
Public Wine Beer & Spirits,Princeton,NJ,https://www.publicprinceton.com/,wine,affluent_convenience_gap,https://www.publicprinceton.com/,Princeton shop with a thoughtfully curated selection from partners who share a passion for quality and authenticity.,2026-06-12
The Wine Goddess,Evanston,IL,https://www.winegoddess.com/,wine,affluent_convenience_gap,https://www.winegoddess.com/,"Female-owned neighborhood wine shop, wine bar and community hub on Main Street in Evanston.",2026-06-12
Vinissimo Wine Shop,Evanston,IL,https://vinissimowine.com/,wine,affluent_convenience_gap,https://vinissimowine.com/,Central Street Evanston shop praised for the best selection of wine and a knowledgeable owner.,2026-06-12
The Bottle Shop,Wilmette,IL,,wine,affluent_convenience_gap,https://www.visitchicagonorthshore.com/blog/summer_wine_down,"Wilmette shop carrying more than 400 bottles of wine, an independent fixture on Chicago's North Shore.",2026-06-12
Winnetka Wine Shop,Winnetka,IL,https://www.enjoyillinois.com/explore/listing/winnetka-wine-shop/,wine,affluent_convenience_gap,https://www.enjoyillinois.com/explore/listing/winnetka-wine-shop/,Winnetka shop where every wine is hand selected and taste tested before being placed on the shelf.,2026-06-12
Finch Fine Wines,Birmingham,AL,,wine,best_of_city_list,https://www.ratingspider.com/best-wine-shop/top-10-wine-shops-birmingham/,Listed among Birmingham's top-rated independent wine stores alongside The Vintage Wine Shoppe.,2026-06-16
Fondren Cellars,Jackson,MS,https://www.fondrencellars.com/,wine,best_of_city_list,https://www.fondrencellars.com/,Described as Mississippi's premier wine shop in Jackson's Fondren neighborhood with curated wine inventory.,2026-06-16
Calandro's Select Cellars,Baton Rouge,LA,https://selectcellars.calandros.com/,wine,natural_wine_map,https://www.raisin.digital/en/north-america/countries/united-states/louisiana/wine-shops/,Select Cellars actively promotes natural wines with a huge curated selection of French and Italian artisan wine.,2026-06-16
MYSOMM Wine Merchant,Lafayette,LA,,wine,small_market_local_dominance,https://www.raisin.digital/en/north-america/countries/united-states/louisiana/wine-shops/,Sommelier-led independent wine merchant in Lafayette's Acadiana region.,2026-06-16
Second Bottle Wine,Richmond,VA,,wine,natural_wine_map,https://sipsandtripswithpaige.com/2023/02/08/ultimate-rva-wine-guide/,Church Hill neighborhood shop focusing on small-scale growers farming organically or biodynamically.,2026-06-16
Winegeek,Boise,ID,,wine,natural_wine_map,https://dropt.beer/insights/uncorking-boise-your-guide-to-the-best-wine-shops-in-the-city-of-trees/,Owner Marko Jelic is a natural-wine advocate with an outstanding selection of natural and low-intervention wines.,2026-06-16
The Wine Guild of Charlottesville,Charlottesville,VA,https://www.visitcharlottesville.org/directory/the-wine-guild-of-charlottesville/,wine,existing_club_transition,https://www.visitcharlottesville.org/directory/the-wine-guild-of-charlottesville/,Wine shop and members' buying club in Rose Hill with curated fine wines and free Wednesday tastings.,2026-06-16
Vino Culture,Norfolk,VA,https://vinoculturewineshop.com/,wine,best_of_city_list,https://vinoculturewineshop.com/,"Boutique Norfolk wine shop with constantly rotating curated retail selections, wine classes and weekly tastings.",2026-06-16
Tasting Room,Greensboro,NC,https://www.tastingroomgso.com/,wine,best_of_city_list,https://www.tastingroomgso.com/,"Neighborhood wine retail shop selling by glass, bottle or case with curated selection (retail hybrid).",2026-06-16
5 Points Natural Wine Shop,Tucson,AZ,https://www.5pointstucson.com/wine-shop,wine,existing_club_transition,https://www.5pointstucson.com/wine-club,One of the most beautifully curated minimal-intervention biodynamic selections in Arizona and runs its own wine club.,2026-06-16
Saint Joaquin,Fresno,CA,,wine,natural_wine_map,https://www.raisin.digital/en/north-america/countries/united-states/california/fresno/wine-shops/,Fresno's main natural wine bottle shop and bar (retail hybrid) listed on Raisin's natural wine map.,2026-06-16
Bottle Barn,Santa Rosa,CA,https://bottlebarn.com/,wine,best_of_city_list,https://www.sonomacounty.com/wine/7-favorite-wine-shops-sonoma-county/,"Independent 15,000-sq-ft Santa Rosa shop with unparalleled curated Sonoma, rare-vintage and uncommon-variety selection.",2026-06-16
Sonoma Wine Shop,Sebastopol,CA,,wine,existing_club_transition,https://www.sonomacounty.com/wine/7-favorite-wine-shops-sonoma-county/,Curated by co-owner Bryan Cooper with 40 years of wine knowledge; features a wine club and take-out/dine-in.,2026-06-16
Todd Jolly's Wine Shop,Sonoma,CA,,wine,small_market_local_dominance,https://www.sonomacounty.com/wine/7-favorite-wine-shops-sonoma-county/,"Sommelier Todd Jolly hand-picks every shelf wine, focused on sustainable limited-production family-owned producers.",2026-06-16
Santa Rosa Fine Wine,Santa Rosa,CA,https://www.santarosafinewine.com/,wine,best_of_city_list,https://www.santarosafinewine.com/,"Specializes in fine and rare age-worthy wines from Napa, Sonoma, Burgundy and Bordeaux for collectors and restaurants.",2026-06-16
Vino! A WineShop,Spokane,WA,https://vinowine.com/,wine,best_of_city_list,https://vinowine.com/,Voted Spokane's Best Wineshop by Inlander Reader's Poll six years straight.,2026-06-16
Wildside Wine,Tacoma,WA,,wine,best_of_city_list,https://www.yelp.com/search?find_desc=Wine+Shop&find_loc=Tacoma%2C+WA,Among the top-rated independent wine shops in Tacoma.,2026-06-16
The Buried Bottle,Tacoma,WA,,wine,best_of_city_list,https://www.yelp.com/search?find_desc=Wine+Shop&find_loc=Tacoma%2C+WA,Top-rated independent Tacoma wine shop.,2026-06-16
Black Door Wine Company,Tacoma,WA,,wine,best_of_city_list,https://www.yelp.com/search?find_desc=Wine+Shop&find_loc=Tacoma%2C+WA,Among Tacoma's top-rated independent wine shops.,2026-06-16
Headquarters,Eugene,OR,https://www.eugenecascadescoast.org/listing/headquarters/14538/,wine,natural_wine_map,https://www.eugenecascadescoast.org/listing/headquarters/14538/,Eugene natural wine bar and shop representing organically farmed low-intervention wines from family estates (retail hybrid).,2026-06-16
Viaggio Wine Merchant,Bend,OR,https://www.viaggiowine.com/,wine,natural_wine_map,https://www.viaggiowine.com/,"Bend wine merchant offering natural, low-alcohol, domestic and international wines (retail hybrid).",2026-06-16
The Fine Wine Company of Westport,Westport,CT,https://thefinewinecompanyofwestport.com/,wine,best_of_city_list,https://thefinewinecompanyofwestport.com/,"Specializes in carefully curated sustainable, organic and artisan wines and craft spirits.",2026-06-16
Wine Seller of Ridgewood,Ridgewood,NJ,https://www.facebook.com/TheWineSeller/,wine,small_market_local_dominance,https://www.facebook.com/TheWineSeller/,Ridgewood shop featuring hand-picked wine discoveries from around the world.,2026-06-16
Hinsdale Wine Shop,Hinsdale,IL,https://hinsdalewineshop.com/,wine,existing_club_transition,https://www.wine-searcher.com/merchant/11109-hinsdale-wine-shop,"Family-owned downtown Hinsdale shop specializing in artisanal wines with a wine club, from value bottles to limited-edition releases.",2026-06-16
Tasting deVine Cellars,Naperville,IL,,wine,best_of_city_list,https://www.yelp.com/search?find_desc=Wine+Store&find_loc=Naperville,+IL,Among Naperville's top independent wine stores.
Four Dogs Fine Wines & Spirits,Aspen,CO,,wine,small_market_local_dominance,https://www.yelp.com/search?find_desc=Wine+Store&find_loc=Vail%2C+CO+81657,Aspen-area fine wine shop featuring a curated rosé and international selection.,2026-06-16
Sarasota Wine Co.,Sarasota,FL,https://www.sarasotawineco.com/,wine,best_of_city_list,https://www.visitsarasota.com/article/10-stellar-wine-shops-wine-bars-sarasota,Downtown Sarasota fine wine boutique with curated family-owned and organic producers plus weekly tastings.,2026-06-16
Seagrape Wine Co.,Sarasota,FL,,wine,best_of_city_list,https://www.visitsarasota.com/article/10-stellar-wine-shops-wine-bars-sarasota,Retail wine shop focused on classic global growing regions and exploring personal taste.,2026-06-16
Michael's Wine Cellar,Sarasota,FL,https://www.michaelswinecellar.com/,wine,best_of_city_list,https://www.michaelswinecellar.com/,Boutique Sarasota wine shop and international wine merchant for 30+ years.,2026-06-16
Il Vino Sarto,Naples,FL,,wine,small_market_local_dominance,https://gulfshorelife.com/food-drink/wine/swfl-hidden-wine-shops/,"Old Naples boutique bottle shop focused on small, family-run estates with an artisanal approach.",2026-06-16
The Wine Store,Naples,FL,https://www.thewinestorenaples.com/about,wine,best_of_city_list,https://www.thewinestorenaples.com/about,Naples shop offering curated wines plus wine storage and lockers for collectors.,2026-06-16
Graft Wine Shop,Charleston,SC,,wine,natural_wine_map,https://www.raisin.digital/en/north-america/countries/united-states/south-carolina/charleston/,Charleston natural wine shop listed among the city's top low-intervention venues.,2026-06-16
Wine & Company,Charleston,SC,,wine,natural_wine_map,https://www.raisin.digital/en/north-america/countries/united-states/south-carolina/charleston/,Charleston shop among the city's top natural wine venues on Raisin.,2026-06-16
Marty's Fine Wines,Newton,MA,https://martysfinewine.com/,wine,best_of_city_list,https://martysfinewine.com/,Long-standing Newton independent fine wine retailer.,2026-06-16
Whispering Vine Wine Co.,Reno,NV,https://www.whisperingvinewine.com/,wine,existing_club_transition,https://www.whisperingvinewine.com/,"Reno wine destination with 2,500+ handpicked selections, weekly tastings and curated wines (retail hybrid).",2026-06-16
Bin 105,Lincoln,NE,,wine,best_of_city_list,https://www.yelp.com/search?find_desc=Wine+Store&find_loc=Lincoln,+NE,Haymarket District shop with a curated selection of boutique and hard-to-find wines.
Vino Cellars,Springfield,MO,,wine,best_of_city_list,https://www.yelp.com/search?find_desc=Wine+Store&find_loc=Springfield%2C+MO,Knowledgeable owners host region- and distributor-focused wine dinners at this Springfield shop.,2026-06-16
Cherry Street Cellar,Columbia,MO,,wine,best_of_city_list,https://www.yelp.com/search?find_desc=wine+store&find_loc=Columbia,+MO,Among Columbia's top independent wine shops.
Regalique,Carmel,IN,,wine,small_market_local_dominance,https://www.yelp.com/search?find_desc=Wine+Store&find_loc=Carmel%2C+IN,Wine and gourmet food specialty store in the Carmel Arts District.,2026-06-16
Hyphen,Palm Springs,CA,https://www.hyphenpsp.com/,wine,natural_wine_map,https://visitpalmsprings.com/blog/post/hyphen-wines-naturally/,"Palm Springs boutique with a thoughtfully curated selection of natural, organic and biodynamic wines and Saturday tastings.",2026-06-16
Desert Wine Shop,La Quinta,CA,https://www.visitgreaterpalmsprings.com/listing/desert-wine-shop-on-111/29500/,wine,small_market_local_dominance,https://www.yelp.com/biz/desert-wine-shop-on-111-la-quinta,"The Valley's only independent wine shop, hand-selecting and tasting every wine before it goes on the shelf.",2026-06-16
Dead or Alive Bar + Shop,Palm Springs,CA,,wine,natural_wine_map,https://wanderlog.com/place/details/1130214/dead-or-alive-bar--shop,Owner Christine Soto features sustainably farmed organic wines from small-production wineries (retail hybrid).,2026-06-16
Central Coast Wines,San Luis Obispo,CA,https://www.ccwines.com/,wine,natural_wine_map,https://www.yelp.com/search?find_desc=Natural+Wine+Store&find_loc=San+Luis+Obispo%2C+CA,"Specializes in natural, small-production and high-quality wines from Central Coast counties.",2026-06-16
Dunites Wine,San Luis Obispo,CA,,wine,best_of_city_list,https://www.yelp.com/search?find_desc=Wine+Shop&find_loc=San+Luis+Obispo,+CA,Among San Luis Obispo's top natural wine shops.
WineSneak,San Luis Obispo,CA,,wine,best_of_city_list,https://www.yelp.com/search?find_desc=Wine+Shop&find_loc=San+Luis+Obispo,+CA,Among San Luis Obispo's top wine shops.
Annie's Wine Cottage,Powell,OH,https://shop.annieswinecottagepowell.com/,wine,existing_club_transition,https://shop.annieswinecottagepowell.com/,Powell shop working with respected Ohio distributors and offering wine club selections.,2026-06-16
Wine on High,Columbus,OH,https://www.wineonhigh.com/,wine,existing_club_transition,https://www.wineonhigh.com/,Locally owned Short North bar and retail shop with a wine club (retail hybrid).,2026-06-16
The Lark Winespace,Athens,GA,https://thelarkwinespace.com/,wine,best_of_city_list,https://thelarkwinespace.com/,"Athens shop with a curated changing selection of wines plus cheese, tinned fish and charcuterie.",2026-06-16
Five Points Bottle Shop,Athens,GA,https://fivepointsbottleshop.com/wine-club/,wine,existing_club_transition,https://fivepointsbottleshop.com/wine-club/,Curated Athens bottle shop with a 3- or 6-bottle monthly wine club.,2026-06-16
Nine O'Clock Wines,Pittsburgh,PA,https://www.nineoclockwines.com/,wine,existing_club_transition,https://www.nineoclockwines.com/,Pittsburgh natural wine bottle shop with a seasonal curated wine club spotlighting lesser-known grapes.,2026-06-16
La Vid Vinoteca,Tampa,FL,https://lavidtampa.com/,wine,best_of_city_list,https://lavidtampa.com/,Tampa's premier destination for curated wines from Spain and Portugal with expert-led tastings.,2026-06-16
Mr. D. Wine Merchant,Miami,FL,,wine,natural_wine_map,https://mysa.wine/blogs/no-mog-blog/where-to-find-natural-wine-florida,"Wynwood merchant with a curated selection emphasizing natural, organic and biodynamic wines.",2026-06-16
Chateau Cellars,Tampa,FL,https://chateaucellars.com/,wine,best_of_city_list,https://chateaucellars.com/,"Tampa retail shop with a thoughtfully curated selection, wine bar and temperature-controlled storage.",2026-06-16
Grippy Tannins,Portland,ME,https://www.grippytannins.com/,wine,natural_wine_map,https://www.grippytannins.com/,Portland wine shop and tasting lounge with a curated selection introducing emerging winemakers (retail hybrid).,2026-06-16
Vine & Branch Wine Shop,Lexington,KY,https://vineandbranchwine.com/,wine,best_of_city_list,https://vineandbranchwine.com/,Lexington's premiere curated wine experience and Best of Lexington winner 2022-2025.,2026-06-16
Square Wines,Madison,WI,,wine,natural_wine_map,https://www.wineenthusiast.com/culture/wine/natural-wine-midwest/,"Madison bottle shop owned by Andrea Hillsey, part of the Midwest natural wine scene.",2026-06-16
Missoula Wine Merchants,Missoula,MT,https://missoulawine.com/,wine,best_of_city_list,https://missoulawine.com/,"Missoula shop carrying 450+ wines from around the world plus charcuterie, cheese and Montana products.",2026-06-16
Good Mansion Wines,Wheeling,WV,,wine,small_market_local_dominance,https://www.yelp.com/search?find_desc=wine+store&find_loc=Morgantown%2C+WV,Fine wine shop in Wheeling with the area's largest wine selection plus 100+ imported cheeses and salumi.,2026-06-16
The Wine Collective of Scottsdale,Scottsdale,AZ,,wine,best_of_city_list,https://www.phoenixnewtimes.com/restaurants/the-best-wine-shops-in-metro-phoenix-7494665,Old Town Scottsdale tasting room and bottle shop with an Arizona-wine focus (retail hybrid).,2026-06-16
Hi-Time Wine Cellars,Costa Mesa,CA,,wine,press_awards_recent_momentum,https://www.chowhound.com/2103109/best-wine-shops-in-the-country/,"Founded 1957, 24,000-sq-ft indie with underground wine cellar; named to USA Today's 2025 10Best wine shops.",2026-06-16
Pastaria Deli & Wine,Clayton,MO,,wine,natural_wine_map,https://www.raisin.digital/en/north-america/countries/united-states/missouri/wine-shops/,Clayton deli and natural wine shop with organic and biodynamic wines vinified naturally (retail hybrid).,2026-06-16
Bottlerocket Wine & Spirit,New York,NY,,wine,press_awards_recent_momentum,https://www.chowhound.com/2103109/best-wine-shops-in-the-country/,Flatiron-area shop named among Chowhound's 20 best wine shops in the US.,2026-06-16
Ora et Labora,Portland,OR,,wine,press_awards_recent_momentum,https://www.chowhound.com/2103109/best-wine-shops-in-the-country/,Portland wine shop named among Chowhound's 20 best wine shops in the US.,2026-06-16
Mom and Pop Wine Shop,Portland,OR,,wine,natural_wine_map,https://imbibemagazine.com/best-wine-shops/,Portland shop opened 2015 by former restaurant pros with a thoughtful selection emphasizing local Oregon wines.,2026-06-16
Little Thing,Seattle,WA,,wine,natural_wine_map,https://imbibemagazine.com/best-wine-shops/,"Beacon Hill shop with a small, hand-selected rotating wine inventory.",2026-06-16
Violet Wine & Spirits,Minneapolis,MN,https://violetwinempls.com/,wine,natural_wine_map,https://www.yelp.com/search?find_desc=Natural+Wine+Store&find_loc=Minneapolis%2C+MN,"Northeast Minneapolis retail destination for wine, sake, cider and more with a natural-wine lean.",2026-06-16
Starr Wines,Brooklyn,NY,,wine,natural_wine_map,https://www.raisin.digital/en/explore/united-states/new-york/new-york-city/brooklyn-1/venues/wine-shops/,Among Brooklyn's top natural wine shops on Raisin's map.,2026-06-16
Eastern District,Brooklyn,NY,,wine,natural_wine_map,https://www.yelp.com/search?find_desc=Natural+Wine+Shop&find_loc=Brooklyn%2C+NY,Greenpoint shop among Brooklyn's top natural wine and provisions destinations.,2026-06-16
Happy Cork,Brooklyn,NY,,wine,natural_wine_map,https://www.yelp.com/search?find_desc=Natural+Wine+Shop&find_loc=Brooklyn%2C+NY,Bed-Stuy Black-owned shop among Brooklyn's top natural wine stores.,2026-06-16
Irving Bottle,Brooklyn,NY,,wine,natural_wine_map,https://www.yelp.com/search?find_desc=Natural+Wine+Shop&find_loc=Brooklyn%2C+NY,Bushwick shop among Brooklyn's top natural wine stores.,2026-06-16
Blanc et Rouge,Brooklyn,NY,,wine,natural_wine_map,https://mysa.wine/blogs/no-mog-blog/where-to-find-natural-wine-in-brooklyn-nyc,Dumbo shop listed among Brooklyn's natural wine options.,2026-06-16
Radicle Wine,Brooklyn,NY,,wine,natural_wine_map,https://mysa.wine/blogs/no-mog-blog/where-to-find-natural-wine-in-brooklyn-nyc,Brooklyn natural wine shop highlighted among the borough's options.,2026-06-16
Wine & Eggs,Los Angeles,CA,,wine,natural_wine_map,https://andershusa.com/guide-where-to-get-your-natural-wine-fix-in-los-angeles-the-best-bottle-shops-and-bars/,Atwater Village natural wine shop and market among LA's top natural wine spots.,2026-06-16
The Noble Grape,Chicago,IL,,wine,best_of_city_list,https://www.timeout.com/chicago/shopping/the-best-wine-shops-in-chicago,West Town shop since 2008 with 250 globally sourced wines and free tastings.,2026-06-16
Augusta,Chicago,IL,,wine,best_of_city_list,https://www.timeout.com/chicago/shopping/the-best-wine-shops-in-chicago,Lincoln Square one-stop wine shop with a selection of unique wines.,2026-06-16
Ardor Natural Wines,Portland,ME,https://ardornaturalwines.com/,wine,natural_wine_map,https://www.yelp.com/search?find_desc=Natural+Wine&find_loc=Portland,+ME,Portland Maine natural wine shop among the city's top natural wine venues.
Daytrip,Oakland,CA,,wine,natural_wine_map,https://punchdrink.com/articles/best-wine-bars-shops-oakland-california/,Temescal fermentation-driven wine shop and restaurant with a serious natural wine program curated by Jenny Eagleton (retail hybrid).,2026-06-16
Bay Grape Napa,Napa,CA,,wine,natural_wine_map,https://www.7x7.com/where-to-taste-natural-wine-california-2644907652.html,"Napa sister shop specializing in natural, organic and biodynamic wines from small independent producers.",2026-06-16
Alma Wine Bar & Shop,Sacramento,CA,,wine,natural_wine_map,https://www.yelp.com/search?find_desc=Natural+Wine&find_loc=Sacramento,+CA,Sacramento natural wine bar and retail shop (retail hybrid).
Franquette,Sacramento,CA,,wine,natural_wine_map,https://www.yelp.com/search?find_desc=Natural+Wine&find_loc=Sacramento,+CA,Sacramento natural wine bottle shop among the city's top natural wine venues.
D&Q The Beer Station,Houston,TX,,wine,natural_wine_map,https://www.raisin.digital/en/explore/united-states/texas/houston/,Houston shop with a selection of natural wines (retail hybrid).,2026-06-16
Delafia,Durham,NC,,wine,natural_wine_map,https://www.raisin.digital/en/north-america/countries/united-states/north-carolina/wine-shops/,Durham wine shop with a selection of natural wines.,2026-06-16
Short Walk Wines,Raleigh,NC,,wine,natural_wine_map,https://mysa.wine/blogs/no-mog-blog/where-to-find-natural-wine-in-north-carolina-and-south-carolina,Downtown Raleigh shop with a robust selection of American and international natural wine to go (retail hybrid).,2026-06-16
Solely Wine,Indianapolis,IN,,wine,natural_wine_map,https://www.tasteindianapolis.com/blog/solely-wine-natural-wine-indianapolis,Indianapolis natural and low-intervention wine shop selling by glass and bottle from small producers (retail hybrid).,2026-06-16
Grapevine Cottage,Zionsville,IN,,wine,small_market_local_dominance,https://www.yelp.com/search?find_desc=Wine+Store&find_loc=Indianapolis,+IN,Zionsville specialty wine shop among the top Indy-area wine retailers.
Sadler Wine Markets,Fishers,IN,,wine,best_of_city_list,https://www.yelp.com/search?find_desc=Wine+Store&find_loc=Indianapolis,+IN,Independent Indy-area wine market with locations in Fishers and Broad Ripple.
Enoteca at Goose the Market,Indianapolis,IN,,wine,best_of_city_list,https://edibleindy.com/culture/food-trends/natural-wine-101-what-to-know-and-where-to-drink-it-in-indianapolis/,Wine shop within Goose the Market specialty grocer with a curated bottle selection (retail hybrid).,2026-06-16
PA Libations,Pittsburgh,PA,,wine,small_market_local_dominance,https://www.paeats.org/feature/natural-wine-in-pennsylvania/,"Strip District shop, the largest haven of PA-made wine, spirits, ciders and mead.",2026-06-16
Rye Fine Wines,Rye,NY,,wine,small_market_local_dominance,https://westchestermagazine.com/food/top-wine-shops/,Rye shop run by owners Graeme and Cathy with a Spain and Italy focus and warm atmosphere.,2026-06-16
Wild Vine,Bronxville,NY,,wine,best_of_city_list,https://westchestermagazine.com/food/top-wine-shops/,"Bronxville shop offering wine, spirits and sake with free monthly tasting events.",2026-06-16
Amici Wines,Scarsdale,NY,,wine,small_market_local_dominance,https://www.yelp.com/search?find_desc=Wine+Store&find_loc=Rye,+NY+10580,Independent Scarsdale wine shop in Christie Place.
Zachys,Scarsdale,NY,https://www.zachys.com/,wine,best_of_city_list,https://westchestermagazine.com/food/top-wine-shops/,Long-standing Westchester fine wine merchant with expert-handpicked vintage and exclusive bottles.,2026-06-16
Clayton Winehouse,Clayton,MO,https://claytonwinehouse.com/,wine,existing_club_transition,https://claytonwinehouse.com/,"Founded 2020 with a private-wine-club feel, one-on-one staff attention and private-dealer access to hard-to-find bottles.",2026-06-16
The Wine Merchant Ltd.,Clayton,MO,https://www.winemerchantltd.com/,wine,best_of_city_list,https://www.stlmag.com/dining/top-wine-stores-in-st-louis/,Downtown Clayton independent wine shop among St. Louis's top wine stores.,2026-06-16
Lowertown Wine & Spirits,Edina,MN,https://www.lowertownwine.mn/wine-store/edina-mn,wine,small_market_local_dominance,https://www.lowertownwine.mn/wine-store/edina-mn,Locally owned Edina specialty wine shop with personalized recommendations.,2026-06-16
MotorCity Wine,Detroit,MI,https://wanderlog.com/place/details/877404/motorcity-wine,wine,natural_wine_map,https://www.yelp.com/search?find_desc=Natural+Wine&find_loc=Detroit%2C+MI,Corktown wine shop and bar known for regional selection and charcuterie pairings (retail hybrid).,2026-06-16
Western Fruit & Meat Market,Ferndale,MI,,wine,natural_wine_map,https://www.raisin.digital/en/explore/united-states/michigan/venues/wine-shops/,Ferndale market with a selection of natural wines (retail hybrid).,2026-06-16
Flight Cleveland,Cleveland,OH,,wine,natural_wine_map,https://www.yelp.com/search?find_desc=Natural+Wine+Store&find_loc=Cleveland,+OH,Among Cleveland's top natural wine shops (retail hybrid).
Royal Park Fine Wine,Cleveland,OH,,wine,natural_wine_map,https://www.yelp.com/search?find_desc=Natural+Wine+Store&find_loc=Cleveland,+OH,Cleveland natural wine shop among the city's top natural wine stores.
VinoTeca,Atlanta,GA,https://www.shopvinoteca.com/,wine,natural_wine_map,https://www.decanter.com/wine/best-wine-shops-in-atlanta-526518/,"Inman Park shop since 2015 highlighting small-production wineries with emphasis on natural, organic and biodynamic.",2026-06-16
Ansley Wine Merchants,Atlanta,GA,,wine,best_of_city_list,https://www.decanter.com/wine/best-wine-shops-in-atlanta-526518/,Atlanta wine merchant with a well-curated selection of quality wines.,2026-06-16
St. Vincent Wine,Washington,DC,,wine,natural_wine_map,https://mysa.wine/blogs/no-mog-blog/where-to-buy-natural-wine-washington-dc,Mount Pleasant shop known for its diverse natural bottle selection and knowledgeable staff (retail hybrid).,2026-06-16
Foxcroft Food & Wine,Charlotte,NC,https://foxcroftwine.com/,wine,existing_club_transition,https://foxcroftwine.com/collections/wine-clubs,Charlotte/Raleigh shop running a wine club with monthly drop-in tastings of six wines by region and producer.,2026-06-16
Wine Collective NC,Charlotte,NC,https://www.winecollectivenc.com/,wine,existing_club_transition,https://www.winecollectivenc.com/,Wine shop and tasting room with sommelier-curated boutique wines and wine club offerings.,2026-06-16
Cellar 503,Portland,OR,,wine,existing_club_transition,https://www.oregonwinereserve.com/oregon-wine-club/,"Portland shop featuring Oregon boutique producers in monthly/quarterly memberships, ~200 producers over seven years.",2026-06-16
Elio's Wine Warehouse,New Orleans,LA,https://elioswinewarehouse.com/,wine,natural_wine_map,https://mysa.wine/blogs/no-mog-blog/where-to-find-natural-wine-new-orleans,South Miro shop offering natural wines and alcohol-free selections.,2026-06-16
Swirl Wine Bar & Market,New Orleans,LA,http://www.swirlnola.com/,wine,natural_wine_map,https://mysa.wine/blogs/no-mog-blog/where-to-find-natural-wine-new-orleans,Bayou St. John wine bar and market with a curated natural selection (retail hybrid).,2026-06-16
Di Bruno Bros. Bottle Shop,Philadelphia,PA,,wine,natural_wine_map,https://www.phillymag.com/foobooz/natural-wine-philadelphia/,Italian Market dedicated bottle shop with a thoughtfully curated selection of low-intervention wines.,2026-06-16
Vernick Wine,Philadelphia,PA,,wine,best_of_city_list,https://www.inquirer.com/food/best-wine-stores-philadelphia-plcb-bottle-shops-20251210.html,Rittenhouse's best option for a thoughtfully curated wine selection.,2026-06-16
Bloomsday Cafe,Philadelphia,PA,,wine,natural_wine_map,https://www.phillymag.com/foobooz/natural-wine-philadelphia/,Queen Village cafe and bottle shop curated by Tim Kweeder sourcing sustainable producers (retail hybrid).,2026-06-16
The Wine Dive,Philadelphia,PA,,wine,natural_wine_map,https://www.phillymag.com/foobooz/natural-wine-philadelphia/,South Street bottle shop stocked with natural wines (retail hybrid).,2026-06-16
Sunrise Bottleshop,Austin,TX,https://www.sunrisebottleshop.com/,wine,natural_wine_map,https://mysa.wine/blogs/updates/where-to-find-natural-wine-austin-2024,Austin natural wine bottle shop.,2026-06-16
Aviary Wine & Kitchen,Austin,TX,,wine,natural_wine_map,https://tribeza.com/austin-wine-shops-low-intervention/,"South Lamar shop with a curated selection focused on natural, organic and biodynamic wines (retail hybrid).",2026-06-16
Flo's,Austin,TX,,wine,natural_wine_map,https://tribeza.com/austin-wine-shops-low-intervention/,Tarrytown wine shop and bar with plenty of natural selections (retail hybrid).,2026-06-16
305 Wines,Miami,FL,,wine,best_of_city_list,https://www.einpresswire.com/article/875877646/305-wines-named-among-the-best-wine-shops-in-miami-by-miami-herald,"South Miami shop named among Miami's best wine shops by the Miami Herald, with curated fine wine, Champagne and sake.",2026-06-16
Margot,Miami,FL,,wine,natural_wine_map,https://vintnerproject.com/wine/6-natural-wine-hotspots-in-miami/,Downtown Miami curated wine shop with biodynamic and organic selections from small producers (retail hybrid).,2026-06-16
Krus Kitchen,Miami,FL,,wine,natural_wine_map,https://vintnerproject.com/wine/6-natural-wine-hotspots-in-miami/,"Coconut Grove wine bar and shop with a curated range of natural, organic and biodynamic wines (retail hybrid).",2026-06-16
West Nashville Wine and Liquors,Nashville,TN,https://westnashvillewine.com/,wine,best_of_city_list,https://westnashvillewine.com/,"Curated selection of wine, spirits and craft beer on Charlotte Pike.",2026-06-16
Pinnacle Wine & Liquor,Rochester,NY,https://www.pinnacleliquor.com/topics/Natural-Wine-g777776668,wine,natural_wine_map,https://www.pinnacleliquor.com/topics/Natural-Wine-g777776668,Rochester's source for natural and sustainable wines.,2026-06-16
Black Sheep,Cambridge,MA,,wine,natural_wine_map,https://www.raisin.digital/en/explore/united-states/massachusetts/boston/,"Cambridge shop with a small, carefully curated selection of natural wine.",2026-06-16
StreetCar Wines & Beer,Boston,MA,,wine,natural_wine_map,https://mysa.wine/blogs/no-mog-blog/where-to-find-natural-wine-in-boston,Boston shop with a selection of natural wines.,2026-06-16
Rampant Bottle & Bar,San Francisco,CA,https://rampantwine.com/,wine,natural_wine_map,https://rampantwine.com/,Outer Richmond neighborhood natural wine bar and bottle shop with a curated retail selection (retail hybrid).,2026-06-16
West Coast Wine and Cheese,San Francisco,CA,,wine,natural_wine_map,https://www.7x7.com/natural-wine-bars-and-shops-san-francisco-2656476099.html,"Cow Hollow shop on Union Street specializing in California, Oregon and Washington wines.",2026-06-16
California Wine Merchant,San Francisco,CA,,wine,existing_club_transition,https://www.sftravel.com/article/sommelier-approved-wine-bars-san-francisco,"Marina District well-stocked wine shop, bar and club.",2026-06-16
Portalis,Seattle,WA,,wine,best_of_city_list,https://www.emeraldpalate.com/best-seattle-wine-stores-and-shops/,Sunset Hill shop with owner Jens importing Old World wines and local Washington wine.,2026-06-16
Wide Eyed Wines,Seattle,WA,,wine,natural_wine_map,https://www.raisin.digital/en/north-america/countries/united-states/washington/seattle/wine-shops/,Capitol Hill shop with organic and biodynamic natural wines.,2026-06-16
Juice Club,Seattle,WA,,wine,natural_wine_map,https://www.raisin.digital/en/north-america/countries/united-states/washington/seattle/wine-shops/,Seattle natural wine shop with a minimum 30% natural selection.,2026-06-16
Off Alley,Seattle,WA,,wine,natural_wine_map,https://www.raisin.digital/en/north-america/countries/united-states/washington/seattle/wine-shops/,"Seattle restaurant and wine shop with local, seasonal, organic food and natural wines (retail hybrid).",2026-06-16
In Fine Spirits,Chicago,IL,,wine,best_of_city_list,https://www.timeout.com/chicago/shopping/the-best-wine-shops-in-chicago,Andersonville shop with regular free wine tastings Wednesdays and Saturdays.,2026-06-16
BottlesUp!,Chicago,IL,,wine,natural_wine_map,https://mysa.wine/blogs/no-mog-blog/where-to-find-natural-wine-in-chicago,Chicago natural wine option among the city's top natural wine venues.,2026-06-16
Off Premise,Chicago,IL,,wine,natural_wine_map,https://mysa.wine/blogs/no-mog-blog/where-to-find-natural-wine-in-chicago,Chicago natural wine shop among the city's top natural wine venues.,2026-06-16
Red or White Wine & Gourmet Center,Mobile,AL,,wine,press_awards_recent_momentum,https://www.buylakewoodranch.com/blog/usas-9ranked-al-wine-shop/,"Mobile shop ranked No. 9 nationally in USA Today's 2025 10Best wine shops, with a curated bottle selection and tasting bar.",2026-06-16
The Cheese Shop,Mobile,AL,,wine,small_market_local_dominance,https://dropt.beer/insights/uncorking-the-best-wine-shops-in-mobile-alabama-a-locals-guide/,Old Dauphin Way institution with an impressive wine department alongside artisanal cheese (retail hybrid).,2026-06-16
Filet & Vine,Montgomery,AL,https://filetandvine.com/,wine,small_market_local_dominance,https://filetandvine.com/,Old Cloverdale market and bottle shoppe since 1997 with central Alabama's largest curated wine selection (retail hybrid).,2026-06-16
Ted The Wine Guy & Co.,Montgomery,AL,https://www.tedthewineguy.com/,wine,small_market_local_dominance,https://www.tedthewineguy.com/,Montgomery shop with a mission to provide the best wine selection and most knowledgeable staff in the city.,2026-06-16
Akin Cooperative,Las Vegas,NV,https://akincooperative.com/,wine,existing_club_transition,https://akincooperative.com/blogs/press/low-intervention-natural-wine-is-taking-over-las-vegas,Arts District boutique serving natural wines with monthly second-Thursday tasting events (retail hybrid).,2026-06-16
KellySOMM,Las Vegas,NV,https://www.kellysomm.com/,wine,existing_club_transition,https://www.kellysomm.com/,Bottle shop curated by Sommelier Kelly Ford Lau offering hand-selected small-production wine in a club-style membership.,2026-06-16
Georgie's Wine Shop & Bar,Boston,MA,,wine,existing_club_transition,https://www.boston.com/food/restaurants/2021/01/26/boston-wine-clubs/,Downtown Boston shop focused on small-production and low-intervention wines with a curated wine club (retail hybrid).,2026-06-16
Oddish Wine,San Diego,CA,,wine,natural_wine_map,https://mysa.wine/blogs/no-mog-blog/where-to-find-natural-wine-san-diego-2024-update,San Diego shop specializing in natural and sparkling wines.,2026-06-16
Bine & Vine Bottle Shop,San Diego,CA,,wine,natural_wine_map,https://www.yelp.com/search?find_desc=Natural+Wine+Store&find_loc=San+Diego,+CA,Normal Heights bottle shop among San Diego's top natural wine stores.
Bottlecraft,San Diego,CA,,wine,natural_wine_map,https://www.yelp.com/search?find_desc=Natural+Wine+Store&find_loc=San+Diego,+CA,San Diego bottle shop among the city's top natural wine and craft retailers (retail hybrid).
The Bottle House,San Diego,CA,,wine,natural_wine_map,https://www.yelp.com/search?find_desc=Natural+Wine+Store&find_loc=San+Diego,+CA,San Diego shop among the city's top natural wine stores.
Ampelos Wine Bar and Bottle Shop,Dallas,TX,,wine,natural_wine_map,https://www.stacymarkow.com/blog/ampelos-wine-bar-dallas,"Bishop Arts shop with a curated selection of natural, organic and biodynamic wines from small eco-friendly producers (retail hybrid).",2026-06-16
Wine & Provisions,Decatur,GA,,wine,natural_wine_map,https://mysa.wine/blogs/no-mog-blog/where-to-find-natural-wine-atlanta-2024-update,Decatur neighborhood wine shop and tasting room dedicated to demystifying natural wines.,2026-06-16
Wahoo Wines,Atlanta,GA,,wine,natural_wine_map,https://www.raisin.digital/en/explore/united-states/georgia/atlanta/,"Atlanta shop with a diverse selection of natural reds, whites, rosés and sparkling.",2026-06-16
Good News Wine,Sacramento,CA,,wine,natural_wine_map,https://chandlerframe.substack.com/p/the-best-places-to-enjoy-natural,Family-owned midtown Sacramento shop and bar with a cleaner-style natural wine selection (retail hybrid).,2026-06-16
Good Bottle Shop,Sacramento,CA,,wine,natural_wine_map,https://chandlerframe.substack.com/p/the-best-places-to-enjoy-natural,Midtown Sacramento shop with a curated selection based on sustainability and quality of production.,2026-06-16
Montrose Grocer,Houston,TX,,wine,natural_wine_map,https://www.aol.com/news/intimate-wine-shop-grocer-coming-152113865.html,Montrose wine shop and gourmet grocer with a curated selection from small producers (retail hybrid).,2026-06-16
The Nice Winery,Houston,TX,,wine,best_of_city_list,https://www.yelp.com/search?find_desc=Natural+Wine+Store&find_loc=Houston,+TX,Houston wine merchant among the city's top natural wine retailers.
Highland Park Wine,Los Angeles,CA,https://www.highlandparkwine.com/,wine,natural_wine_map,https://www.highlandparkwine.com/,"Highland Park shop with a curated selection of wines, craft beers and artisanal spirits.",2026-06-16
Honest Bottle Shop,Los Angeles,CA,,wine,natural_wine_map,https://www.yelp.com/search?find_desc=natural+wine+store&find_loc=Highland+Park,+Los+Angeles,+CA
Vinovore,Los Angeles,CA,,wine,natural_wine_map,https://lataco.com/vinovore-eagle-rock-natural-wine,"Eagle Rock queer, female-owned natural wine shop featuring women-made wines and Indigenous/Black-owned brands.",2026-06-16
The Study,Oklahoma City,OK,https://www.thestudyokc.com/shop,wine,best_of_city_list,https://www.thestudyokc.com/shop,OKC wine bar with sommelier-curated wine packs and bottles to go (retail hybrid).,2026-06-16
Provisions,Savannah,GA,,wine,natural_wine_map,https://www.yelp.com/search?find_desc=Natural+Wine+Store&find_loc=Savannah,+GA,Savannah shop with a thoughtfully curated array of organic and biodynamic wines.
Le Chai - galerie du vin,Savannah,GA,,wine,best_of_city_list,https://www.yelp.com/search?find_desc=Wine+Store&find_loc=Savannah%2C+GA,Savannah fine wine shop specializing exclusively in European wines from small regions.,2026-06-16
J's Bottle Shop,Athens,GA,https://www.jsbottleshop.com/wine/,wine,best_of_city_list,https://www.jsbottleshop.com/wine/,"Athens shop carefully curating hand-selected wines at all price points, partnering with small producers.",2026-06-16
Tapped Athens,Athens,GA,https://www.tappedathens.com/,wine,best_of_city_list,https://www.tappedathens.com/,Athens wine tasting bar and market with bottles for sale and monthly educational tastings (retail hybrid).,2026-06-16
Hausfrau Haven,Columbus,OH,https://www.hausfrauhaven.com/,wine,small_market_local_dominance,https://columbusunderground.com/10-great-neighborhood-wine-shops-in-columbus/,"German Village staple since 1972, one of Columbus's largest boutique wine stores.",2026-06-16
Pace-High Carryout,Columbus,OH,,wine,small_market_local_dominance,https://columbusunderground.com/10-great-neighborhood-wine-shops-in-columbus/,Clintonville bottle shop with 600+ beer and wine varieties.,2026-06-16
Fete,Honolulu,HI,,wine,natural_wine_map,https://www.honolulumagazine.com/best-places-natural-wine-honolulu/,"Chinatown shop requiring bottles to be practicing organic, with orange wines and pet-nat (retail hybrid).",2026-06-16
