name,city,state,website,vertical,source_strategy,source_url,evidence,date_added
Nadu,Chicago,IL,naduchicago.com,restaurants,press_awards_recent_momentum,https://www.nbcchicago.com/news/local/see-the-chicago-semifinalists-for-the-2026-james-beard-awards/3879527/,2026 James Beard Best New Restaurant semifinalist; also a 2025 Michelin Bib Gourmand for regional Indian cooking,2026-06-12
Nic & Junior's,Chicago,IL,nicandjuniors.com,restaurants,press_awards_recent_momentum,https://www.nbcchicago.com/news/local/see-the-chicago-semifinalists-for-the-2026-james-beard-awards/3879527/,2026 James Beard Best New Restaurant semifinalist,2026-06-12
Mi Tocaya Antojeria,Chicago,IL,,restaurants,press_awards_recent_momentum,https://www.wbez.org/food-drink/2026/01/21/james-beard-chicago-semifinalists-2026-food-restaurants-chef-awards-best,Chef Diana Davila is a 2026 James Beard Outstanding Chef semifinalist for her Logan Square Mexican restaurant,2026-06-12
Rose Mary,Chicago,IL,rosemarychicago.com,restaurants,press_awards_recent_momentum,https://www.wbez.org/food-drink/2026/01/21/james-beard-chicago-semifinalists-2026-food-restaurants-chef-awards-best,"Flagship of Day Off Group (Joe Flamm), 2026 James Beard Outstanding Restaurateur semifinalist",2026-06-12
Monteverde,Chicago,IL,monteverdechicago.com,restaurants,press_awards_recent_momentum,https://chicago.suntimes.com/food-drink/2026/03/31/james-beard-award-finalists-2026-chicago-monteverde-carino-feld,Chef Bailey Sullivan is a 2026 James Beard finalist (Best Emerging Chef) at this destination Italian pasta restaurant,2026-06-12
HaiSous,Chicago,IL,haisous.com,restaurants,press_awards_recent_momentum,https://www.wbez.org/food-drink/2026/01/21/james-beard-chicago-semifinalists-2026-food-restaurants-chef-awards-best,Chef Thai Dang is a 2026 James Beard Best Chef: Great Lakes semifinalist and a 2025 finalist for this Vietnamese restaurant,2026-06-12
Santa Masa Tamaleria,Chicago,IL,santamasa.com,restaurants,press_awards_recent_momentum,https://www.wbez.org/food-drink/2026/01/21/james-beard-chicago-semifinalists-2026-food-restaurants-chef-awards-best,Chef Danny Espinoza is a 2026 James Beard Best Chef: Great Lakes semifinalist,2026-06-12
Cariño,Chicago,IL,carinochicago.com,restaurants,press_awards_recent_momentum,https://chicago.suntimes.com/food-drink/2026/03/31/james-beard-award-finalists-2026-chicago-monteverde-carino-feld,Chef Norman Fenton is a 2026 James Beard finalist; Cariño also made the NYT 2025 list of America's 50 best restaurants,2026-06-12
Maxwells Trading,Chicago,IL,maxwellstrading.com,restaurants,press_awards_recent_momentum,https://www.wbez.org/food-drink/2026/01/21/james-beard-chicago-semifinalists-2026-food-restaurants-chef-awards-best,Chefs Christopher Jung and Erling Wu-Bower are 2026 James Beard Best Chef: Great Lakes semifinalists and 2025 finalists,2026-06-12
SHO,Chicago,IL,sho-chicago.com,restaurants,press_awards_recent_momentum,https://www.wbez.org/food-drink/2026/01/21/james-beard-chicago-semifinalists-2026-food-restaurants-chef-awards-best,Chefs Mari Katsumura and Adam Sindler are 2026 James Beard Best Chef: Great Lakes semifinalists,2026-06-12
Sanders BBQ Supply Co.,Chicago,IL,sandersbbqsupply.com,restaurants,press_awards_recent_momentum,https://www.wbez.org/food-drink/2026/01/21/james-beard-chicago-semifinalists-2026-food-restaurants-chef-awards-best,Chefs Nick Kleutsch and James Sanders are 2026 James Beard Best Chef: Great Lakes semifinalists for this BBQ restaurant,2026-06-12
Mirra,Chicago,IL,mirrachicago.com,restaurants,press_awards_recent_momentum,https://www.wbez.org/food-drink/2026/01/21/james-beard-chicago-semifinalists-2026-food-restaurants-chef-awards-best,"Indian-Mexican restaurant: 2026 James Beard semifinalist, 2025 Michelin Bib Gourmand, and on Esquire's 2025 Best New Restaurants list",2026-06-12
Feld,Chicago,IL,feldrestaurant.com,restaurants,press_awards_recent_momentum,https://chicago.suntimes.com/food-drink/2026/03/31/james-beard-award-finalists-2026-chicago-monteverde-carino-feld,Chef Jacob Potashnick is a 2026 James Beard finalist; Feld earned its first Michelin star plus a Green Star in 2025,2026-06-12
Galit,Chicago,IL,galitrestaurant.com,restaurants,press_awards_recent_momentum,https://www.wttw.com/playlist/2025/01/22/chicagos-2025-james-beard-award-semifinalists,Chef Zachary Engel was a 2025 James Beard Best Chef: Great Lakes semifinalist for this Middle Eastern restaurant,2026-06-12
Mariscos San Pedro,Chicago,IL,mariscossanpedro.com,restaurants,press_awards_recent_momentum,https://www.wttw.com/playlist/2025/01/22/chicagos-2025-james-beard-award-semifinalists,Chef Marcos Ascencio was a 2025 James Beard Best Chef: Great Lakes semifinalist for this Mexican seafood restaurant,2026-06-12
Oriole,Chicago,IL,oriolechicago.com,restaurants,sold_out_demand_signals,https://www.timeout.com/chicago/restaurants/the-hardest-reservations-in-chicago,Two-Michelin-star tasting menu cited among Chicago's hardest reservations (90-day rolling Tock calendar); 2025 James Beard finalist Noah Sandoval,2026-06-12
Kasama,Chicago,IL,kasamachicago.com,restaurants,press_awards_recent_momentum,https://secretchicago.com/chicago-michelin-star-recipients-2025/,Filipino restaurant promoted to two Michelin stars in 2025; its 13-course dinner reservations sell out 45 days ahead on Resy,2026-06-12
Smyth,Chicago,IL,smythchicago.com,restaurants,press_awards_recent_momentum,https://secretchicago.com/chicago-michelin-star-recipients-2025/,"Retains three Michelin stars in the 2025 guide, one of only 14 three-star restaurants worldwide",2026-06-12
Kyoten Next Door,Chicago,IL,kyotenchicago.com,restaurants,best_of_city_list,https://www.theinfatuation.com/chicago/guides/best-restaurants-chicago,On The Infatuation's 25 Best Restaurants in Chicago; 10-seat omakase with $169 18-course dinners,2026-06-12
Dimmi Dimmi,Chicago,IL,dimmidimmiitalian.com,restaurants,best_of_city_list,https://blog.resy.com/2025/12/top-restaurants-2025/,Named among Resy's top restaurants in America for 2025,2026-06-12
Virtue,Chicago,IL,virtuerestaurant.com,restaurants,press_awards_recent_momentum,https://wgntv.com/news/chicago-news/south-side-restaurant-makes-food-wines-2025-top-15-list/,Southern restaurant named one of the nation's top 15 in Food & Wine's 2025 Global Tastemakers Awards,2026-06-12
Alinea,Chicago,IL,alinearestaurant.com,restaurants,sold_out_demand_signals,https://www.timeout.com/chicago/restaurants/the-hardest-reservations-in-chicago,"Chicago's only three-Michelin-star restaurant, listed among the city's hardest reservations to book",2026-06-12
Echelon Kitchen & Bar,Ann Arbor,MI,echelonkitchenandbar.com,restaurants,press_awards_recent_momentum,https://www.hourdetroit.com/food-cuisine/here-are-michigans-2026-james-beard-restaurant-and-chef-semifinalists/,2026 James Beard Best New Restaurant semifinalist,2026-06-12
BARDA,Detroit,MI,bardadetroit.com,restaurants,press_awards_recent_momentum,https://www.hourdetroit.com/food-cuisine/here-are-michigans-2026-james-beard-restaurant-and-chef-semifinalists/,Chef Javier Bardauil is a 2026 James Beard Best Chef: Great Lakes semifinalist for the second straight year (Argentine wood-fire cooking),2026-06-12
Modern Bird,Traverse City,MI,modernbirdtc.com,restaurants,press_awards_recent_momentum,https://www.hourdetroit.com/food-cuisine/here-are-michigans-2026-james-beard-restaurant-and-chef-semifinalists/,Chefs Andy Elliott and Emily Stewart are 2026 James Beard Best Chef: Great Lakes semifinalists,2026-06-12
PostBoy,New Buffalo,MI,postboynb.com,restaurants,press_awards_recent_momentum,https://www.hourdetroit.com/food-cuisine/here-are-michigans-2026-james-beard-restaurant-and-chef-semifinalists/,Chef-owner James Galbraith is a 2026 James Beard semifinalist; 'global flavors through a local lens' in downtown New Buffalo,2026-06-12
Ladder 4 Wine Bar,Detroit,MI,ladder4winebar.com,restaurants,press_awards_recent_momentum,https://www.hourdetroit.com/food-cuisine/here-are-michigans-2026-james-beard-restaurant-and-chef-semifinalists/,Chef John Yelinek is a 2026 James Beard Best Chef: Great Lakes semifinalist for the second straight year at this wine-driven restaurant,2026-06-12
Anjin,Kansas City,MO,anjinkc.com,restaurants,press_awards_recent_momentum,https://www.kcur.org/arts-life/2026-03-31/kansas-citys-anjin-named-best-new-restaurant-finalist-in-2026-james-beard-awards,Japanese izakaya named a 2026 James Beard Best New Restaurant finalist,2026-06-12
The Town Company,Kansas City,MO,hotelkc.com/dine/the-town-company,restaurants,press_awards_recent_momentum,https://www.kcur.org/arts-life/2026-01-21/these-5-kansas-city-area-restaurants-and-bars-are-2026-james-beard-award-semifinalists,Chef Johnny Leach is a 2026 James Beard Best Chef: Midwest semifinalist,2026-06-12
Of Course Kitchen & Company,Overland Park,KS,ofcoursekc.com,restaurants,press_awards_recent_momentum,https://www.kcur.org/arts-life/2026-01-21/these-5-kansas-city-area-restaurants-and-bars-are-2026-james-beard-award-semifinalists,Chef Swetha Newcomb is a 2026 James Beard Best Chef: Midwest semifinalist,2026-06-12
Sado,St. Louis,MO,sado-stl.com,restaurants,press_awards_recent_momentum,https://www.stlpr.org/news-briefs/2026-03-31/james-beard-nominees-2026,Chef Nick Bognar is a 2026 James Beard Best Chef: Midwest finalist for this Japanese restaurant,2026-06-12
Pavilion on the Hill,St. Louis,MO,,restaurants,press_awards_recent_momentum,https://www.stlpr.org/news-briefs/2026-03-31/james-beard-nominees-2026,Nick Bognar's second restaurant cited in his 2026 James Beard Best Chef: Midwest finalist nod,2026-06-12
Root Food + Wine,Augusta,MO,rootfoodwine.com,restaurants,press_awards_recent_momentum,https://www.stlpr.org/news-briefs/2026-03-31/james-beard-nominees-2026,Chef Philip Day is a 2026 James Beard Best Chef: Midwest semifinalist for this wine-country restaurant outside St. Louis,2026-06-12
El Molino del Sureste,St. Louis,MO,,restaurants,press_awards_recent_momentum,https://www.stlpr.org/news-briefs/2026-03-31/james-beard-nominees-2026,Chef Alex Henry is a 2026 James Beard Best Chef: Midwest semifinalist for this Yucatecan restaurant,2026-06-12
MAINLANDER,St. Louis,MO,mainlanderstl.com,restaurants,press_awards_recent_momentum,https://www.opentable.com/blog/esquire-best-new-restaurants/,On Esquire's 2025 Best New Restaurants in America list; intimate supper club blending French technique and Taiwanese sensibility,2026-06-12
Vicia,St. Louis,MO,takeroothospitality.com/vicia,restaurants,press_awards_recent_momentum,https://www.restaurantbusinessonline.com/operations/here-are-finalist-nominees-2025-james-beard-awards,2025 James Beard finalist nominee (farm-to-table fine dining),2026-06-12
Hugo's,Houston,TX,hugosrestaurant.net,restaurants,press_awards_recent_momentum,https://houston.culturemap.com/news/restaurants-bars/james-beard-award-semifinalists-2026/,Hugo Ortega's flagship upscale Mexican restaurant; 2026 James Beard Outstanding Restaurateur semifinalist,2026-06-12
Xochi,Houston,TX,xochihouston.com,restaurants,press_awards_recent_momentum,https://houston.culturemap.com/news/restaurants-bars/james-beard-award-semifinalists-2026/,Oaxacan fine-dining restaurant from 2026 James Beard Outstanding Restaurateur semifinalists Hugo Ortega and Tracy Vaught,2026-06-12
Katami,Houston,TX,katamihouston.com,restaurants,press_awards_recent_momentum,https://houston.culturemap.com/news/restaurants-bars/james-beard-award-semifinalists-2026/,Chef Manabu Horiuchi is a 2026 James Beard Outstanding Chef semifinalist,2026-06-12
Milton's,Houston,TX,miltonandlees.com,restaurants,press_awards_recent_momentum,https://houston.culturemap.com/news/restaurants-bars/james-beard-award-semifinalists-2026/,Chefs Kent Domas and Seth Siegel-Gardner are 2026 James Beard Best Chef: Texas semifinalists,2026-06-12
Jun,Houston,TX,junbykin.com,restaurants,press_awards_recent_momentum,https://houston.culturemap.com/news/restaurants-bars/james-beard-award-semifinalists-2026/,Chefs Evelyn Garcia and Henry Lu are 2026 James Beard Best Chef: Texas semifinalists,2026-06-12
Camaraderie,Houston,TX,camaraderiehtx.com,restaurants,press_awards_recent_momentum,https://houston.culturemap.com/news/restaurants-bars/james-beard-award-semifinalists-2026/,Chef Shawn Gawle is a 2026 James Beard Best Chef: Texas semifinalist,2026-06-12
Far-Out,Dallas,TX,faroutdallas.com,restaurants,press_awards_recent_momentum,https://www.keranews.org/news/2026-01-21/2026-james-beard-award-semifinalists-north-texas,2026 James Beard Best New Restaurant semifinalist,2026-06-12
Mixtli,San Antonio,TX,restaurantmixtli.com,restaurants,press_awards_recent_momentum,https://sanantonio.culturemap.com/news/restaurants-bars/james-beard-awards-2026-semifinalists/,"Progressive Mexican tasting-menu restaurant named 2026 James Beard Outstanding Restaurant semifinalist, third time in five years",2026-06-12
The Magpie,San Antonio,TX,magpie.us,restaurants,press_awards_recent_momentum,https://sanantonio.culturemap.com/news/restaurants-bars/james-beard-awards-2026-semifinalists/,Chef Sue Kim is a 2026 James Beard Best Chef: Texas semifinalist for this Korean-inspired restaurant,2026-06-12
Naco Mexican,San Antonio,TX,nacomexican.com,restaurants,press_awards_recent_momentum,https://sanantonio.culturemap.com/news/restaurants-bars/james-beard-awards-2026-semifinalists/,Chefs Francisco Estrada and Lizzeth Martinez are 2026 James Beard Best Chef: Texas semifinalists,2026-06-12
Purepecha,Dallas,TX,,restaurants,press_awards_recent_momentum,https://www.texasmonthly.com/food/2025-james-beard-award-semifinalists/,Chef Regino Rojas was a 2025 James Beard Best Chef: Texas semifinalist,2026-06-12
Dona Maria,Irving,TX,,restaurants,press_awards_recent_momentum,https://www.texasmonthly.com/food/2025-james-beard-award-semifinalists/,Chefs Anais Paniagua and Iris Rojas were 2025 James Beard Best Chef: Texas semifinalists,2026-06-12
Smoke'N Ash BBQ,Arlington,TX,smokenashbbq.net,restaurants,press_awards_recent_momentum,https://www.texasmonthly.com/food/2025-james-beard-award-semifinalists/,Ethiopian-Texas BBQ restaurant whose chefs Fasicka and Patrick Hicks were 2025 James Beard Best Chef: Texas semifinalists,2026-06-12
Tatemo,Houston,TX,tatemohtx.com,restaurants,press_awards_recent_momentum,https://www.houstoniamag.com/eat-and-drink/2025/01/2025-james-beard-award-semifinalists-houston,Chef Emmanuel Chavez was a 2025 James Beard Best Chef: Texas semifinalist for this heirloom-corn tasting menu,2026-06-12
Isidore,San Antonio,TX,isidoresatx.com,restaurants,press_awards_recent_momentum,https://michelinmedia.com/pages/blog/detail/article/c0/a1433/,Earned its first Michelin star in the 2025 Michelin Guide Texas,2026-06-12
Mamani,Dallas,TX,mamanirestaurant.com,restaurants,press_awards_recent_momentum,https://michelinmedia.com/pages/blog/detail/article/c0/a1433/,Earned its first Michelin star in the 2025 Michelin Guide Texas,2026-06-12
Nicosi,San Antonio,TX,nicosisatx.com,restaurants,press_awards_recent_momentum,https://michelinmedia.com/pages/blog/detail/article/c0/a1433/,Promoted to one Michelin star in the 2025 Michelin Guide Texas,2026-06-12
Credence,Houston,TX,,restaurants,press_awards_recent_momentum,https://diningout.com/houston/michelin-guide-texas-2025-houstons-credence-honored-plus-new-bib-gourmand-and-recommended-restaurants-revealed/,Honored in the 2025 Michelin Guide Texas announcement for Houston,2026-06-12
Annam,Houston,TX,annamhouston.com,restaurants,press_awards_recent_momentum,https://www.houstoniamag.com/eat-and-drink/2025/10/2025-houston-michelin-star-restaurants-texas,New Michelin Bib Gourmand in the 2025 Texas guide,2026-06-12
Da Gama Canteen,Houston,TX,dagamahtx.com,restaurants,press_awards_recent_momentum,https://www.houstoniamag.com/eat-and-drink/2025/10/2025-houston-michelin-star-restaurants-texas,New Michelin Bib Gourmand in the 2025 Texas guide,2026-06-12
Maximo,Houston,TX,maximo-htx.com,restaurants,press_awards_recent_momentum,https://www.houstoniamag.com/eat-and-drink/2025/10/2025-houston-michelin-star-restaurants-texas,New Michelin Bib Gourmand in the 2025 Texas guide,2026-06-12
Mercado Sin Nombre,Austin,TX,mercadosinnombre.com,restaurants,press_awards_recent_momentum,https://tribeza.com/restaurants/michelin-guide-texas-2025-austin-retains-all-stars-adds-new-bib-gourmand-and-green-star-winners/,New Michelin Bib Gourmand for Austin in the 2025 Texas guide,2026-06-12
Mezquite,San Antonio,TX,mezquitesatx.com,restaurants,press_awards_recent_momentum,https://michelinmedia.com/pages/blog/detail/article/c0/a1433/,New Michelin Bib Gourmand for San Antonio in the 2025 Texas guide,2026-06-12
Perseid,Houston,TX,,restaurants,press_awards_recent_momentum,https://houston.culturemap.com/news/restaurants-bars/perseid-bon-appetit-best-new/,Named to Bon Appetit's 2025 list of the 20 best new restaurants in the US,2026-06-12
Lenoir,Austin,TX,lenoirrestaurant.com,restaurants,best_of_city_list,https://blog.resy.com/2025/12/austin-restaurants-2025/,Named among the 10 restaurants that defined Austin dining in 2025 by Resy,2026-06-12
East End Ballroom,Austin,TX,eastendballroom.com,restaurants,best_of_city_list,https://blog.resy.com/2025/12/austin-restaurants-2025/,New opening named among the 10 restaurants that defined Austin dining in 2025 by Resy,2026-06-12
VanHorn's,Austin,TX,vanhornsatx.com,restaurants,best_of_city_list,https://blog.resy.com/2025/12/austin-restaurants-2025/,"New steakhouse from the Bill's Oyster team, named among the restaurants that defined Austin dining in 2025",2026-06-12
Eldorado Cafe,Austin,TX,eldoradocafeatx.com,restaurants,best_of_city_list,https://blog.resy.com/2025/12/austin-restaurants-2025/,Established neighborhood Tex-Mex named among the restaurants that defined Austin dining in 2025 by Resy,2026-06-12
The Four Horsemen,Brooklyn,NY,fourhorsemenbk.com,restaurants,press_awards_recent_momentum,https://www.timeout.com/newyork/news/here-are-the-2026-james-beard-awards-restaurant-and-chef-semifinalists-for-nyc-012126,2026 James Beard Outstanding Restaurant semifinalist with a celebrated natural wine program,2026-06-12
Via Carota,New York,NY,viacarota.com,restaurants,press_awards_recent_momentum,https://www.timeout.com/newyork/news/here-are-the-2026-james-beard-awards-restaurant-and-chef-semifinalists-for-nyc-012126,2026 James Beard Outstanding Restaurant semifinalist (West Village Italian),2026-06-12
Gabriel Kreuther,New York,NY,gknyc.com,restaurants,press_awards_recent_momentum,https://www.timeout.com/newyork/news/here-are-the-2026-james-beard-awards-restaurant-and-chef-semifinalists-for-nyc-012126,Chef Gabriel Kreuther is a 2026 James Beard Outstanding Chef semifinalist at his Alsatian fine-dining restaurant,2026-06-12
Hav & Mar,New York,NY,havandmar.com,restaurants,press_awards_recent_momentum,https://www.timeout.com/newyork/news/here-are-the-2026-james-beard-awards-restaurant-and-chef-semifinalists-for-nyc-012126,Chef Fariyal Abdullahi is a 2026 James Beard Best Chef: New York State semifinalist,2026-06-12
Essential by Christophe,New York,NY,essentialbychristophe.com,restaurants,press_awards_recent_momentum,https://www.timeout.com/newyork/news/here-are-the-2026-james-beard-awards-restaurant-and-chef-semifinalists-for-nyc-012126,Chef Christophe Bellanca is a 2026 James Beard Best Chef: New York State semifinalist,2026-06-12
Ha's Snack Bar,New York,NY,,restaurants,press_awards_recent_momentum,https://www.timeout.com/newyork/news/here-are-the-2026-james-beard-awards-restaurant-and-chef-semifinalists-for-nyc-012126,Chefs Sadie Mae Burns and Anthony Ha are 2026 James Beard Best Chef: New York State semifinalists,2026-06-12
Corima,New York,NY,corimanyc.com,restaurants,press_awards_recent_momentum,https://www.timeout.com/newyork/news/here-are-the-2026-james-beard-awards-restaurant-and-chef-semifinalists-for-nyc-012126,Chef Fidel Caballero is a 2026 James Beard Best Chef: New York State semifinalist for this modern Mexican restaurant,2026-06-12
Gramercy Tavern,New York,NY,gramercytavern.com,restaurants,press_awards_recent_momentum,https://www.timeout.com/newyork/news/here-are-the-2026-james-beard-awards-restaurant-and-chef-semifinalists-for-nyc-012126,Chef Aretah Ettarh is a 2026 James Beard Best Chef: New York State semifinalist (also 2025),2026-06-12
Casa Susanna,Leeds,NY,camptowncatskills.com/casa-susanna,restaurants,press_awards_recent_momentum,https://www.timeout.com/newyork/news/here-are-the-2026-james-beard-awards-restaurant-and-chef-semifinalists-for-nyc-012126,Chef Efren Hernandez is a 2026 James Beard Best Chef: New York State semifinalist (also 2025) at this Catskills Mexican restaurant,2026-06-12
Deer Mountain Inn,Tannersville,NY,deermountaininn.com,restaurants,press_awards_recent_momentum,https://www.timeout.com/newyork/news/here-are-the-2026-james-beard-awards-restaurant-and-chef-semifinalists-for-nyc-012126,Chef Corwin Kave is a 2026 James Beard Best Chef: New York State semifinalist at this Catskills inn restaurant,2026-06-12
Bungalow,New York,NY,bungalowny.com,restaurants,press_awards_recent_momentum,https://www.timeout.com/newyork/news/here-are-the-2026-james-beard-awards-restaurant-and-chef-semifinalists-for-nyc-012126,Chef Vikas Khanna is a 2026 James Beard Best Chef: New York State semifinalist for this Indian restaurant,2026-06-12
Meju,Long Island City,NY,mejunyc.com,restaurants,press_awards_recent_momentum,https://www.timeout.com/newyork/news/here-are-the-2026-james-beard-awards-restaurant-and-chef-semifinalists-for-nyc-012126,Chef Hooni Kim is a 2026 James Beard Best Chef: New York State semifinalist (also 2025) for this Korean tasting menu,2026-06-12
Tourmaline,New York,NY,tourmalinenyc.com,restaurants,press_awards_recent_momentum,https://www.timeout.com/newyork/news/here-are-the-2026-james-beard-awards-restaurant-and-chef-semifinalists-for-nyc-012126,Chef Yvan Lemoine is a 2026 James Beard Best Chef: New York State semifinalist,2026-06-12
Chalong,New York,NY,chalongnyc.com,restaurants,press_awards_recent_momentum,https://www.timeout.com/newyork/news/here-are-the-2026-james-beard-awards-restaurant-and-chef-semifinalists-for-nyc-012126,Thai restaurant: chef Nate Limwong is a 2026 James Beard semifinalist and it earned a new 2025 Michelin Bib Gourmand,2026-06-12
Shota Omakase,Brooklyn,NY,shotaomakase.com,restaurants,press_awards_recent_momentum,https://www.timeout.com/newyork/news/here-are-the-2026-james-beard-awards-restaurant-and-chef-semifinalists-for-nyc-012126,Chef Cheng Lin is a 2026 James Beard Best Chef: New York State semifinalist for this omakase,2026-06-12
Huso,New York,NY,husony.com,restaurants,press_awards_recent_momentum,https://blog.resy.com/2025/11/nyc-michelin-2025/,New one-Michelin-star in the 2025 NYC guide (caviar tasting menus); chef Buddha Lo is also a 2026 James Beard semifinalist,2026-06-12
Le B,New York,NY,lebnyc.com,restaurants,press_awards_recent_momentum,https://www.timeout.com/newyork/news/here-are-the-2026-james-beard-awards-restaurant-and-chef-semifinalists-for-nyc-012126,Chef Angie Mar is a 2026 James Beard Best Chef: New York State semifinalist,2026-06-12
Shukette,New York,NY,shukette.org,restaurants,press_awards_recent_momentum,https://www.timeout.com/newyork/news/here-are-the-2026-james-beard-awards-restaurant-and-chef-semifinalists-for-nyc-012126,Chef Ayesha Nurdjaja is a 2026 James Beard Best Chef: New York State semifinalist for this Middle Eastern restaurant,2026-06-12
Claud,New York,NY,claudnyc.com,restaurants,press_awards_recent_momentum,https://www.timeout.com/newyork/news/here-are-the-2026-james-beard-awards-restaurant-and-chef-semifinalists-for-nyc-012126,Chef Joshua Pinsky is a 2026 James Beard Best Chef: New York State semifinalist for this European wine-cellar restaurant,2026-06-12
Ilis,Brooklyn,NY,ilisnyc.com,restaurants,press_awards_recent_momentum,https://www.timeout.com/newyork/news/here-are-the-2026-james-beard-awards-restaurant-and-chef-semifinalists-for-nyc-012126,Chef Mads Refslund is a 2026 James Beard Best Chef: New York State semifinalist,2026-06-12
Rolo's,Ridgewood,NY,rolosnyc.com,restaurants,press_awards_recent_momentum,https://www.timeout.com/newyork/news/here-are-the-2026-james-beard-awards-restaurant-and-chef-semifinalists-for-nyc-012126,Chef Rafiq Salim is a 2026 James Beard Best Chef: New York State semifinalist,2026-06-12
Rezdora,New York,NY,rezdora.nyc,restaurants,press_awards_recent_momentum,https://www.timeout.com/newyork/news/here-are-the-2026-james-beard-awards-restaurant-and-chef-semifinalists-for-nyc-012126,Chef Stefano Secchi is a 2026 James Beard Best Chef: New York State semifinalist for this Emilian pasta destination,2026-06-12
Frenchette,New York,NY,frenchettenyc.com,restaurants,press_awards_recent_momentum,https://www.restaurantbusinessonline.com/operations/here-are-finalist-nominees-2025-james-beard-awards,Lee Hanson and Riad Nasr were 2025 James Beard Outstanding Restaurateur finalists for this French bistro group,2026-06-12
Le Veau d'Or,New York,NY,lvdnyc.com,restaurants,press_awards_recent_momentum,https://www.restaurantbusinessonline.com/operations/here-are-finalist-nominees-2025-james-beard-awards,Revived French bistro cited in Hanson and Nasr's 2025 James Beard Outstanding Restaurateur finalist nomination,2026-06-12
Sofreh,Brooklyn,NY,sofrehnyc.com,restaurants,press_awards_recent_momentum,https://www.timeout.com/newyork/news/here-are-the-james-beard-foundations-nyc-chef-and-restaurant-semifinalists-for-2025-012225,Chef Nasim Alikhani was a 2025 James Beard Best Chef: New York State semifinalist for this Persian restaurant,2026-06-12
Dept of Culture,Brooklyn,NY,deptofculturebk.com,restaurants,press_awards_recent_momentum,https://www.timeout.com/newyork/news/here-are-the-james-beard-foundations-nyc-chef-and-restaurant-semifinalists-for-2025-012225,Chef Ayo Balogun was a 2025 James Beard Best Chef: New York State semifinalist for this Nigerian tasting-menu restaurant,2026-06-12
Francie,Brooklyn,NY,franciebrooklyn.com,restaurants,press_awards_recent_momentum,https://www.timeout.com/newyork/news/here-are-the-james-beard-foundations-nyc-chef-and-restaurant-semifinalists-for-2025-012225,Chef Chris Cipollone was a 2025 James Beard Best Chef: New York State semifinalist,2026-06-12
Lola's,New York,NY,lolasnyc.com,restaurants,press_awards_recent_momentum,https://www.timeout.com/newyork/news/here-are-the-james-beard-foundations-nyc-chef-and-restaurant-semifinalists-for-2025-012225,Chef Suzanne Cupps was a 2025 James Beard Best Chef: New York State semifinalist,2026-06-12
Stissing House,Pine Plains,NY,stissinghouse.com,restaurants,press_awards_recent_momentum,https://www.timeout.com/newyork/news/here-are-the-james-beard-foundations-nyc-chef-and-restaurant-semifinalists-for-2025-012225,Chef Clare de Boer was a 2025 James Beard Best Chef: New York State semifinalist for this Hudson Valley tavern,2026-06-12
Southern Junction,Buffalo,NY,southernjunction716.com,restaurants,press_awards_recent_momentum,https://www.timeout.com/newyork/news/here-are-the-james-beard-foundations-nyc-chef-and-restaurant-semifinalists-for-2025-012225,Chef Ryan Fernandez was a 2025 James Beard Best Chef: New York State semifinalist,2026-06-12
Koloman,New York,NY,kolomanrestaurant.com,restaurants,press_awards_recent_momentum,https://www.timeout.com/newyork/news/here-are-the-james-beard-foundations-nyc-chef-and-restaurant-semifinalists-for-2025-012225,Chef Marcus Glocker was a 2025 James Beard Best Chef: New York State semifinalist for this Austrian-French restaurant,2026-06-12
Ichimura,New York,NY,sushiichimura.nyc,restaurants,press_awards_recent_momentum,https://www.timeout.com/newyork/news/here-are-the-james-beard-foundations-nyc-chef-and-restaurant-semifinalists-for-2025-012225,Chef Eiji Ichimura was a 2025 James Beard Best Chef: New York State semifinalist for his omakase,2026-06-12
Oiji Mi,New York,NY,oijimi.com,restaurants,press_awards_recent_momentum,https://www.timeout.com/newyork/news/here-are-the-james-beard-foundations-nyc-chef-and-restaurant-semifinalists-for-2025-012225,Chef Brian Kim was a 2025 James Beard Best Chef: New York State semifinalist for this Korean fine-dining restaurant,2026-06-12
Kono,New York,NY,yakitorikono.com,restaurants,press_awards_recent_momentum,https://www.timeout.com/newyork/news/here-are-the-james-beard-foundations-nyc-chef-and-restaurant-semifinalists-for-2025-012225,Chef Atsushi Kono was a 2025 James Beard Best Chef: New York State semifinalist for this yakitori tasting counter,2026-06-12
Semma,New York,NY,semma.nyc,restaurants,press_awards_recent_momentum,https://www.timeout.com/newyork/news/here-are-the-james-beard-foundations-nyc-chef-and-restaurant-semifinalists-for-2025-012225,Chef Vijay Kumar was a 2025 James Beard Best Chef: New York State semifinalist for this South Indian destination,2026-06-12
Tatiana,New York,NY,tatiananyc.com,restaurants,press_awards_recent_momentum,https://www.timeout.com/newyork/news/here-are-the-james-beard-foundations-nyc-chef-and-restaurant-semifinalists-for-2025-012225,Chef Kwame Onwuachi was a 2025 James Beard Best Chef: New York State semifinalist; he is also a 2026 Outstanding Chef semifinalist,2026-06-12
Ci Siamo,New York,NY,cisiamo.com,restaurants,press_awards_recent_momentum,https://www.timeout.com/newyork/news/here-are-the-james-beard-foundations-nyc-chef-and-restaurant-semifinalists-for-2025-012225,Chef Hillary Sterling was a 2025 James Beard Best Chef: New York State semifinalist for this Italian restaurant,2026-06-12
Lingo,Brooklyn,NY,lingobk.com,restaurants,press_awards_recent_momentum,https://www.timeout.com/newyork/news/here-are-the-james-beard-foundations-nyc-chef-and-restaurant-semifinalists-for-2025-012225,Chef Emily Yuen was a 2025 James Beard Best Chef: New York State semifinalist,2026-06-12
Kabawa,New York,NY,momofuku.com/restaurants/kabawa,restaurants,press_awards_recent_momentum,https://www.opentable.com/blog/new-york-times-50-best-restaurants/,On the NYT 2025 list of America's 50 best restaurants and Esquire's 2025 Best New Restaurants (Caribbean fine dining),2026-06-12
Lei,New York,NY,leiwine.nyc,restaurants,press_awards_recent_momentum,https://www.opentable.com/blog/esquire-best-new-restaurants/,On Esquire's 2025 Best New Restaurants list; modern Chinese small plates with a deep low-intervention wine list,2026-06-12
Bridges,New York,NY,bridges-nyc.com,restaurants,press_awards_recent_momentum,https://blog.resy.com/2025/11/nyc-michelin-2025/,Earned its first Michelin star in the 2025 NYC guide under chef Sam Lawrence,2026-06-12
Muku,New York,NY,restaurantmuku.nyc,restaurants,press_awards_recent_momentum,https://blog.resy.com/2025/11/nyc-michelin-2025/,Newly starred in the 2025 Michelin Guide NYC for its kaiseki-inspired counter menu,2026-06-12
Yamada,New York,NY,yamadanewyork.com,restaurants,press_awards_recent_momentum,https://blog.resy.com/2025/11/nyc-michelin-2025/,Chef Isao Yamada's kaiseki restaurant joined the one-Michelin-star ranks in the 2025 NYC guide,2026-06-12
Banh Anh Em,New York,NY,,restaurants,press_awards_recent_momentum,https://www.opentable.com/blog/michelin-bib-gourmand-nyc/,New Michelin Bib Gourmand in the 2025 NYC guide (Vietnamese),2026-06-12
Laliko,New York,NY,laliko.com,restaurants,press_awards_recent_momentum,https://www.opentable.com/blog/michelin-bib-gourmand-nyc/,New Michelin Bib Gourmand in the 2025 NYC guide (Georgian),2026-06-12
Noreetuh,New York,NY,noreetuh.com,restaurants,press_awards_recent_momentum,https://www.opentable.com/blog/michelin-bib-gourmand-nyc/,Michelin Bib Gourmand honoree in the 2025 NYC guide (Hawaiian),2026-06-12
Sal Tang's,New York,NY,saltangs.com,restaurants,press_awards_recent_momentum,https://www.opentable.com/blog/michelin-bib-gourmand-nyc/,Michelin Bib Gourmand honoree in the 2025 NYC guide,2026-06-12
Yemenat,New York,NY,yemenat.rest,restaurants,press_awards_recent_momentum,https://www.opentable.com/blog/michelin-bib-gourmand-nyc/,Michelin Bib Gourmand honoree in the 2025 NYC guide (Yemeni),2026-06-12
Sushi Sho,New York,NY,,restaurants,press_awards_recent_momentum,https://www.yahoo.com/lifestyle/articles/michelin-guide-expands-philly-boston-173128225.html,Promoted to three Michelin stars in the 2025 Northeast Cities guide,2026-06-12
Joo Ok,New York,NY,joo-ok.com,restaurants,press_awards_recent_momentum,https://www.yahoo.com/lifestyle/articles/michelin-guide-expands-philly-boston-173128225.html,Promoted to two Michelin stars in the 2025 Northeast Cities guide (Korean fine dining),2026-06-12
Rao's,New York,NY,raossince1896.com,restaurants,sold_out_demand_signals,https://www.theinfatuation.com/all/guides/toughest-restaurant-reservations-in-america,Legendary Harlem Italian institution running on standing reservations with a waitlist spanning years,2026-06-12
The Corner Store,New York,NY,thecornerstoresoho.com,restaurants,sold_out_demand_signals,https://www.theinfatuation.com/all/guides/toughest-restaurant-reservations-in-america,Named among the toughest restaurant reservations in America by The Infatuation,2026-06-12
Lilia,Brooklyn,NY,lilianewyork.com,restaurants,best_of_city_list,https://www.wnyc.org/story/new-york-citys-38-essential-restaurants/,Missy Robbins' Italian destination featured on Eater NY's 38 essential restaurants; Robbins is a 2026 James Beard Outstanding Chef semifinalist,2026-06-12
La Vara,Brooklyn,NY,lavarany.com,restaurants,best_of_city_list,https://www.wnyc.org/story/new-york-citys-38-essential-restaurants/,Spanish restaurant featured on Eater NY's 38 essential restaurants list,2026-06-12
Hanoi House,New York,NY,hanoihousenyc.com,restaurants,best_of_city_list,https://www.wnyc.org/story/new-york-citys-38-essential-restaurants/,Vietnamese restaurant featured on Eater NY's 38 essential restaurants list,2026-06-12
n/naka,Los Angeles,CA,n-naka.com,restaurants,press_awards_recent_momentum,https://lamag.com/food/los-angeles-shows-out-on-the-2026-james-beard-semifinalist-list/,Chef Niki Nakayama is a 2026 James Beard Outstanding Chef semifinalist; two-Michelin-star kaiseki whose reservations sell out within minutes,2026-06-12
n/soto,Los Angeles,CA,,restaurants,press_awards_recent_momentum,https://lamag.com/food/los-angeles-shows-out-on-the-2026-james-beard-semifinalist-list/,"Niki Nakayama's second restaurant, cited in her 2026 James Beard Outstanding Chef semifinalist nod",2026-06-12
Seline,Santa Monica,CA,,restaurants,press_awards_recent_momentum,https://lamag.com/food/los-angeles-shows-out-on-the-2026-james-beard-semifinalist-list/,Chef Dave Beran is a 2026 James Beard Best Chef: California semifinalist for this tasting-menu restaurant,2026-06-12
Pasjoli,Santa Monica,CA,,restaurants,press_awards_recent_momentum,https://lamag.com/food/los-angeles-shows-out-on-the-2026-james-beard-semifinalist-list/,Dave Beran's French bistro; 2026 James Beard semifinalist nod and 2025 Outstanding Restaurant semifinalist,2026-06-12
Dunsmoor,Los Angeles,CA,,restaurants,press_awards_recent_momentum,https://lamag.com/food/los-angeles-shows-out-on-the-2026-james-beard-semifinalist-list/,Chef Brian Dunsmoor is a 2026 James Beard Best Chef: California semifinalist; tables book out weeks in advance per The Infatuation,2026-06-12
Kismet,Los Angeles,CA,,restaurants,press_awards_recent_momentum,https://lamag.com/food/los-angeles-shows-out-on-the-2026-james-beard-semifinalist-list/,Chefs Sarah Hymanson and Sara Kramer are 2026 James Beard Best Chef: California semifinalists for this Eastern-Mediterranean restaurant,2026-06-12
Camelia,Los Angeles,CA,,restaurants,press_awards_recent_momentum,https://lamag.com/food/los-angeles-shows-out-on-the-2026-james-beard-semifinalist-list/,Charles Namba's French-Japanese bistro cited in his 2026 James Beard Best Chef: California semifinalist nod,2026-06-12
Tsubaki,Los Angeles,CA,,restaurants,press_awards_recent_momentum,https://lamag.com/food/los-angeles-shows-out-on-the-2026-james-beard-semifinalist-list/,Charles Namba's izakaya cited in his 2026 James Beard Best Chef: California semifinalist nod,2026-06-12
Si! Mon,Venice,CA,,restaurants,press_awards_recent_momentum,https://lamag.com/food/los-angeles-shows-out-on-the-2026-james-beard-semifinalist-list/,Chef Jose Olmedo Carles Rojas is a 2026 James Beard Emerging Chef semifinalist for this Panamanian restaurant,2026-06-12
Antico Nuovo,Los Angeles,CA,,restaurants,press_awards_recent_momentum,https://lamag.com/food/los-angeles-shows-out-on-the-2026-james-beard-semifinalist-list/,Chad Colby's Italian destination is LA's only 2026 James Beard Outstanding Restaurant semifinalist,2026-06-12
Found Oyster,Los Angeles,CA,,restaurants,press_awards_recent_momentum,https://lamag.com/food/los-angeles-shows-out-on-the-2026-james-beard-semifinalist-list/,"Seafood restaurant from Last Word Hospitality, 2026 James Beard Outstanding Restaurateur semifinalists",2026-06-12
Rasarumah,Los Angeles,CA,,restaurants,press_awards_recent_momentum,https://lamag.com/food/los-angeles-shows-out-on-the-2026-james-beard-semifinalist-list/,"Malaysian restaurant from Last Word Hospitality, 2026 James Beard Outstanding Restaurateur semifinalists",2026-06-12
Restaurant Ki,Los Angeles,CA,,restaurants,press_awards_recent_momentum,https://www.opentable.com/blog/esquire-best-new-restaurants/,"Ten-seat chef's counter that earned a 2025 Michelin star, made Esquire's 2025 Best New Restaurants, and is a 2026 James Beard Best New Restaurant semifinalist",2026-06-12
RVR,Venice,CA,,restaurants,press_awards_recent_momentum,https://www.opentable.com/blog/esquire-best-new-restaurants/,Esquire's 2025 Restaurant of the Year (Travis Lett's Japanese-California izakaya) and a 2026 James Beard Best New Restaurant semifinalist,2026-06-12
Kato,Los Angeles,CA,,restaurants,press_awards_recent_momentum,https://www.timeout.com/los-angeles/news/these-16-l-a-chefs-and-restaurants-are-2025-james-beard-award-semifinalists-012225,Chef Jon Yao was a 2025 James Beard Best Chef: California semifinalist for this Taiwanese-American tasting menu,2026-06-12
Mori Nozomi,Los Angeles,CA,,restaurants,press_awards_recent_momentum,https://culinaryagents.com/resources/2025-california-michelin-star-winners,New one-Michelin-star in the 2025 California guide; chef Nozomi Mori is the first female sushi chef in the US so honored,2026-06-12
Somni,West Hollywood,CA,,restaurants,press_awards_recent_momentum,https://culinaryagents.com/resources/2025-california-michelin-star-winners,"Entered the 2025 Michelin Guide California with three stars, the first US restaurant to earn three stars seven months after opening",2026-06-12
Providence,Los Angeles,CA,,restaurants,press_awards_recent_momentum,https://culinaryagents.com/resources/2025-california-michelin-star-winners,Promoted to three Michelin stars in the 2025 California guide,2026-06-12
Silvers Omakase,Santa Barbara,CA,,restaurants,press_awards_recent_momentum,https://culinaryagents.com/resources/2025-california-michelin-star-winners,Awarded one Michelin star in the 2025 California guide,2026-06-12
Lilo,Carlsbad,CA,,restaurants,press_awards_recent_momentum,https://culinaryagents.com/resources/2025-california-michelin-star-winners,Awarded one Michelin star in the 2025 California guide,2026-06-12
Hayato,Los Angeles,CA,,restaurants,sold_out_demand_signals,https://www.theinfatuation.com/los-angeles/guides/toughest-restaurant-reservations-los-angeles,"Seven-seat kaiseki whose monthly reservation drops fill up remarkably fast, among LA's toughest tables",2026-06-12
Mother Wolf,Los Angeles,CA,,restaurants,sold_out_demand_signals,https://www.theinfatuation.com/los-angeles/guides/toughest-restaurant-reservations-los-angeles,"Evan Funke's Roman restaurant listed among LA's toughest reservations, bookable only seven days out",2026-06-12
Quince,San Francisco,CA,,restaurants,press_awards_recent_momentum,https://www.axios.com/local/san-francisco/2026/01/23/the-bay-area-s-2026-james-beard-award-semifinalists,Chef Michael Tusk is a 2026 James Beard Outstanding Chef semifinalist at this three-Michelin-star restaurant,2026-06-12
Foreign Cinema,San Francisco,CA,,restaurants,press_awards_recent_momentum,https://www.axios.com/local/san-francisco/2026/01/23/the-bay-area-s-2026-james-beard-award-semifinalists,2026 James Beard Outstanding Restaurant semifinalist,2026-06-12
The Happy Crane,San Francisco,CA,,restaurants,press_awards_recent_momentum,https://www.axios.com/local/san-francisco/2026/01/23/the-bay-area-s-2026-james-beard-award-semifinalists,2026 James Beard Best New Restaurant semifinalist; tables released 30 days out disappear almost instantly per The Infatuation,2026-06-12
House of Prime Rib,San Francisco,CA,,restaurants,sold_out_demand_signals,https://www.theinfatuation.com/all/guides/toughest-restaurant-reservations-in-america,One of SF's hardest tables with reservations opening a year in advance; also a 2026 James Beard Outstanding Hospitality semifinalist,2026-06-12
The Progress,San Francisco,CA,,restaurants,press_awards_recent_momentum,https://www.axios.com/local/san-francisco/2026/01/23/the-bay-area-s-2026-james-beard-award-semifinalists,2026 James Beard semifinalist for Outstanding Wine & Other Beverages Program,2026-06-12
State Bird Provisions,San Francisco,CA,,restaurants,press_awards_recent_momentum,https://www.jamesbeard.org/stories/james-beard-award-semifinalists-2026,"Flagship of Stuart Brioza and Nicole Krasinski, 2026 James Beard Outstanding Restaurateur semifinalists",2026-06-12
The Anchovy Bar,San Francisco,CA,,restaurants,press_awards_recent_momentum,https://www.jamesbeard.org/stories/james-beard-award-semifinalists-2026,"Seafood restaurant from Brioza and Krasinski, 2026 James Beard Outstanding Restaurateur semifinalists",2026-06-12
Nightbird,San Francisco,CA,,restaurants,press_awards_recent_momentum,https://www.axios.com/local/san-francisco/2026/01/23/the-bay-area-s-2026-james-beard-award-semifinalists,Chef Kim Alter is a 2026 James Beard Best Chef: California semifinalist,2026-06-12
Sons & Daughters,San Francisco,CA,,restaurants,press_awards_recent_momentum,https://www.axios.com/local/san-francisco/2026/01/23/the-bay-area-s-2026-james-beard-award-semifinalists,Chef Harrison Cheney is a 2026 James Beard Best Chef: California semifinalist; the restaurant also earned a 2025 Michelin Green Star,2026-06-12
Sun Moon Studio,Oakland,CA,,restaurants,press_awards_recent_momentum,https://www.axios.com/local/san-francisco/2026/01/23/the-bay-area-s-2026-james-beard-award-semifinalists,"2026 James Beard semifinalist, on the NYT 2025 50 best restaurants list, and a Bon Appetit 2025 Best New Restaurant",2026-06-12
Burdell,Oakland,CA,,restaurants,press_awards_recent_momentum,https://www.axios.com/local/san-francisco/2026/01/23/the-bay-area-s-2026-james-beard-award-semifinalists,Chef Geoff Davis is a 2026 James Beard Best Chef: California semifinalist for this soul food restaurant,2026-06-12
Mijote,San Francisco,CA,,restaurants,press_awards_recent_momentum,https://www.axios.com/local/san-francisco/2026/01/23/the-bay-area-s-2026-james-beard-award-semifinalists,Chef Kosuke Tada is a 2026 (and 2025) James Beard Best Chef: California semifinalist,2026-06-12
The Morris,San Francisco,CA,,restaurants,press_awards_recent_momentum,https://www.axios.com/local/san-francisco/2026/01/23/the-bay-area-s-2026-james-beard-award-semifinalists,Paul Einbund is a 2026 James Beard semifinalist for Outstanding Professional in Beverage Service at this wine-focused restaurant,2026-06-12
Copra,San Francisco,CA,,restaurants,press_awards_recent_momentum,https://www.axios.com/local/san-francisco/2026/01/23/the-bay-area-s-2026-james-beard-award-semifinalists,"Part of Cal-India Collective, 2026 James Beard Outstanding Restaurateur semifinalists",2026-06-12
Ettan,Palo Alto,CA,,restaurants,press_awards_recent_momentum,https://www.axios.com/local/san-francisco/2026/01/23/the-bay-area-s-2026-james-beard-award-semifinalists,Cal-India fine dining from 2026 James Beard Outstanding Restaurateur semifinalists Srijith Gopinathan and Ayesha Thapar,2026-06-12
Benu,San Francisco,CA,,restaurants,press_awards_recent_momentum,https://www.axios.com/local/san-francisco/2025/01/22/sf-james-beard-award-semifinalist,2025 James Beard Outstanding Restaurant semifinalist (three Michelin stars),2026-06-12
Lazy Bear,San Francisco,CA,,restaurants,sold_out_demand_signals,https://www.theinfatuation.com/san-francisco/guides/toughest-restaurant-reservations-san-francisco,Prepaid Tock tickets released monthly are so coveted that diners try for a year or two to get in,2026-06-12
One Market,San Francisco,CA,,restaurants,press_awards_recent_momentum,https://www.axios.com/local/san-francisco/2025/01/22/sf-james-beard-award-semifinalist,Wine director Tonya Pitts was a 2025 James Beard semifinalist for Outstanding Professional in Beverages,2026-06-12
Hadeem,San Francisco,CA,,restaurants,press_awards_recent_momentum,https://www.axios.com/local/san-francisco/2025/01/22/sf-james-beard-award-semifinalist,Chef Spencer Horowitz was a 2025 James Beard Emerging Chef semifinalist,2026-06-12
Californios,San Francisco,CA,,restaurants,press_awards_recent_momentum,https://www.axios.com/local/san-francisco/2025/01/22/sf-james-beard-award-semifinalist,"Chef Val Cantu was a 2025 James Beard Best Chef: California semifinalist (two Michelin stars, Mexican tasting menu)",2026-06-12
Lunette,San Francisco,CA,,restaurants,press_awards_recent_momentum,https://www.axios.com/local/san-francisco/2025/01/22/sf-james-beard-award-semifinalist,Chef Nite Yun was a 2025 James Beard Best Chef: California semifinalist for this Cambodian restaurant,2026-06-12
Saison,San Francisco,CA,,restaurants,press_awards_recent_momentum,https://www.axios.com/local/san-francisco/2025/01/22/sf-james-beard-award-semifinalist,Chef Richard Lee was a 2025 James Beard Best Chef: California semifinalist at this Michelin-starred hearth-cooking destination,2026-06-12
Friends & Family,Oakland,CA,,restaurants,press_awards_recent_momentum,https://www.axios.com/local/san-francisco/2025/01/22/sf-james-beard-award-semifinalist,Chef Gaby Maeda was a 2025 James Beard Best Chef: California semifinalist,2026-06-12
Four Kings,San Francisco,CA,,restaurants,press_awards_recent_momentum,https://www.axios.com/local/san-francisco/2025/01/22/sf-james-beard-award-semifinalist,2025 James Beard Best New Restaurant semifinalist; also named among Resy's top restaurants of 2025,2026-06-12
Kiln,San Francisco,CA,,restaurants,press_awards_recent_momentum,https://culinaryagents.com/resources/2025-california-michelin-star-winners,Promoted from one to two Michelin stars in the 2025 California guide,2026-06-12
Enclos,Sonoma,CA,,restaurants,press_awards_recent_momentum,https://culinaryagents.com/resources/2025-california-michelin-star-winners,Entered the 2025 Michelin Guide California with two stars plus a Green Star,2026-06-12
Jilli,San Francisco,CA,,restaurants,sold_out_demand_signals,https://blog.resy.com/the-hit-list/sf-restaurants/,On Resy's SF Hit List of tough-to-book newcomers (June 2026),2026-06-12
The Lore,San Francisco,CA,,restaurants,sold_out_demand_signals,https://blog.resy.com/the-hit-list/sf-restaurants/,On Resy's SF Hit List of tough-to-book newcomers (June 2026),2026-06-12
Odin,San Francisco,CA,,restaurants,sold_out_demand_signals,https://blog.resy.com/the-hit-list/sf-restaurants/,On Resy's SF Hit List of tough-to-book newcomers (June 2026),2026-06-12
The Big Four,San Francisco,CA,,restaurants,sold_out_demand_signals,https://blog.resy.com/the-hit-list/sf-restaurants/,Classic Nob Hill restaurant on Resy's SF Hit List of tough-to-book tables (June 2026),2026-06-12
Gado Gado,Portland,OR,,restaurants,press_awards_recent_momentum,https://www.kptv.com/2026/01/22/six-oregon-chefs-named-james-beard-award-semifinalists/,Chef Thomas Pisha-Duffly is a 2026 James Beard Best Chef: Northwest & Pacific finalist for this Indonesian restaurant,2026-06-12
Nodoguro,Portland,OR,,restaurants,press_awards_recent_momentum,https://www.kptv.com/2026/01/22/six-oregon-chefs-named-james-beard-award-semifinalists/,Chef Ryan Roadhouse is a 2026 James Beard Best Chef: Northwest & Pacific finalist for this Japanese tasting menu,2026-06-12
Mas,Ashland,OR,,restaurants,press_awards_recent_momentum,https://www.kptv.com/2026/01/22/six-oregon-chefs-named-james-beard-award-semifinalists/,Chef Josh Dorcak is a 2026 James Beard Best Chef: Northwest & Pacific semifinalist for this small-town tasting menu,2026-06-12
Jory Restaurant at the Allison Inn,Newberg,OR,,restaurants,press_awards_recent_momentum,https://www.kptv.com/2026/01/22/six-oregon-chefs-named-james-beard-award-semifinalists/,Chef Jack Strong is a 2026 James Beard Best Chef: Northwest & Pacific semifinalist at this wine-country inn restaurant,2026-06-12
Pancita,Seattle,WA,,restaurants,press_awards_recent_momentum,https://www.seattlemet.com/eat-and-drink/2026/03/seattle-james-beard-finalists-2026,Chef Janet Becerra is a 2026 (and 2025) James Beard Best Chef: Northwest & Pacific semifinalist,2026-06-12
Atoma,Seattle,WA,,restaurants,press_awards_recent_momentum,https://www.seattlemet.com/eat-and-drink/2026/03/seattle-james-beard-finalists-2026,Chef Johnny Courtney is a 2026 James Beard Best Chef: Northwest & Pacific finalist,2026-06-12
Homer,Seattle,WA,,restaurants,press_awards_recent_momentum,https://www.seattlemet.com/eat-and-drink/2026/03/seattle-james-beard-finalists-2026,Chef Logan Cox is a 2026 (and 2025) James Beard Best Chef: Northwest & Pacific semifinalist for this Mediterranean-leaning neighborhood spot,2026-06-12
Starla's,Seattle,WA,,restaurants,press_awards_recent_momentum,https://www.seattlemet.com/eat-and-drink/2026/03/seattle-james-beard-finalists-2026,Chef Jordan Koplowitz is a 2026 James Beard Best Chef: Northwest & Pacific semifinalist,2026-06-12
Ramie,Seattle,WA,,restaurants,press_awards_recent_momentum,https://www.seattlemet.com/eat-and-drink/2026/03/seattle-james-beard-finalists-2026,Chefs Thai and Trinh Nguyen are 2026 James Beard Best Chef: Northwest & Pacific semifinalists,2026-06-12
Surrell,Seattle,WA,,restaurants,press_awards_recent_momentum,https://www.seattlemet.com/eat-and-drink/2026/03/seattle-james-beard-finalists-2026,Chef Aaron Tekulve is a 2026 James Beard Best Chef: Northwest & Pacific finalist for this tasting-menu restaurant,2026-06-12
Canlis,Seattle,WA,,restaurants,press_awards_recent_momentum,https://www.425magazine.com/eat-drink/james-beard-award-2025-northwest-semifinalists/article_29539c12-d905-11ef-90df-4754654d8629.html,Chef Aisha Ibrahim was a 2025 James Beard Best Chef: Northwest & Pacific semifinalist at Seattle's iconic destination restaurant,2026-06-12
Houlme,Orcas Island,WA,,restaurants,press_awards_recent_momentum,https://www.425magazine.com/eat-drink/james-beard-award-2025-northwest-semifinalists/article_29539c12-d905-11ef-90df-4754654d8629.html,Chef Jay Blackinton was a 2025 James Beard Best Chef: Northwest & Pacific semifinalist on Orcas Island,2026-06-12
Altura Bistro,Anchorage,AK,,restaurants,press_awards_recent_momentum,https://www.425magazine.com/eat-drink/james-beard-award-2025-northwest-semifinalists/article_29539c12-d905-11ef-90df-4754654d8629.html,Chef Nathan Bentley was a 2025 James Beard Best Chef: Northwest & Pacific semifinalist,2026-06-12
Grann,Seattle,WA,,restaurants,best_of_city_list,https://www.seattlemet.com/eat-and-drink/best-new-restaurants-seattle,"Named one of Seattle's best new restaurants of 2025 (Indian, Creole, and Southern cuisine)",2026-06-12
Soufend,Seattle,WA,,restaurants,best_of_city_list,https://www.seattlemet.com/eat-and-drink/best-new-restaurants-seattle,Vietnamese restaurant named among Seattle's best new restaurants of 2025 by Seattle Met,2026-06-12
Luncheonette,Portland,ME,,restaurants,press_awards_recent_momentum,https://www.pressherald.com/2025/11/18/portlands-luncheonette-named-to-eaters-best-new-restaurants-list/,Named to Eater's 2025 list of the 15 best new restaurants in the country; scratch restaurant with locally sourced ingredients,2026-06-12
Kamayan ATL,Atlanta,GA,,restaurants,press_awards_recent_momentum,https://roughdraftatlanta.com/2026/01/21/james-beard-awards-2026-semifinalists-atlanta/,Chefs Carlo Gan and Mia Orino are 2026 James Beard Best Chef: Southeast semifinalists for this Filipino restaurant,2026-06-12
Mujo,Atlanta,GA,,restaurants,press_awards_recent_momentum,https://www.ajc.com/food-and-dining/2026/03/aria-mujo-named-atlantas-only-james-beard-award-2026-finalists/,Chef J. Trent Harris is a 2026 James Beard finalist; Mujo also holds a Michelin star (omakase),2026-06-12
Atlas,Atlanta,GA,,restaurants,press_awards_recent_momentum,https://roughdraftatlanta.com/2026/01/21/james-beard-awards-2026-semifinalists-atlanta/,Chef Freddy Money is a 2026 James Beard Best Chef: Southeast semifinalist; Atlas retains its Michelin star in the 2025 American South guide,2026-06-12
Abel Brown,Augusta,GA,,restaurants,press_awards_recent_momentum,https://roughdraftatlanta.com/2026/01/21/james-beard-awards-2026-semifinalists-atlanta/,Chef Todd Schafer is a 2026 James Beard Best Chef: Southeast semifinalist,2026-06-12
Aria,Atlanta,GA,,restaurants,press_awards_recent_momentum,https://www.ajc.com/food-and-dining/2026/03/aria-mujo-named-atlantas-only-james-beard-award-2026-finalists/,Named one of Atlanta's only two 2026 James Beard Award finalists,2026-06-12
Bacchanalia,Atlanta,GA,,restaurants,press_awards_recent_momentum,https://roughdraftatlanta.com/2025/11/03/2025-michelin-guide-american-south-atlanta-restaurants-winners/,Holds one Michelin star plus a Green Star in the 2025 American South guide,2026-06-12
Hayakawa,Atlanta,GA,,restaurants,press_awards_recent_momentum,https://roughdraftatlanta.com/2025/11/03/2025-michelin-guide-american-south-atlanta-restaurants-winners/,One-Michelin-star restaurant in the 2025 American South guide,2026-06-12
Lazy Betty,Atlanta,GA,,restaurants,press_awards_recent_momentum,https://roughdraftatlanta.com/2025/11/03/2025-michelin-guide-american-south-atlanta-restaurants-winners/,Maintained its Michelin star in the 2025 American South guide,2026-06-12
O by Brush,Atlanta,GA,,restaurants,press_awards_recent_momentum,https://roughdraftatlanta.com/2025/11/03/2025-michelin-guide-american-south-atlanta-restaurants-winners/,One-Michelin-star restaurant in the 2025 American South guide,2026-06-12
Omakase Table,Atlanta,GA,,restaurants,press_awards_recent_momentum,https://roughdraftatlanta.com/2025/11/03/2025-michelin-guide-american-south-atlanta-restaurants-winners/,One-Michelin-star restaurant in the 2025 American South guide,2026-06-12
Spring,Marietta,GA,,restaurants,press_awards_recent_momentum,https://roughdraftatlanta.com/2025/11/03/2025-michelin-guide-american-south-atlanta-restaurants-winners/,Maintained its Michelin star in the 2025 American South guide,2026-06-12
Avize,Atlanta,GA,,restaurants,press_awards_recent_momentum,https://roughdraftatlanta.com/2025/11/03/2025-michelin-guide-american-south-atlanta-restaurants-winners/,New Michelin recommended restaurant in 2025; also on the NYT 50 best list and Bon Appetit's 2025 Best New Restaurants,2026-06-12
Fawn,Decatur,GA,,restaurants,press_awards_recent_momentum,https://roughdraftatlanta.com/2025/11/03/2025-michelin-guide-american-south-atlanta-restaurants-winners/,New Michelin recommended restaurant in the 2025 American South guide,2026-06-12
Madeira Park,Atlanta,GA,,restaurants,press_awards_recent_momentum,https://roughdraftatlanta.com/2025/11/03/2025-michelin-guide-american-south-atlanta-restaurants-winners/,New Michelin recommended restaurant in the 2025 American South guide,2026-06-12
Ryokou,Atlanta,GA,,restaurants,press_awards_recent_momentum,https://roughdraftatlanta.com/2025/11/03/2025-michelin-guide-american-south-atlanta-restaurants-winners/,New Michelin recommended restaurant in the 2025 American South guide,2026-06-12
Lucky Star,Atlanta,GA,,restaurants,press_awards_recent_momentum,https://roughdraftatlanta.com/2025/11/03/2025-michelin-guide-american-south-atlanta-restaurants-winners/,New Michelin recommended restaurant in the 2025 American South guide,2026-06-12
The Chastain,Atlanta,GA,,restaurants,press_awards_recent_momentum,https://roughdraftatlanta.com/2025/11/03/2025-michelin-guide-american-south-atlanta-restaurants-winners/,Retains its Michelin Green Star in the 2025 American South guide,2026-06-12
The Colonnade,Atlanta,GA,,restaurants,best_of_city_list,https://atlanta.com/articles/best/eater-atlanta-best-restaurants,Southern-cooking institution highlighted in Eater Atlanta's essential dining guide,2026-06-12
Cucina Morini,Washington,DC,,restaurants,press_awards_recent_momentum,https://washingtonian.com/2026/01/21/here-are-the-dc-area-james-beard-award-semifinalists-for-2026/,"Chef Matthew Adler is a 2026 James Beard Best Chef: Mid-Atlantic semifinalist, second year running",2026-06-12
Mita,Washington,DC,,restaurants,press_awards_recent_momentum,https://washingtonian.com/2026/01/21/here-are-the-dc-area-james-beard-award-semifinalists-for-2026/,Chefs Miguel Guerra and Tatiana Mora are 2026 James Beard Best Chef: Mid-Atlantic semifinalists; Mita was also a 2025 finalist,2026-06-12
Ama,Washington,DC,,restaurants,press_awards_recent_momentum,https://washingtonian.com/2026/01/21/here-are-the-dc-area-james-beard-award-semifinalists-for-2026/,Chef Johanna Hellrigl is a 2026 James Beard Best Chef: Mid-Atlantic semifinalist,2026-06-12
Tapori,Washington,DC,,restaurants,press_awards_recent_momentum,https://washingtonian.com/2026/01/21/here-are-the-dc-area-james-beard-award-semifinalists-for-2026/,Chef Suresh Sundas is a 2026 James Beard Best Chef: Mid-Atlantic finalist; Tapori was named Best New Restaurant in the 2025 Eater DC Awards,2026-06-12
Anju,Washington,DC,,restaurants,press_awards_recent_momentum,https://www.restaurantbusinessonline.com/operations/here-are-finalist-nominees-2025-james-beard-awards,"Korean restaurant from Fried Rice Collective, 2025 James Beard Outstanding Restaurateur finalists Scott Drewno and Danny Lee",2026-06-12
Baan Mae,Washington,DC,,restaurants,press_awards_recent_momentum,https://www.opentable.com/blog/bon-appetit-best-new-restaurants/,Named one of Bon Appetit's 20 best new restaurants in the US for 2025 (Thai),2026-06-12
Maison,Washington,DC,,restaurants,best_of_city_list,https://blog.resy.com/2025/12/top-restaurants-2025/,Named among Resy's top restaurants in America for 2025 (French),2026-06-12
Dogon,Washington,DC,,restaurants,best_of_city_list,https://washingtonian.com/2025/11/17/new-restaurants-were-excited-about-this-season/,Kwame Onwuachi's refined Afro-Caribbean restaurant that topped Yelp's Best New Restaurants of 2025 list,2026-06-12
Pietramala,Philadelphia,PA,,restaurants,press_awards_recent_momentum,https://billypenn.com/2026/01/21/james-beard-award-semifinalists-2026-philly-restaurants/,Chef Ian Graye is a 2026 James Beard Best Chef: Mid-Atlantic semifinalist; the restaurant also earned a 2025 Michelin Green Star,2026-06-12
Royal Sushi & Izakaya,Philadelphia,PA,,restaurants,press_awards_recent_momentum,https://billypenn.com/2026/01/21/james-beard-award-semifinalists-2026-philly-restaurants/,Chef Jesse Ito is a 2026 James Beard Best Chef: Mid-Atlantic semifinalist,2026-06-12
Little Water,Philadelphia,PA,,restaurants,press_awards_recent_momentum,https://billypenn.com/2026/01/21/james-beard-award-semifinalists-2026-philly-restaurants/,Chef Randy Rucker is a 2026 James Beard Best Chef: Mid-Atlantic semifinalist,2026-06-12
Her Place Supper Club,Philadelphia,PA,,restaurants,press_awards_recent_momentum,https://billypenn.com/2026/01/21/james-beard-award-semifinalists-2026-philly-restaurants/,Chef Amanda Shulman is a 2026 James Beard semifinalist and the restaurant earned a Michelin star in Philadelphia's inaugural 2025 guide,2026-06-12
Honeysuckle,Philadelphia,PA,,restaurants,press_awards_recent_momentum,https://billypenn.com/2026/01/21/james-beard-award-semifinalists-2026-philly-restaurants/,Chefs Omar Tate and Cybille St. Aude-Tate are 2026 James Beard Best Chef: Mid-Atlantic semifinalists,2026-06-12
Vernick Fish,Philadelphia,PA,,restaurants,press_awards_recent_momentum,https://www.cbsnews.com/philadelphia/news/james-beard-semifinalists-vernick-kalaya/,Greg Vernick is a 2026 James Beard Outstanding Restaurateur semifinalist,2026-06-12
Kalaya,Philadelphia,PA,,restaurants,press_awards_recent_momentum,https://www.cbsnews.com/philadelphia/news/james-beard-semifinalists-vernick-kalaya/,Fishtown Thai restaurant named a 2026 James Beard Outstanding Restaurant semifinalist,2026-06-12
Ama,Philadelphia,PA,,restaurants,press_awards_recent_momentum,https://www.phillymag.com/restaurants/2026/01/23/james-beard-semifinalists-2026-philadelphia/,Chef Frankie Ramirez is a 2026 James Beard Emerging Chef semifinalist for this Mexican restaurant,2026-06-12
La Fia,Wilmington,DE,,restaurants,press_awards_recent_momentum,https://www.nbcphiladelphia.com/news/local/james-beard-semifinalists-2026-philadelphia-pennsylvania-new-jersey/4337587/,Chef Dwain Kalup is a 2026 James Beard Best Chef: Mid-Atlantic semifinalist,2026-06-12
Luca,Lancaster,PA,,restaurants,press_awards_recent_momentum,https://www.nbcphiladelphia.com/news/local/james-beard-semifinalists-2026-philadelphia-pennsylvania-new-jersey/4337587/,Chef Nathan Flaim is a 2026 James Beard Best Chef: Mid-Atlantic semifinalist for this Italian restaurant,2026-06-12
Judy & Harry's,Asbury Park,NJ,,restaurants,press_awards_recent_momentum,https://www.nbcphiladelphia.com/news/local/james-beard-semifinalists-2026-philadelphia-pennsylvania-new-jersey/4337587/,Chef David Viana is a 2026 James Beard Best Chef: Mid-Atlantic semifinalist,2026-06-12
Provenance,Philadelphia,PA,,restaurants,press_awards_recent_momentum,https://www.yahoo.com/lifestyle/articles/michelin-guide-expands-philly-boston-173128225.html,Earned a Michelin star in Philadelphia's inaugural 2025 guide and made Bon Appetit's 2025 Best New Restaurants list,2026-06-12
Friday Saturday Sunday,Philadelphia,PA,,restaurants,press_awards_recent_momentum,https://www.yahoo.com/lifestyle/articles/michelin-guide-expands-philly-boston-173128225.html,Earned a Michelin star in Philadelphia's inaugural 2025 guide; 2022 James Beard Outstanding Restaurant winner,2026-06-12
Mawn,Philadelphia,PA,,restaurants,press_awards_recent_momentum,https://www.opentable.com/blog/new-york-times-50-best-restaurants/,Cambodian noodle house on the NYT 2025 list of America's 50 best restaurants,2026-06-12
Emmett,Philadelphia,PA,,restaurants,press_awards_recent_momentum,https://www.phillyvoice.com/emmett-esquire-best-new-restaurants-2025/,Levantine restaurant named to Esquire's 2025 Best New Restaurants in America list,2026-06-12
Ito,Philadelphia,PA,,restaurants,best_of_city_list,https://blog.resy.com/2025/12/top-restaurants-2025/,Japanese restaurant in Rittenhouse named among Resy's top restaurants in America for 2025,2026-06-12
Talula's Table,Kennett Square,PA,,restaurants,sold_out_demand_signals,https://www.theinfatuation.com/all/guides/toughest-restaurant-reservations-in-america,One of the hardest reservations in America; its farmhouse table books up a year out,2026-06-12
Acamaya,New Orleans,LA,,restaurants,press_awards_recent_momentum,https://www.fox8live.com/2026/01/21/new-orleans-lands-9-james-beard-2026-semifinalists-11-total-louisiana/,Chef Ana Castro is a 2026 (and 2025) James Beard Best Chef: South semifinalist for this Mexican seafood restaurant,2026-06-12
Dakar NOLA,New Orleans,LA,,restaurants,press_awards_recent_momentum,https://www.fox8live.com/2026/01/21/new-orleans-lands-9-james-beard-2026-semifinalists-11-total-louisiana/,Chef Serigne Mbaye is a 2026 James Beard Best Chef: South semifinalist for this Senegalese tasting menu,2026-06-12
Fritai,New Orleans,LA,,restaurants,press_awards_recent_momentum,https://www.fox8live.com/2026/01/21/new-orleans-lands-9-james-beard-2026-semifinalists-11-total-louisiana/,Chef Charly Pierre is a 2026 James Beard Best Chef: South semifinalist for this Haitian restaurant,2026-06-12
Peche,New Orleans,LA,,restaurants,press_awards_recent_momentum,https://www.axios.com/local/new-orleans/2025/01/22/james-beard-awards-semifinalists-from-new-orleans,Chef Nicole Cabrera Mills was a 2025 James Beard Best Chef: South semifinalist at this acclaimed seafood grill,2026-06-12
Saffron NOLA,New Orleans,LA,,restaurants,press_awards_recent_momentum,https://www.axios.com/local/new-orleans/2025/01/22/james-beard-awards-semifinalists-from-new-orleans,Chefs Arvinder and Ashwin Vilkhu were 2025 James Beard Best Chef: South semifinalists for this Indian-Creole restaurant,2026-06-12
Emeril's,New Orleans,LA,,restaurants,best_of_city_list,https://blog.resy.com/2025/12/top-restaurants-2025/,The revived Emeril's was named among Resy's top restaurants in America for 2025,2026-06-12
Evviva,New Orleans,LA,,restaurants,best_of_city_list,https://www.neworleans.com/blog/post/new-orleans-best-new-restaurants/,Coastal Italian spot in the Marigny called one of 2025's most exciting New Orleans openings,2026-06-12
The Kingsway,New Orleans,LA,,restaurants,best_of_city_list,https://www.neworleans.com/blog/post/new-orleans-best-new-restaurants/,High-end Asian restaurant from chef Ashwin Vilkhu named among the city's best new restaurants,2026-06-12
Saint Claire,New Orleans,LA,,restaurants,best_of_city_list,https://www.neworleans.com/blog/post/new-orleans-best-new-restaurants/,"Melissa Martin's June 2025 opening with fanciful takes on Cajun and French dishes, among the city's best new restaurants",2026-06-12
Junebug,New Orleans,LA,,restaurants,best_of_city_list,https://www.neworleans.com/blog/post/new-orleans-best-new-restaurants/,"French and Creole plates from chef Shannon Bingham, named among the city's best new restaurants",2026-06-12
Studio,New Orleans,LA,,restaurants,best_of_city_list,https://www.neworleans.com/blog/post/new-orleans-best-new-restaurants/,"Uptown steakhouse counterpart to Doris Metropolitan, named among the city's best new restaurants",2026-06-12
Alma Fonda Fina,Denver,CO,,restaurants,press_awards_recent_momentum,https://www.westword.com/food-drink/2026-colorado-james-beard-semifinalists-announced-40832964/,Chef Johnny Curiel is a 2026 James Beard Best Chef: Mountain semifinalist and the restaurant has been racking up accolades,2026-06-12
Gladys,Edgewater,CO,,restaurants,press_awards_recent_momentum,https://www.westword.com/food-drink/2026-colorado-james-beard-semifinalists-announced-40832964/,Chefs Dave Grant and Rocky Hunter are 2026 James Beard Best Chef: Mountain semifinalists; expanded to full service in 2025,2026-06-12
Marigold,Lyons,CO,,restaurants,press_awards_recent_momentum,https://bizwest.com/2026/01/23/chef-of-marigold-in-lyons-among-james-beard-semifinalists/,Chef Theo Adley is a 2026 James Beard Best Chef: Mountain semifinalist for this small-town destination restaurant,2026-06-12
Molotov Kitschen + Cocktails,Denver,CO,,restaurants,press_awards_recent_momentum,https://www.westword.com/food-drink/2026-colorado-james-beard-semifinalists-announced-40832964/,Chef Bo Porytko is a 2026 (and 2025) James Beard Best Chef: Mountain semifinalist,2026-06-12
MAKfam,Denver,CO,,restaurants,press_awards_recent_momentum,https://www.westword.com/food-drink/2026-colorado-james-beard-semifinalists-announced-40832964/,Chef Kenneth Wan is a 2026 (and 2025) James Beard Best Chef: Mountain semifinalist; also a Colorado Michelin Bib Gourmand,2026-06-12
The Wolf's Tailor,Denver,CO,,restaurants,press_awards_recent_momentum,https://denverite.com/2025/09/15/denver-michelin-restaurants-2025/,Became Colorado's first two-Michelin-star restaurant in the 2025 guide,2026-06-12
Kizaki,Denver,CO,,restaurants,press_awards_recent_momentum,https://denverite.com/2025/09/15/denver-michelin-restaurants-2025/,New one-Michelin-star in the 2025 Colorado guide; edomae sushi with only two seatings four times a week,2026-06-12
Margot,Denver,CO,,restaurants,press_awards_recent_momentum,https://denverite.com/2025/09/15/denver-michelin-restaurants-2025/,New one-Michelin-star restaurant in the 2025 Colorado guide,2026-06-12
Mezcaleria Alma,Denver,CO,,restaurants,press_awards_recent_momentum,https://denverite.com/2025/09/15/denver-michelin-restaurants-2025/,New one-Michelin-star in the 2025 Colorado guide and a Bon Appetit 2025 Best New Restaurant,2026-06-12
Cozobi Fonda Fina,Boulder,CO,,restaurants,press_awards_recent_momentum,https://denverite.com/2025/09/15/denver-michelin-restaurants-2025/,Awarded a Michelin Bib Gourmand in the 2025 Colorado guide,2026-06-12
Ash'Kara,Denver,CO,,restaurants,press_awards_recent_momentum,https://denverite.com/2025/09/15/denver-michelin-restaurants-2025/,Michelin Bib Gourmand in the 2025 Colorado guide (Middle Eastern),2026-06-12
Basta,Boulder,CO,,restaurants,press_awards_recent_momentum,https://denverite.com/2025/09/15/denver-michelin-restaurants-2025/,Michelin Bib Gourmand in the 2025 Colorado guide (wood-fired Italian),2026-06-12
Hop Alley,Denver,CO,,restaurants,press_awards_recent_momentum,https://denverite.com/2025/09/15/denver-michelin-restaurants-2025/,Michelin Bib Gourmand in the 2025 Colorado guide (modern Chinese),2026-06-12
La Diabla Pozole y Mezcal,Denver,CO,,restaurants,press_awards_recent_momentum,https://denverite.com/2025/09/15/denver-michelin-restaurants-2025/,Michelin Bib Gourmand in the 2025 Colorado guide,2026-06-12
Mister Oso,Denver,CO,,restaurants,press_awards_recent_momentum,https://denverite.com/2025/09/15/denver-michelin-restaurants-2025/,Michelin Bib Gourmand in the 2025 Colorado guide,2026-06-12
Tavernetta,Denver,CO,,restaurants,press_awards_recent_momentum,https://denverite.com/2025/09/15/denver-michelin-restaurants-2025/,Michelin Bib Gourmand in the 2025 Colorado guide (Italian from the Frasca team),2026-06-12
Lucina Eatery & Bar,Denver,CO,,restaurants,press_awards_recent_momentum,https://www.westword.com/restaurants/2025-colorado-james-beard-semifinalists-announced-23160494,Chefs Erasmo Casiano and Diego Coconati were 2025 James Beard Best Chef: Mountain semifinalists,2026-06-12
Coperta,Denver,CO,,restaurants,press_awards_recent_momentum,https://www.westword.com/restaurants/2025-colorado-james-beard-semifinalists-announced-23160494,Chef Paul C. Reilly was a 2025 James Beard Best Chef: Mountain semifinalist for this Italian restaurant,2026-06-12
Blackbelly,Boulder,CO,,restaurants,press_awards_recent_momentum,https://www.westword.com/restaurants/2025-colorado-james-beard-semifinalists-announced-23160494,Chef Hosea Rosenberg was a 2025 James Beard Best Chef: Mountain semifinalist at this butchery-driven farm-to-table restaurant,2026-06-12
Sushi by SYC,Denver,CO,,restaurants,best_of_city_list,https://www.westword.com/food-drink/15-best-new-denver-restaurants-of-2025-40815945/,Omakase concept named among Denver's best new restaurants of 2025,2026-06-12
Boombots,Denver,CO,,restaurants,best_of_city_list,https://www.westword.com/food-drink/15-best-new-denver-restaurants-of-2025-40815945/,Italian-ish pasta spot named among Denver's best new restaurants of 2025,2026-06-12
BearLeek,Denver,CO,,restaurants,best_of_city_list,https://www.westword.com/food-drink/15-best-new-denver-restaurants-of-2025-40815945/,"RiNo restaurant from chefs Harrison Porter and Rema Maaliki, among Denver's best new restaurants of 2025",2026-06-12
Pig & Tiger,Denver,CO,,restaurants,best_of_city_list,https://www.westword.com/food-drink/15-best-new-denver-restaurants-of-2025-40815945/,"Modern Taiwanese home cooking in Five Points, among Denver's best new restaurants of 2025",2026-06-12
Rougarou,Denver,CO,,restaurants,best_of_city_list,https://www.westword.com/food-drink/15-best-new-denver-restaurants-of-2025-40815945/,"Shapeshifting Southern concept from McLain Hedges and Mary Allison Wright, among Denver's best new restaurants of 2025",2026-06-12
Riot,Denver,CO,,restaurants,best_of_city_list,https://www.westword.com/food-drink/15-best-new-denver-restaurants-of-2025-40815945/,"Texas BBQ meets Northern Mexico asado from Top Chef alum Manny Barella, among Denver's best new restaurants of 2025",2026-06-12
Bar La Grassa,Minneapolis,MN,,restaurants,press_awards_recent_momentum,https://www.startribune.com/minnesota-chefs-best-chef-midwest-semifinalist-long-list-twin-cities/601563593,2026 James Beard Outstanding Restaurant semifinalist (Italian pasta destination),2026-06-12
Khaluna,Minneapolis,MN,,restaurants,press_awards_recent_momentum,https://www.startribune.com/minnesota-chefs-best-chef-midwest-semifinalist-long-list-twin-cities/601563593,Chef-owner Ann Ahmed is a 2026 James Beard semifinalist in both Outstanding Chef and Best Chef: Midwest,2026-06-12
Alma,Minneapolis,MN,,restaurants,press_awards_recent_momentum,https://www.startribune.com/minnesota-chefs-best-chef-midwest-semifinalist-long-list-twin-cities/601563593,Chef Alex Roberts is a 2026 James Beard Outstanding Chef semifinalist,2026-06-12
Kado No Mise,Minneapolis,MN,,restaurants,press_awards_recent_momentum,https://www.axios.com/local/twin-cities/2026/03/31/kado-no-mise-james-beard-award-minnesota-shigeyuki-furukawa,Chef Shigeyuki Furukawa is Minnesota's only 2026 James Beard finalist for this Japanese fine-dining restaurant,2026-06-12
Diane's Place,Minneapolis,MN,,restaurants,press_awards_recent_momentum,https://mspmag.com/eat-and-drink/foodie/dianes-place-food-wine-restaurant-year-2025-minneapolis/,Food & Wine's 2025 Restaurant of the Year; Diane Moua is also a 2026 James Beard Best Chef: Midwest semifinalist,2026-06-12
Joan's In the Park,St. Paul,MN,,restaurants,press_awards_recent_momentum,https://www.startribune.com/minnesota-chefs-best-chef-midwest-semifinalist-long-list-twin-cities/601563593,2026 James Beard Outstanding Hospitality semifinalist,2026-06-12
Travail Kitchen & Amusements,Robbinsdale,MN,,restaurants,press_awards_recent_momentum,https://www.startribune.com/minnesota-chefs-best-chef-midwest-semifinalist-long-list-twin-cities/601563593,Travail Collective owners are 2026 James Beard Outstanding Restaurateur semifinalists for this tasting-menu playhouse,2026-06-12
Demi,Minneapolis,MN,,restaurants,press_awards_recent_momentum,https://www.startribune.com/minnesota-chefs-best-chef-midwest-semifinalist-long-list-twin-cities/601563593,Gavin Kaysen's tasting-menu restaurant cited in Minnesota's 2026 James Beard semifinalist class,2026-06-12
Oro by Nixta,Minneapolis,MN,,restaurants,press_awards_recent_momentum,https://www.startribune.com/minnesota-chefs-best-chef-midwest-semifinalist-long-list-twin-cities/601563593,Gustavo and Kate Romero recognized in Minnesota's 2026 James Beard semifinalist class for this masa-driven Mexican restaurant,2026-06-12
Bellecour,Minneapolis,MN,,restaurants,best_of_city_list,https://mspmag.com/eat-and-drink/best-new-restaurants-twin-cities-2025/,Gavin Kaysen's beloved French bistro revived with a full-service North Loop location in 2025,2026-06-12
Vagabondo,Excelsior,MN,,restaurants,best_of_city_list,https://mspmag.com/eat-and-drink/best-new-restaurants-twin-cities-2025/,"Sicilian-inspired spot with fresh seafood and handmade pasta, among the Twin Cities' notable 2025 openings",2026-06-12
Comfort Kitchen,Boston,MA,,restaurants,press_awards_recent_momentum,https://www.bostonmagazine.com/restaurants/2026/01/21/james-beard-semifinalists-2026-new-england/,Chef Sasha Coleman is a 2026 James Beard Best Chef: Northeast semifinalist,2026-06-12
La Padrona,Boston,MA,,restaurants,press_awards_recent_momentum,https://www.bostonmagazine.com/restaurants/2026/01/21/james-beard-semifinalists-2026-new-england/,Chef Amarilys Colon is a 2026 James Beard Best Chef: Northeast semifinalist for this Italian restaurant,2026-06-12
Tonino,Boston,MA,,restaurants,press_awards_recent_momentum,https://www.bostonmagazine.com/restaurants/2026/01/21/james-beard-semifinalists-2026-new-england/,Chef Luke Fetbroth is a 2026 James Beard Best Chef: Northeast semifinalist for this Jamaica Plain pasta restaurant,2026-06-12
Lenox Sophia,Boston,MA,,restaurants,press_awards_recent_momentum,https://www.bostonmagazine.com/restaurants/2026/01/21/james-beard-semifinalists-2026-new-england/,Chef Shi Mei is a 2026 James Beard Best Chef: Northeast semifinalist,2026-06-12
Le Madeline,Quincy,MA,,restaurants,press_awards_recent_momentum,https://www.bostonmagazine.com/restaurants/2026/01/21/james-beard-semifinalists-2026-new-england/,Chef Peter Nguyen is a 2026 James Beard Best Chef: Northeast semifinalist,2026-06-12
311 Omakase,Boston,MA,,restaurants,press_awards_recent_momentum,https://www.bostonmagazine.com/news/2025/11/18/michelin-boston-restaurants-2025/,Earned Boston's first-ever Michelin star in the inaugural 2025 Northeast Cities guide,2026-06-12
Somaek,Boston,MA,,restaurants,best_of_city_list,https://www.bostonglobe.com/2025/12/24/lifestyle/best-dishes-boston-restaurants-2025/,"Jamie Bissonnette's Korean restaurant in Downtown Crossing, highlighted among Boston's best of 2025",2026-06-12
Little Sage,Boston,MA,,restaurants,best_of_city_list,https://www.boston.com/food/restaurants/2025/12/31/10-most-bookmarked-boston-restaurants-beli/,"Tony Susi's North End Italian, one of Boston's most-bookmarked new restaurants of 2025",2026-06-12
Baleia,Boston,MA,,restaurants,best_of_city_list,https://www.bostonglobe.com/2025/12/24/lifestyle/best-dishes-boston-restaurants-2025/,New Portuguese restaurant highlighted among Boston's best of 2025,2026-06-12
Fallow Kin,Cambridge,MA,,restaurants,best_of_city_list,https://blog.resy.com/2025/12/boston-restaurants-2025/,Farm-to-table newcomer from the Talulla team that defined Boston dining in 2025 per Resy,2026-06-12
Wa Shin,Boston,MA,,restaurants,best_of_city_list,https://blog.resy.com/2025/12/boston-restaurants-2025/,18-course omakase with locally sourced seafood that defined Boston dining in 2025 per Resy,2026-06-12
Mai,Boston,MA,,restaurants,best_of_city_list,https://www.boston.com/food/restaurants/2025/12/31/10-most-bookmarked-boston-restaurants-beli/,French-Japanese restaurant among Boston's most-bookmarked new restaurants of 2025,2026-06-12
Honey Road,Burlington,VT,,restaurants,press_awards_recent_momentum,https://www.restaurantbusinessonline.com/operations/here-are-finalist-nominees-2025-james-beard-awards,Allison Gibson and Cara Tobin were 2025 James Beard finalist nominees for this Eastern-Mediterranean restaurant,2026-06-12
Gray Jay,Burlington,VT,,restaurants,press_awards_recent_momentum,https://www.restaurantbusinessonline.com/operations/here-are-finalist-nominees-2025-james-beard-awards,Sister restaurant cited in Gibson and Tobin's 2025 James Beard finalist nomination,2026-06-12
Fancy's,Burlington,VT,,restaurants,press_awards_recent_momentum,https://www.mainepublic.org/business-and-economy/2026-01-24/7-maine-bakers-chefs-and-restauranteurs-semifinalists-for-2026-james-beard-awards,Chef Paul Trombly is a 2026 James Beard Best Chef: Northeast nominee,2026-06-12
Izakaya Minato,Portland,ME,,restaurants,press_awards_recent_momentum,https://www.mainepublic.org/business-and-economy/2026-01-24/7-maine-bakers-chefs-and-restauranteurs-semifinalists-for-2026-james-beard-awards,Chef Thomas Takashi Cooke is a 2026 James Beard Best Chef: Northeast semifinalist (and finalist),2026-06-12
Central Provisions,Portland,ME,,restaurants,press_awards_recent_momentum,https://www.mainepublic.org/business-and-economy/2026-01-24/7-maine-bakers-chefs-and-restauranteurs-semifinalists-for-2026-james-beard-awards,Chef Chris Gould is a 2026 James Beard Best Chef: Northeast semifinalist,2026-06-12
Nina June,Rockport,ME,,restaurants,press_awards_recent_momentum,https://www.mainepublic.org/business-and-economy/2026-01-24/7-maine-bakers-chefs-and-restauranteurs-semifinalists-for-2026-james-beard-awards,Chef Sara Jenkins is a 2026 James Beard Best Chef: Northeast semifinalist for this coastal Mediterranean restaurant,2026-06-12
Leeward,Portland,ME,,restaurants,press_awards_recent_momentum,https://www.mainepublic.org/business-and-economy/2026-01-24/7-maine-bakers-chefs-and-restauranteurs-semifinalists-for-2026-james-beard-awards,Chef Jake Stevens is a 2026 James Beard Best Chef: Northeast semifinalist for this pasta-focused restaurant,2026-06-12
Fore Street,Portland,ME,,restaurants,press_awards_recent_momentum,https://www.mainepublic.org/business-and-economy/2026-01-24/7-maine-bakers-chefs-and-restauranteurs-semifinalists-for-2026-james-beard-awards,Founder Dana Street is a 2026 James Beard Outstanding Restaurateur semifinalist (and finalist) for this wood-fired landmark,2026-06-12
Scales,Portland,ME,,restaurants,press_awards_recent_momentum,https://www.mainepublic.org/business-and-economy/2026-01-24/7-maine-bakers-chefs-and-restauranteurs-semifinalists-for-2026-james-beard-awards,Seafood restaurant cited in Dana Street's 2026 James Beard Outstanding Restaurateur nomination,2026-06-12
The Catbird Seat,Nashville,TN,,restaurants,press_awards_recent_momentum,https://nashtoday.6amcity.com/food/james-beard-semifinalists-2026-nashville-tn,2026 James Beard Outstanding Restaurant semifinalist (counter tasting menu),2026-06-12
Rolf & Daughters,Nashville,TN,,restaurants,press_awards_recent_momentum,https://nashtoday.6amcity.com/food/james-beard-semifinalists-2026-nashville-tn,Chef Philip Krajeck is a 2026 James Beard Best Chef: Southeast semifinalist,2026-06-12
Tailor,Nashville,TN,,restaurants,press_awards_recent_momentum,https://nashtoday.6amcity.com/food/james-beard-semifinalists-2026-nashville-tn,2026 James Beard Outstanding Hospitality semifinalist (South Asian supper-style tasting menu),2026-06-12
J.C. Holdway,Knoxville,TN,,restaurants,press_awards_recent_momentum,https://www.cbs8.com/article/news/nation-world/james-beard-semifinalists-list-2026/507-c58835cc-5376-4b50-862f-ce81837d9aa0,Chef Joseph Lenn is a 2026 James Beard Outstanding Chef semifinalist,2026-06-12
Calliope,Chattanooga,TN,,restaurants,press_awards_recent_momentum,https://www.cbs8.com/article/news/nation-world/james-beard-semifinalists-list-2026/507-c58835cc-5376-4b50-862f-ce81837d9aa0,Chef Khaled AlBanna is a 2026 James Beard Best Chef: Southeast semifinalist,2026-06-12
The Lobbyist,Memphis,TN,,restaurants,press_awards_recent_momentum,https://www.cbs8.com/article/news/nation-world/james-beard-semifinalists-list-2026/507-c58835cc-5376-4b50-862f-ce81837d9aa0,Chef Jimmy Gentry is a 2026 James Beard Best Chef: Southeast semifinalist,2026-06-12
Tantisimo,Nashville,TN,,restaurants,best_of_city_list,https://blog.resy.com/2025/12/top-restaurants-2025/,Named among Resy's top restaurants in America for 2025,2026-06-12
Lion's Share,Nashville,TN,,restaurants,best_of_city_list,https://www.theinfatuation.com/nashville/guides/best-new-nashville-restaurants-hit-list,Named on The Infatuation's list of the best new restaurants in Nashville,2026-06-12
The Bull and Beggar,Asheville,NC,,restaurants,press_awards_recent_momentum,https://www.bpr.org/arts-performance/2026-01-21/three-james-beard-semi-finalists-hail-from-western-north-carolina,Chef Matt Dawes is a 2026 James Beard Best Chef: Southeast semifinalist; one of NC's only two 2026 finalists,2026-06-12
Dalaya Thai Cuisine,Sylva,NC,,restaurants,press_awards_recent_momentum,https://www.bpr.org/arts-performance/2026-01-21/three-james-beard-semi-finalists-hail-from-western-north-carolina,Chef Kanlaya Supachana is a 2026 James Beard Best Chef: Southeast semifinalist in a small Western NC market,2026-06-12
Omakase Experience by Prime Fish,Charlotte,NC,,restaurants,press_awards_recent_momentum,https://www.visitnc.com/list/meet-north-carolinas-james-beard-nominated-chefs-and-restaurants,Chef Robin Anthony is a 2026 James Beard Best Chef: Southeast semifinalist,2026-06-12
Herons,Cary,NC,,restaurants,press_awards_recent_momentum,https://raltoday.6amcity.com/food/james-beard-awards-2026-raleigh-nc,Chef Steven Devereaux Greene is a 2026 James Beard Best Chef: Southeast semifinalist,2026-06-12
Ajja,Raleigh,NC,,restaurants,press_awards_recent_momentum,https://raltoday.6amcity.com/food/james-beard-awards-2026-raleigh-nc,Chef Cheetie Kumar is a 2026 James Beard Best Chef: Southeast semifinalist for this Mediterranean-South Asian restaurant,2026-06-12
Peregrine,Raleigh,NC,,restaurants,press_awards_recent_momentum,https://raltoday.6amcity.com/food/james-beard-awards-2026-raleigh-nc,Patrick Shanahan is among Raleigh's three 2026 James Beard semifinalists,2026-06-12
Restaurant Constance,Charlotte,NC,,restaurants,press_awards_recent_momentum,https://raleighmag.com/2025/01/23/nc-jbfa-semifinalists-2025/,Chef Sam Diminich was a 2025 James Beard Best Chef: Southeast semifinalist,2026-06-12
Hook & Barrel,Myrtle Beach,SC,,restaurants,press_awards_recent_momentum,https://www.postandcourier.com/food/james-beard-awards-south-carolina-charleston/article_c39997f2-eb06-4b9f-a1f6-c836afe79a72.html,Chef Heidi Vukov is a 2026 James Beard semifinalist for this sustainable seafood restaurant,2026-06-12
Bintu Atelier,Charleston,SC,,restaurants,press_awards_recent_momentum,https://www.postandcourier.com/food/james-beard-awards-south-carolina-charleston/article_c39997f2-eb06-4b9f-a1f6-c836afe79a72.html,Chef Bintou N'Daw is a 2026 James Beard semifinalist for this West African restaurant,2026-06-12
Scoundrel,Greenville,SC,,restaurants,press_awards_recent_momentum,https://www.postandcourier.com/food/james-beard-awards-south-carolina-charleston/article_c39997f2-eb06-4b9f-a1f6-c836afe79a72.html,Chef Joe Cash of Michelin-starred Scoundrel is a 2026 James Beard semifinalist,2026-06-12
Cordelia,Cleveland,OH,,restaurants,press_awards_recent_momentum,https://www.wkyc.com/article/news/local/cleveland/cleveland-chef-vinnie-cimino-2026-james-beard-awards-finalist-cordelia-rosy/95-bd7020e4-2faf-4ade-b512-590eae605ad5,Chef Vinnie Cimino is a 2026 James Beard Best Chef: Great Lakes finalist for his seasonal 'modern Grandma' cuisine,2026-06-12
Sudova,Cincinnati,OH,,restaurants,press_awards_recent_momentum,https://www.citybeat.com/food-drink/cincinnati-chefs-james-beard-awards-2026-finalists/,Chef Sarah Dworak is a 2026 James Beard Best Chef: Great Lakes finalist for her Eastern European restaurant,2026-06-12
Nolia,Cincinnati,OH,,restaurants,press_awards_recent_momentum,https://www.citybeat.com/food-drink/cincinnati-chefs-james-beard-awards-2026-finalists/,Chef Jeffery Harris is a 2026 James Beard Best Chef: Great Lakes finalist for his New Orleans-rooted Southern cooking,2026-06-12
Ca'Lucchenzo,Wauwatosa,WI,,restaurants,press_awards_recent_momentum,https://onmilwaukee.com/articles/james-beard-semifinalists-2026,Chef Zak Baker is a 2026 James Beard Best Chef: Midwest semifinalist for this Italian pasta restaurant,2026-06-12
Goodkind,Milwaukee,WI,,restaurants,press_awards_recent_momentum,https://onmilwaukee.com/articles/james-beard-semifinalists-2026,Chef-owners Lisa Kirkpatrick and Paul Zerkel are 2026 James Beard Best Chef: Midwest semifinalists,2026-06-12
1033 Omakase,Milwaukee,WI,,restaurants,press_awards_recent_momentum,https://onmilwaukee.com/articles/james-beard-semifinalists-2026,2026 James Beard Best New Restaurant semifinalist,2026-06-12
Mother's,Milwaukee,WI,,restaurants,press_awards_recent_momentum,https://onmilwaukee.com/articles/james-beard-semifinalists-2026,Chef Vanessa Rose is a 2026 James Beard Emerging Chef semifinalist,2026-06-12
Mint Mark,Madison,WI,,restaurants,press_awards_recent_momentum,https://www.channel3000.com/madison-magazine/three-madison-names-included-among-2026-james-beard-award-semifinalists/article_01ee566a-d45c-4a6b-bd17-a81c3d0449c2.html,Executive chef Kasey Lee Cooke is a 2026 James Beard semifinalist,2026-06-12
Ellinor,Appleton,WI,,restaurants,press_awards_recent_momentum,https://onmilwaukee.com/articles/james-beard-semifinalists-2026,Chef Adam Marty is a 2026 James Beard Best Chef: Midwest semifinalist in a small Wisconsin market,2026-06-12
EsterEv,Milwaukee,WI,,restaurants,press_awards_recent_momentum,https://www.bravotv.com/the-daily-dish/james-beard-awards-2025-top-chef-alums-details,Chefs Dan Jacobs and Dan Van Rite were 2025 James Beard Best Chef: Midwest semifinalists for this tasting-menu restaurant,2026-06-12
Arlo,Salt Lake City,UT,,restaurants,press_awards_recent_momentum,https://saltlakemagazine.com/eight-utah-restaurants-semifinalists-2026-james-beard-awards/,Chef Milo Carrier is a 2026 James Beard Best Chef: Mountain semifinalist,2026-06-12
Oquirrh,Salt Lake City,UT,,restaurants,press_awards_recent_momentum,https://saltlakemagazine.com/eight-utah-restaurants-semifinalists-2026-james-beard-awards/,Chef Andrew Fuller is a 2026 James Beard Best Chef: Mountain semifinalist,2026-06-12
Felt Bar & Eatery,Salt Lake City,UT,,restaurants,press_awards_recent_momentum,https://saltlakemagazine.com/eight-utah-restaurants-semifinalists-2026-james-beard-awards/,Chef Travis Herbert is a 2026 James Beard Best Chef: Mountain finalist,2026-06-12
The Pearl,Salt Lake City,UT,,restaurants,press_awards_recent_momentum,https://saltlakemagazine.com/eight-utah-restaurants-semifinalists-2026-james-beard-awards/,Chef Tommy Nguyen is a 2026 James Beard Best Chef: Mountain semifinalist,2026-06-12
Urban Hill,Salt Lake City,UT,,restaurants,press_awards_recent_momentum,https://saltlakemagazine.com/eight-utah-restaurants-semifinalists-2026-james-beard-awards/,Chef Nick Zocco is a 2026 James Beard Best Chef: Mountain finalist,2026-06-12
Junah,Salt Lake City,UT,,restaurants,press_awards_recent_momentum,https://saltlakemagazine.com/eight-utah-restaurants-semifinalists-2026-james-beard-awards/,2026 James Beard Best New Restaurant semifinalist serving Italian-Japanese itameshi,2026-06-12
Espiritu,Mesa,AZ,,restaurants,press_awards_recent_momentum,https://mouthbysouthwest.com/2026/01/21/6-valley-chefs-named-2026-best-chef-southwest-semifinalists/,Chef Roberto Centeno is a 2026 James Beard Best Chef: Southwest semifinalist,2026-06-12
Progress,Phoenix,AZ,,restaurants,press_awards_recent_momentum,https://mouthbysouthwest.com/2026/01/21/6-valley-chefs-named-2026-best-chef-southwest-semifinalists/,Chef TJ Culp is a 2026 James Beard Best Chef: Southwest semifinalist,2026-06-12
Atria,Flagstaff,AZ,,restaurants,press_awards_recent_momentum,https://mouthbysouthwest.com/2026/01/21/6-valley-chefs-named-2026-best-chef-southwest-semifinalists/,Chef Rochelle Daniels is a 2026 James Beard Best Chef: Southwest semifinalist in a small mountain-town market,2026-06-12
La Frida Mexican Grill & Seafood,Tucson,AZ,,restaurants,press_awards_recent_momentum,https://mouthbysouthwest.com/2026/01/21/6-valley-chefs-named-2026-best-chef-southwest-semifinalists/,Chef Claudia Vindiola is a 2026 James Beard Best Chef: Southwest semifinalist,2026-06-12
Mesa Provisions,Albuquerque,NM,,restaurants,press_awards_recent_momentum,https://www.abqjournal.com/business/six-new-mexico-restaurants-chefs-named-2026-james-beard-semifinalists/2965782,Chef Steve Riley is a 2026 James Beard Best Chef: Southwest semifinalist,2026-06-12
NOSA Restaurant & Inn,Ojo Caliente,NM,,restaurants,press_awards_recent_momentum,https://www.abqjournal.com/business/six-new-mexico-restaurants-chefs-named-2026-james-beard-semifinalists/2965782,Chef Graham Dodds is a 2026 James Beard Best Chef: Southwest semifinalist at this destination inn restaurant,2026-06-12
Ardovino's Desert Crossing,Sunland Park,NM,,restaurants,press_awards_recent_momentum,https://www.abqjournal.com/business/six-new-mexico-restaurants-chefs-named-2026-james-beard-semifinalists/2965782,Chef Danny Calleros is a 2026 James Beard Best Chef: Southwest semifinalist,2026-06-12
Calabash African Kitchen,Las Vegas,NV,,restaurants,press_awards_recent_momentum,https://lasvegasweekly.com/dining/2026/feb/02/restaurant-news-beard-awards-ramen-bagels/,Chef Oulay Ceesay Fisher is a 2026 James Beard Best Chef: Southwest semifinalist,2026-06-12
Sparrow & Wolf,Las Vegas,NV,,restaurants,press_awards_recent_momentum,https://lasvegasweekly.com/dining/2026/feb/02/restaurant-news-beard-awards-ramen-bagels/,Chef Brian Howard is a 2026 James Beard Best Chef: Southwest semifinalist,2026-06-12
Partage,Las Vegas,NV,,restaurants,press_awards_recent_momentum,https://lasvegasweekly.com/dining/2026/feb/02/restaurant-news-beard-awards-ramen-bagels/,Chef Yuri Szarzewski is a 2026 James Beard Best Chef: Southwest semifinalist for this French tasting-menu restaurant,2026-06-12
The Black Sheep,Las Vegas,NV,,restaurants,press_awards_recent_momentum,https://lasvegasweekly.com/dining/2026/feb/02/restaurant-news-beard-awards-ramen-bagels/,Chef Jamie Tran is a 2026 James Beard Best Chef: Southwest semifinalist,2026-06-12
Bar Boheme,Las Vegas,NV,,restaurants,press_awards_recent_momentum,https://lasvegasweekly.com/dining/2026/feb/02/restaurant-news-beard-awards-ramen-bagels/,Chef James Trees is a 2026 James Beard Best Chef: Southwest semifinalist for this French bistro,2026-06-12
Ariete,Miami,FL,,restaurants,press_awards_recent_momentum,https://www.miaminewtimes.com/food-drink/2026-miami-james-beard-semifinalists-restaurants-and-chefs-40519122/,Chef Michael Beltran is a 2026 James Beard Best Chef: South semifinalist for his Cuban-rooted fine dining,2026-06-12
Recoveco,Miami,FL,,restaurants,press_awards_recent_momentum,https://www.miaminewtimes.com/food-drink/2026-miami-james-beard-semifinalists-restaurants-and-chefs-40519122/,Chefs Maria Teresa Gallina and Nicolas Martinez are 2026 James Beard Best Chef: South semifinalists,2026-06-12
Amara at Paraiso,Miami,FL,,restaurants,press_awards_recent_momentum,https://www.miaminewtimes.com/food-drink/2026-miami-james-beard-semifinalists-restaurants-and-chefs-40519122/,2026 James Beard semifinalist for Outstanding Wine and Other Beverages Program,2026-06-12
Sorekara,Orlando,FL,,restaurants,press_awards_recent_momentum,https://tastychomps.com/2025/04/michelin-guide-announces-florida-2025-selections-including-two-new-orlando-michelin-starred-restaurants.html,Newest two-Michelin-star restaurant in the 2025 Florida guide,2026-06-12
Konro,West Palm Beach,FL,,restaurants,press_awards_recent_momentum,https://tastychomps.com/2025/04/michelin-guide-announces-florida-2025-selections-including-two-new-orlando-michelin-starred-restaurants.html,New one-Michelin-star restaurant in the 2025 Florida guide,2026-06-12
Itamae Ao,Miami,FL,,restaurants,press_awards_recent_momentum,https://tastychomps.com/2025/04/michelin-guide-announces-florida-2025-selections-including-two-new-orlando-michelin-starred-restaurants.html,New one-Michelin-star restaurant in the 2025 Florida guide (Nikkei tasting counter),2026-06-12
Omo by Jont,Orlando,FL,,restaurants,press_awards_recent_momentum,https://tastychomps.com/2025/04/michelin-guide-announces-florida-2025-selections-including-two-new-orlando-michelin-starred-restaurants.html,Chef Ryan Ratino's Orlando restaurant awarded one Michelin star in the 2025 Florida guide,2026-06-12
Coro,Orlando,FL,,restaurants,press_awards_recent_momentum,https://tastychomps.com/2025/04/michelin-guide-announces-florida-2025-selections-including-two-new-orlando-michelin-starred-restaurants.html,New Michelin Bib Gourmand in the 2025 Florida guide,2026-06-12
Giovedi,Honolulu,HI,,restaurants,press_awards_recent_momentum,https://www.opentable.com/blog/bon-appetit-best-new-restaurants/,Named one of Bon Appetit's 20 best new restaurants in the US for 2025,2026-06-12
Belly of the Beast,Spring,TX,,restaurants,press_awards_recent_momentum,https://cordeliacle.com/press/here-are-the-2024-james-beard-awards-restaurant-and-chef-semifinalists,Chef Thomas Bille was a 2024 James Beard Best Chef: Texas semifinalist for this chef-driven destination restaurant,2026-06-12
Canje,Austin,TX,,restaurants,press_awards_recent_momentum,https://cordeliacle.com/press/here-are-the-2024-james-beard-awards-restaurant-and-chef-semifinalists,Tavel Bristol-Joseph was a 2024 James Beard Best Chef: Texas semifinalist for this Caribbean destination restaurant,2026-06-12
Squable,Houston,TX,,restaurants,press_awards_recent_momentum,https://cordeliacle.com/press/here-are-the-2024-james-beard-awards-restaurant-and-chef-semifinalists,Mark Clayton was a 2024 James Beard Best Chef: Texas semifinalist for this European-leaning neighborhood restaurant,2026-06-12
Cullum's Attaboy,San Antonio,TX,,restaurants,press_awards_recent_momentum,https://cordeliacle.com/press/here-are-the-2024-james-beard-awards-restaurant-and-chef-semifinalists,Christopher Cullum was a 2024 James Beard Best Chef: Texas semifinalist,2026-06-12
Best Quality Daughter,San Antonio,TX,,restaurants,press_awards_recent_momentum,https://cordeliacle.com/press/here-are-the-2024-james-beard-awards-restaurant-and-chef-semifinalists,Jennifer Hwa Dobbertin was a 2024 James Beard Best Chef: Texas semifinalist for this Asian-American full-service restaurant,2026-06-12
Birdie's,Austin,TX,,restaurants,press_awards_recent_momentum,https://cordeliacle.com/press/here-are-the-2024-james-beard-awards-restaurant-and-chef-semifinalists,Tracy Malechek-Ezekiel was a 2024 James Beard Best Chef: Texas semifinalist; wine-focused chef-driven restaurant,2026-06-12
Elemi,El Paso,TX,,restaurants,press_awards_recent_momentum,https://cordeliacle.com/press/here-are-the-2024-james-beard-awards-restaurant-and-chef-semifinalists,Emiliano Marentes was a 2024 James Beard Best Chef: Texas semifinalist for masa-driven Mexican cooking,2026-06-12
Petra & the Beast,Dallas,TX,,restaurants,press_awards_recent_momentum,https://cordeliacle.com/press/here-are-the-2024-james-beard-awards-restaurant-and-chef-semifinalists,Misti Norris was a 2024 James Beard Best Chef: Texas semifinalist for fermentation-driven tasting menus,2026-06-12
Suerte,Austin,TX,,restaurants,press_awards_recent_momentum,https://cordeliacle.com/press/here-are-the-2024-james-beard-awards-restaurant-and-chef-semifinalists,Fermín Nuñez was a 2024 James Beard Best Chef: Texas semifinalist for this masa-focused Mexican restaurant,2026-06-12
José,Dallas,TX,,restaurants,press_awards_recent_momentum,https://cordeliacle.com/press/here-are-the-2024-james-beard-awards-restaurant-and-chef-semifinalists,Anastacia Quiñones-Pittman was a 2024 James Beard Best Chef: Texas semifinalist for this upscale Mexican restaurant,2026-06-12
The Heritage Table,Frisco,TX,,restaurants,press_awards_recent_momentum,https://cordeliacle.com/press/here-are-the-2024-james-beard-awards-restaurant-and-chef-semifinalists,Rich Vana was a 2024 James Beard Best Chef: Texas semifinalist for this farm-to-table restaurant,2026-06-12
Cochineal,Marfa,TX,,restaurants,small_market_local_dominance,https://cordeliacle.com/press/here-are-the-2024-james-beard-awards-restaurant-and-chef-semifinalists,Alexandra Gates was a 2024 James Beard Best Chef: Texas semifinalist; destination fine dining in Marfa,2026-06-12
Poltergeist,Los Angeles,CA,,restaurants,press_awards_recent_momentum,https://cordeliacle.com/press/here-are-the-2024-james-beard-awards-restaurant-and-chef-semifinalists,Diego Argoti was a 2024 James Beard Best Chef: California semifinalist for this chef-driven LA restaurant,2026-06-12
Azalina's,San Francisco,CA,,restaurants,press_awards_recent_momentum,https://cordeliacle.com/press/here-are-the-2024-james-beard-awards-restaurant-and-chef-semifinalists,Azalina Eusope was a 2024 James Beard Best Chef: California semifinalist for Malaysian fine dining,2026-06-12
Auro,Calistoga,CA,,restaurants,small_market_local_dominance,https://cordeliacle.com/press/here-are-the-2024-james-beard-awards-restaurant-and-chef-semifinalists,Rogelio Garcia was a 2024 James Beard Best Chef: California semifinalist for this Michelin-starred Napa Valley tasting-menu restaurant,2026-06-12
Ammatoli,Long Beach,CA,,restaurants,press_awards_recent_momentum,https://cordeliacle.com/press/here-are-the-2024-james-beard-awards-restaurant-and-chef-semifinalists,Dima Habibeh was a 2024 James Beard Best Chef: California semifinalist for Levantine Middle Eastern cuisine,2026-06-12
San Ho Won,San Francisco,CA,,restaurants,press_awards_recent_momentum,https://cordeliacle.com/press/here-are-the-2024-james-beard-awards-restaurant-and-chef-semifinalists,Jeong-In Hwang was a 2024 James Beard Best Chef: California semifinalist for this Korean barbecue destination restaurant,2026-06-12
Perilla,Los Angeles,CA,,restaurants,press_awards_recent_momentum,https://cordeliacle.com/press/here-are-the-2024-james-beard-awards-restaurant-and-chef-semifinalists,Jihee Kim was a 2024 James Beard Best Chef: California semifinalist for Korean cooking,2026-06-12
Dalida,San Francisco,CA,,restaurants,press_awards_recent_momentum,https://cordeliacle.com/press/here-are-the-2024-james-beard-awards-restaurant-and-chef-semifinalists,Laura and Sayat Ozyilmaz were 2024 James Beard Best Chef: California semifinalists for this eastern-Mediterranean restaurant,2026-06-12
La Parolaccia,Long Beach,CA,,restaurants,press_awards_recent_momentum,https://cordeliacle.com/press/here-are-the-2024-james-beard-awards-restaurant-and-chef-semifinalists,Michael and Stefano Procaccini were 2024 James Beard Best Chef: California semifinalists for this Italian osteria,2026-06-12
My 2 Cents,Los Angeles,CA,,restaurants,press_awards_recent_momentum,https://cordeliacle.com/press/here-are-the-2024-james-beard-awards-restaurant-and-chef-semifinalists,Alisa Reynolds was a 2024 James Beard Best Chef: California semifinalist for soulful American cooking,2026-06-12
Animae,San Diego,CA,,restaurants,press_awards_recent_momentum,https://cordeliacle.com/press/here-are-the-2024-james-beard-awards-restaurant-and-chef-semifinalists,Tara Monsod was a 2024 James Beard Best Chef: California semifinalist for this Filipino-influenced fine-dining restaurant,2026-06-12
Kru,Sacramento,CA,,restaurants,press_awards_recent_momentum,https://cordeliacle.com/press/here-are-the-2024-james-beard-awards-restaurant-and-chef-semifinalists,Billy Ngo was a 2024 James Beard Best Chef: California semifinalist for this contemporary Japanese restaurant,2026-06-12
Campione,Livingston,MT,,restaurants,small_market_local_dominance,https://www.axios.com/local/denver/2024/01/24/colorado-james-beard-awards-semifinalists-2024-chef-restaurants,Joshua Adams was a 2024 James Beard Best Chef: Mountain semifinalist for this Italian restaurant in destination town Livingston,2026-06-12
Amano,Caldwell,ID,,restaurants,small_market_local_dominance,https://cordeliacle.com/press/here-are-the-2024-james-beard-awards-restaurant-and-chef-semifinalists,Salvador Alamilla was a 2024 James Beard Best Chef: Mountain semifinalist for heritage Mexican cooking,2026-06-12
Stanley Supper Club,Stanley,ID,,restaurants,small_market_local_dominance,https://cordeliacle.com/press/here-are-the-2024-james-beard-awards-restaurant-and-chef-semifinalists,Ben Barlow and Heather Logan were 2024 James Beard Best Chef: Mountain semifinalists for this destination supper club,2026-06-12
Bar Nohm,Salt Lake City,UT,,restaurants,press_awards_recent_momentum,https://cordeliacle.com/press/here-are-the-2024-james-beard-awards-restaurant-and-chef-semifinalists,David Chon was a 2024 James Beard Best Chef: Mountain semifinalist for Korean-inspired dining,2026-06-12
Social Haus,Greenough,MT,,restaurants,small_market_local_dominance,https://cordeliacle.com/press/here-are-the-2024-james-beard-awards-restaurant-and-chef-semifinalists,Brandon Cunningham was a 2024 James Beard Best Chef: Mountain semifinalist for this destination tasting-menu restaurant,2026-06-12
Le French,Denver,CO,,restaurants,press_awards_recent_momentum,https://www.axios.com/local/denver/2024/01/24/colorado-james-beard-awards-semifinalists-2024-chef-restaurants,Aminata and Rougui Dia were 2024 James Beard Best Chef: Mountain semifinalists for French-Senegalese cuisine,2026-06-12
Little Star Diner,Bozeman,MT,,restaurants,small_market_local_dominance,https://cordeliacle.com/press/here-are-the-2024-james-beard-awards-restaurant-and-chef-semifinalists,Charley Graham was a 2024 James Beard Best Chef: Mountain semifinalist for this farm-to-table Bozeman restaurant,2026-06-12
Brasserie Porte Rouge,Missoula,MT,,restaurants,small_market_local_dominance,https://cordeliacle.com/press/here-are-the-2024-james-beard-awards-restaurant-and-chef-semifinalists,Walker Hunter was a 2024 James Beard Best Chef: Mountain semifinalist for this French brasserie,2026-06-12
MontAsia,Fishtail,MT,,restaurants,small_market_local_dominance,https://www.ypradio.org/show/flavors-under-the-big-sky/2024-02-22/flavors-moment-2024-james-beard-foundation-semifinalists-best-chef-mountain-chefs-nick-steen-gullings-and-lee-johnson,Lee Johnson was a 2024 James Beard Best Chef: Mountain semifinalist for this Malaysian-Montanan small-town destination,2026-06-12
King Sushi,Jackson,WY,,restaurants,small_market_local_dominance,https://cordeliacle.com/press/here-are-the-2024-james-beard-awards-restaurant-and-chef-semifinalists,Jason King was a 2024 James Beard Best Chef: Mountain semifinalist for sushi in resort-town Jackson,2026-06-12
Mazza Cafe,Salt Lake City,UT,,restaurants,press_awards_recent_momentum,https://cordeliacle.com/press/here-are-the-2024-james-beard-awards-restaurant-and-chef-semifinalists,Ali Sabbah was a 2024 James Beard Best Chef: Mountain semifinalist for this Middle Eastern restaurant,2026-06-12
Walkers Grill,Billings,MT,,restaurants,small_market_local_dominance,https://www.ypradio.org/show/flavors-under-the-big-sky/2024-02-22/flavors-moment-2024-james-beard-foundation-semifinalists-best-chef-mountain-chefs-nick-steen-gullings-and-lee-johnson,Nick Steen Gullings was a 2024 James Beard Best Chef: Mountain semifinalist for this Billings fine-dining mainstay,2026-06-12
Rootstalk,Breckenridge,CO,,restaurants,small_market_local_dominance,https://www.axios.com/local/denver/2024/01/24/colorado-james-beard-awards-semifinalists-2024-chef-restaurants,Matt Vawter was a 2024 James Beard Best Chef: Mountain semifinalist (he won in 2025) for this resort-town tasting-menu restaurant,2026-06-12
Log Haven,Salt Lake City,UT,,restaurants,press_awards_recent_momentum,https://cordeliacle.com/press/here-are-the-2024-james-beard-awards-restaurant-and-chef-semifinalists,Dave Jones was a 2024 James Beard Best Chef: Mountain semifinalist for this destination canyon restaurant,2026-06-12
KBC,Dothan,AL,,restaurants,small_market_local_dominance,https://cordeliacle.com/press/here-are-the-2024-james-beard-awards-restaurant-and-chef-semifinalists,Top Chef winner Kelsey Barnard Clark was a 2024 James Beard Best Chef: South semifinalist for her Dothan restaurant,2026-06-12
Kadence,Orlando,FL,,restaurants,press_awards_recent_momentum,https://cordeliacle.com/press/here-are-the-2024-james-beard-awards-restaurant-and-chef-semifinalists,Jennifer and Mark Berdin were 2024 James Beard Best Chef: South semifinalists for this hard-to-book omakase counter,2026-06-12
Maty's,Miami,FL,,restaurants,press_awards_recent_momentum,https://cordeliacle.com/press/here-are-the-2024-james-beard-awards-restaurant-and-chef-semifinalists,Valerie Chang was a 2024 James Beard Best Chef: South semifinalist for this Peruvian restaurant,2026-06-12
Buccan,Palm Beach,FL,,restaurants,press_awards_recent_momentum,https://cordeliacle.com/press/here-are-the-2024-james-beard-awards-restaurant-and-chef-semifinalists,Clay Conley was a 2024 James Beard Best Chef: South semifinalist for this Palm Beach destination restaurant,2026-06-12
Conifer,Bentonville,AR,,restaurants,small_market_local_dominance,https://platedmag.com/james-beard-semifinalists/,Matt Cooper was a 2024 James Beard Best Chef: South semifinalist for this foraged tasting-menu restaurant in Bentonville,2026-06-12
Elvie's,Jackson,MS,,restaurants,small_market_local_dominance,https://cordeliacle.com/press/here-are-the-2024-james-beard-awards-restaurant-and-chef-semifinalists,Hunter Evans was a 2024 James Beard Best Chef: South semifinalist for this French-meets-Southern bistro,2026-06-12
Palm&Pine,New Orleans,LA,,restaurants,press_awards_recent_momentum,https://cordeliacle.com/press/here-are-the-2024-james-beard-awards-restaurant-and-chef-semifinalists,Amarys and Jordan Herndon were 2024 James Beard Best Chef: South semifinalists for this chef-owned restaurant,2026-06-12
Helen,Birmingham,AL,,restaurants,press_awards_recent_momentum,https://alabamanewscenter.com/2024/01/25/meet-alabamas-2024-james-beard-awards-semifinalists/,Rob McDaniel was a 2024 James Beard Best Chef: South semifinalist for this live-fire steakhouse-style restaurant,2026-06-12
Kabooki Sushi,Orlando,FL,,restaurants,press_awards_recent_momentum,https://cordeliacle.com/press/here-are-the-2024-james-beard-awards-restaurant-and-chef-semifinalists,Henry Moso was a 2024 James Beard Best Chef: South semifinalist for this chef-driven sushi restaurant,2026-06-12
Red or White,Mobile,AL,,restaurants,small_market_local_dominance,https://www.fox10tv.com/2024/01/25/mobile-chef-fairhope-restaurant-among-james-beard-award-semifinalists/,Arwen Rice was a 2024 James Beard Best Chef: South semifinalist; restaurant with a wine-shop-driven wine program,2026-06-12
Yeyo's El Alma de Mexico,Bentonville,AR,,restaurants,small_market_local_dominance,https://platedmag.com/james-beard-semifinalists/,Rafael Rios was a 2024 James Beard Best Chef: South semifinalist for this family-farm Mexican restaurant in Bentonville,2026-06-12
Mister Mao,New Orleans,LA,,restaurants,press_awards_recent_momentum,https://cordeliacle.com/press/here-are-the-2024-james-beard-awards-restaurant-and-chef-semifinalists,"Sophina Uong was a 2024 James Beard Best Chef: South semifinalist for this ""tropical roadhouse"" full-service restaurant",2026-06-12
Saffron,New Orleans,LA,,restaurants,press_awards_recent_momentum,https://cordeliacle.com/press/here-are-the-2024-james-beard-awards-restaurant-and-chef-semifinalists,Arvinder Vilkhu was a 2024 James Beard Best Chef: South semifinalist for this Indian-Creole restaurant,2026-06-12
El Chingon,Philadelphia,PA,,restaurants,press_awards_recent_momentum,https://www.nbcphiladelphia.com/entertainment/the-scene/2024-james-beard-award-nominees-include-chefs-restaurants-from-philly-region/3756062/,Carlos Aparicio was a 2024 James Beard Best Chef: Mid-Atlantic semifinalist for this Puebla-style BYOB,2026-06-12
Joon,Vienna,VA,,restaurants,press_awards_recent_momentum,https://washingtonian.com/2024/01/24/here-are-the-dc-area-james-beard-award-semifinalists-2024/,Najmieh Batmanglij and Christopher Morgan were 2024 James Beard Best Chef: Mid-Atlantic semifinalists for this Persian restaurant,2026-06-12
Centrolina,Washington,DC,,restaurants,press_awards_recent_momentum,https://washingtonian.com/2024/01/24/here-are-the-dc-area-james-beard-award-semifinalists-2024/,Amy Brandwein was a 2024 James Beard Best Chef: Mid-Atlantic semifinalist for this Italian osteria and market,2026-06-12
Gass & Main,Haddonfield,NJ,,restaurants,small_market_local_dominance,https://www.nbcphiladelphia.com/entertainment/the-scene/2024-james-beard-award-nominees-include-chefs-restaurants-from-philly-region/3756062/,Dane DeMarco was a 2024 James Beard Best Chef: Mid-Atlantic semifinalist for this small-town BYO tasting spot,2026-06-12
Korai Kitchen,Jersey City,NJ,,restaurants,press_awards_recent_momentum,https://cordeliacle.com/press/here-are-the-2024-james-beard-awards-restaurant-and-chef-semifinalists,Nur-E Gulshan Rahman was a 2024 James Beard Best Chef: Mid-Atlantic semifinalist for home-style Bangladeshi cuisine,2026-06-12
Bronze,Washington,DC,,restaurants,press_awards_recent_momentum,https://washingtonian.com/2024/01/24/here-are-the-dc-area-james-beard-award-semifinalists-2024/,Keem Hughley was a 2024 James Beard Best Chef: Mid-Atlantic semifinalist for this Afro-futurist full-service restaurant,2026-06-12
One Coastal,Fenwick Island,DE,,restaurants,small_market_local_dominance,https://cordeliacle.com/press/here-are-the-2024-james-beard-awards-restaurant-and-chef-semifinalists,Matt Kern was a 2024 James Beard Best Chef: Mid-Atlantic semifinalist for this beach-town destination restaurant,2026-06-12
Apteka,Pittsburgh,PA,,restaurants,press_awards_recent_momentum,https://goodfoodpittsburgh.com/pittsburgh-chefs-named-2024-james-beard-award-semifinalists/,Kate Lasky and Tomasz Skowronski were 2024 James Beard Best Chef: Mid-Atlantic semifinalists for this Eastern European restaurant,2026-06-12
Obelisk,Washington,DC,,restaurants,press_awards_recent_momentum,https://washingtonian.com/2024/01/24/here-are-the-dc-area-james-beard-award-semifinalists-2024/,Esther Lee was a 2024 James Beard Best Chef: Mid-Atlantic semifinalist for this prix-fixe Italian institution,2026-06-12
Hickory at Nicewonder Farm and Vineyards,Bristol,VA,,restaurants,small_market_local_dominance,https://patch.com/virginia/fallschurch/17-va-dc-restaurants-chefs-named-2024-james-beard-semifinalists,Travis Milton was a 2024 James Beard Best Chef: Mid-Atlantic semifinalist for Appalachian fine dining with an estate wine program,2026-06-12
Bas Rouge,Easton,MD,,restaurants,small_market_local_dominance,https://cordeliacle.com/press/here-are-the-2024-james-beard-awards-restaurant-and-chef-semifinalists,Harley Peet was a 2024 James Beard Best Chef: Mid-Atlantic semifinalist for this European fine-dining destination on the Eastern Shore,2026-06-12
River Twice,Philadelphia,PA,,restaurants,press_awards_recent_momentum,https://www.nbcphiladelphia.com/entertainment/the-scene/2024-james-beard-award-nominees-include-chefs-restaurants-from-philly-region/3756062/,Randy Rucker was a 2024 James Beard Best Chef: Mid-Atlantic semifinalist for this tasting-menu restaurant,2026-06-12
Rooster & Owl,Washington,DC,,restaurants,press_awards_recent_momentum,https://washingtonian.com/2024/01/24/here-are-the-dc-area-james-beard-award-semifinalists-2024/,Yuan Tang was a 2024 James Beard Best Chef: Mid-Atlantic semifinalist for this veggie-forward tasting-menu restaurant,2026-06-12
Marta,Baltimore,MD,,restaurants,press_awards_recent_momentum,https://dailyvoice.com/virginia/arlington/james-beard-semifinalists-dc-maryland-virginia-chefs-restaurants-make-the-cut/,Matthew Oetting was a 2024 James Beard Best Chef: Mid-Atlantic semifinalist for this Italian restaurant,2026-06-12
Smyrna,Charlottesville,VA,,restaurants,small_market_local_dominance,https://patch.com/virginia/fallschurch/17-va-dc-restaurants-chefs-named-2024-james-beard-semifinalists,Tarik Sengul was a 2024 James Beard Best Chef: Mid-Atlantic semifinalist for this Turkish restaurant,2026-06-12
Matia Kitchen,Orcas Island,WA,,restaurants,small_market_local_dominance,https://www.seattlemet.com/eat-and-drink/2024/01/seattle-2024-james-beard-semifninalists,Avery Adams was a 2024 James Beard Best Chef: Northwest semifinalist for this island destination restaurant,2026-06-12
The Table,Tacoma,WA,,restaurants,press_awards_recent_momentum,https://www.seattlemet.com/eat-and-drink/2024/01/seattle-2024-james-beard-semifninalists,Derek Bray was a 2024 James Beard Best Chef: Northwest semifinalist for this Tacoma fine-dining restaurant,2026-06-12
Communion,Seattle,WA,,restaurants,press_awards_recent_momentum,https://www.seattlemet.com/eat-and-drink/2024/01/seattle-2024-james-beard-semifninalists,"Kristi Brown was a 2024 James Beard Best Chef: Northwest semifinalist for ""Seattle Soul"" cooking",2026-06-12
MariPili Tapas Bar,Seattle,WA,,restaurants,press_awards_recent_momentum,https://seattlerefined.com/eat-drink/james-beard-award-semifinalists-2024-seattle-washington-communion-walrus-carpenter-bens-bread-maripili-off-alley,Grayson Corrales was a 2024 James Beard Best Chef: Northwest semifinalist for this Galician tapas restaurant,2026-06-12
Whisky & Ramen,Anchorage,AK,,restaurants,small_market_local_dominance,https://cordeliacle.com/press/here-are-the-2024-james-beard-awards-restaurant-and-chef-semifinalists,Michael Dodge was a 2024 James Beard Best Chef: Northwest semifinalist for this Japanese-influenced full-service restaurant,2026-06-12
Crafted,Yakima,WA,,restaurants,small_market_local_dominance,https://cordeliacle.com/press/here-are-the-2024-james-beard-awards-restaurant-and-chef-semifinalists,Dan Koommoo was a 2024 James Beard Best Chef: Northwest semifinalist for this Yakima chef-driven restaurant,2026-06-12
Off Alley,Seattle,WA,,restaurants,press_awards_recent_momentum,https://seattlerefined.com/eat-drink/james-beard-award-semifinalists-2024-seattle-washington-communion-walrus-carpenter-bens-bread-maripili-off-alley,Evan Leichtling was a 2024 James Beard Best Chef: Northwest semifinalist for this tiny hard-to-book nose-to-tail restaurant,2026-06-12
Okta,McMinnville,OR,,restaurants,small_market_local_dominance,https://www.pdxmonthly.com/eat-and-drink/2024/01/2024-oregon-james-beard-semifinalists,Matthew Lightner was a 2024 James Beard Best Chef: Northwest semifinalist for this wine-country tasting-menu destination,2026-06-12
Musang,Seattle,WA,,restaurants,press_awards_recent_momentum,https://www.seattlemet.com/eat-and-drink/2024/01/seattle-2024-james-beard-semifninalists,Melissa Miranda was a 2024 James Beard Best Chef: Northwest semifinalist for this Filipino restaurant,2026-06-12
The Pig and the Lady,Honolulu,HI,,restaurants,press_awards_recent_momentum,https://cordeliacle.com/press/here-are-the-2024-james-beard-awards-restaurant-and-chef-semifinalists,Andrew Le was a 2024 James Beard Best Chef: Northwest and Pacific semifinalist for this Vietnamese restaurant,2026-06-12
Nami Kaze,Honolulu,HI,,restaurants,press_awards_recent_momentum,https://cordeliacle.com/press/here-are-the-2024-james-beard-awards-restaurant-and-chef-semifinalists,Jason Peel was a 2024 James Beard Best Chef: Northwest and Pacific semifinalist for this Hawaii izakaya,2026-06-12
Marlow,Pukalani,HI,,restaurants,small_market_local_dominance,https://cordeliacle.com/press/here-are-the-2024-james-beard-awards-restaurant-and-chef-semifinalists,Jeff Scheer was a 2024 James Beard Best Chef: Northwest and Pacific semifinalist for this upcountry Maui restaurant,2026-06-12
In Bocca Al Lupo,Juneau,AK,,restaurants,small_market_local_dominance,https://cordeliacle.com/press/here-are-the-2024-james-beard-awards-restaurant-and-chef-semifinalists,Beau Schooler was a 2024 James Beard Best Chef: Northwest semifinalist for this Italian restaurant in Juneau,2026-06-12
Bar Futo,Portland,ME,,restaurants,press_awards_recent_momentum,https://www.pressherald.com/2024/01/24/james-beard-foundation-names-10-semifinalists-from-maine/,Ian Driscoll was a 2024 James Beard Best Chef: Northeast semifinalist for this Japanese-inspired restaurant,2026-06-12
The Honey Paw,Portland,ME,,restaurants,press_awards_recent_momentum,https://www.pressherald.com/2024/01/24/james-beard-foundation-names-10-semifinalists-from-maine/,Valerie Goldman was a 2024 James Beard Best Chef: Northeast semifinalist for this Asian-influenced noodle-forward restaurant,2026-06-12
The Shipwright's Daughter,Mystic,CT,,restaurants,small_market_local_dominance,https://www.fox61.com/article/life/food/connecticut-restaurants-chefs-recognized-as-semifinalists-in-james-beard-awards/520-96bf22a6-35b3-49cc-9ae1-753c8fb8868b,David Standridge was a 2024 James Beard Best Chef: Northeast semifinalist for this sustainable-seafood destination in Mystic,2026-06-12
Foglia,Bristol,RI,,restaurants,small_market_local_dominance,https://blog.visitnewengland.com/james-beard-award-2024-best-chef-semifinalists-connecticut-rhode-island-maine/,Peter Carvelli was a 2024 James Beard Best Chef: Northeast semifinalist for this Italian restaurant,2026-06-12
Jahunger,Providence,RI,,restaurants,press_awards_recent_momentum,https://blog.visitnewengland.com/james-beard-award-2024-best-chef-semifinalists-connecticut-rhode-island-maine/,Subat Dilmurat was a 2024 James Beard Best Chef: Northeast semifinalist for this Uyghur restaurant,2026-06-12
Dolores,Providence,RI,,restaurants,press_awards_recent_momentum,https://blog.visitnewengland.com/james-beard-award-2024-best-chef-semifinalists-connecticut-rhode-island-maine/,Maria Meza was a 2024 James Beard Best Chef: Northeast semifinalist for this Oaxacan restaurant,2026-06-12
Sanaa's Gourmet Mediterranean,Sioux Falls,SD,,restaurants,small_market_local_dominance,https://cordeliacle.com/press/here-are-the-2024-james-beard-awards-restaurant-and-chef-semifinalists,Sanaa Abourezk was a 2024 James Beard Best Chef: Midwest semifinalist for this Mediterranean restaurant,2026-06-12
Odd Duck,Milwaukee,WI,,restaurants,press_awards_recent_momentum,https://www.tmj4.com/news/local-news/six-milwaukee-based-chefs-named-as-semifinalists-for-the-2024-james-beard-awards,Ross Bachhuber and Samuel Ek were 2024 James Beard Best Chef: Midwest semifinalists for this eclectic small-plates restaurant,2026-06-12
BernBaum's,Fargo,ND,,restaurants,small_market_local_dominance,https://cordeliacle.com/press/here-are-the-2024-james-beard-awards-restaurant-and-chef-semifinalists,Andrea Baumgardner was a 2024 James Beard Best Chef: Midwest semifinalist for this Nordic-Jewish restaurant,2026-06-12
Chef Shack Bay City,Bay City,WI,,restaurants,small_market_local_dominance,https://cordeliacle.com/press/here-are-the-2024-james-beard-awards-restaurant-and-chef-semifinalists,Lisa Carlson and Carrie Summer were 2024 James Beard Best Chef: Midwest semifinalists for this small-town destination restaurant,2026-06-12
Plant,Asheville,NC,,restaurants,press_awards_recent_momentum,https://wlos.com/amp/news/local/restaurants-chefs-semifinalists-2024-james-beard-awards-asheville-market-place-gideon-ridge-inn-jason-sellers-kanlaya-gun-supachana,Jason Sellers was a 2024 James Beard Best Chef: Southeast semifinalist for this vegan fine-dining restaurant,2026-06-12
Puma Yu's,Athens,GA,,restaurants,small_market_local_dominance,https://styleblueprint.com/everyday/james-beard-awards-semifinalists/,Pete Amadhanirundr was a 2024 James Beard Best Chef: Southeast semifinalist for this Thai-influenced Athens restaurant,2026-06-12
Tio Lucho's,Atlanta,GA,,restaurants,press_awards_recent_momentum,https://styleblueprint.com/everyday/james-beard-awards-semifinalists/,Arnaldo Castillo was a 2024 James Beard Best Chef: Southeast semifinalist for Atlanta's first Peruvian restaurant,2026-06-12
Southern National,Atlanta,GA,,restaurants,press_awards_recent_momentum,https://styleblueprint.com/everyday/james-beard-awards-semifinalists/,Duane Nutter was a 2024 James Beard Best Chef: Southeast semifinalist for this modern Southern restaurant,2026-06-12
The Fat Lamb,Louisville,KY,,restaurants,press_awards_recent_momentum,https://styleblueprint.com/everyday/james-beard-awards-semifinalists/,Dallas McGarity was a 2024 James Beard Best Chef: Southeast semifinalist for this contemporary comfort restaurant,2026-06-12
1010 Bridge,Charleston,WV,,restaurants,small_market_local_dominance,https://www.wvgazettemail.com/life/food_and_dining/2-wv-chefs-named-as-beard-semifinalists-1-picked-for-2nd-straight-year/article_a5a04e28-4119-5cf5-9e3a-5661e5d3c118.html,Paul Smith (2024 Best Chef: Southeast semifinalist and eventual winner) leads this Charleston WV fine-dining restaurant,2026-06-12
