name,city,state,website,vertical,source_strategy,source_url,evidence,date_added
Moonflower Bakes,Austin,TX,https://www.moonflowerbakes.com/,bakeries,state_sweep_best_of,https://www.moonflowerbakes.com/,"Artisan sourdough with insanely crispy crust, called best sourdough in town",2026-06-16
Abby Jane Bakeshop,Austin,TX,https://abbyjanebakes.com/,bakeries,language_lane_naturally_leavened,https://abbyjanebakes.com/,Legendary sourdough and baguettes using 100% freshly milled Texas grains at Barton Springs Mill,2026-06-16
Comadre Panaderia,Austin,TX,,bakeries,state_sweep_best_of,https://www.theinfatuation.com/austin/guides/best-bakeries-austin,"Award-winning pan-Latinx bakery with savory sourdough croissants, brick-and-mortar room",2026-06-16
Artisana Bread,Houston,TX,,bakeries,state_sweep_best_of,https://houstonfoodfinder.com/foodfinds/houstons-best-bakeries-for-bread/,Small-batch artisan bakery renowned for organic sourdoughs using ancient wheat like einkorn and spelt,2026-06-16
La Panaderia,San Antonio,TX,,bakeries,language_lane_naturally_leavened,https://spotsanantonio.com/spots-for-sourdough-bread-in-san-antonio,Specializes in long-cultured bread with 48-hour fermentation; named a top artisanal bakery in North America,2026-06-16
Bear Bread Bakery,San Antonio,TX,https://bearbreadsa.com/,bakeries,state_sweep_best_of,https://bearbreadsa.com/,"Bakery specializing in freshly baked sourdough from a homemade SA starter, Dutch oven method",2026-06-16
Blue Gourmet,Dallas,TX,https://www.bluegourmetusa.com/,bakeries,state_sweep_best_of,https://www.bluegourmetusa.com/,Artisan bakery leavening dough with natural starters in Dallas,2026-06-16
Bella Cora Bakery,El Paso,TX,,bakeries,state_sweep_best_of,https://www.yopabakery.com/best-bakery-shops-el-paso-texas/,"French-inspired bakery with sourdough loaves dropping Thursdays, open since 2012",2026-06-16
Olive & Poppy Italian Bakery,El Paso,TX,,bakeries,state_sweep_best_of,https://www.yopabakery.com/best-bakery-shops-el-paso-texas/,El Paso's pioneering Italian bakery offering artisan baked goods with a storefront,2026-06-16
The Black Rooster Bakery,Fort Worth,TX,,bakeries,state_sweep_best_of,https://www.papercitymag.com/restaurants/best-bakeries-in-fort-worth-pie-cakes/,Consistently ranked among the top sourdough bread bakeries in Fort Worth,2026-06-16
Semitas La Mera Yema,Miami,FL,https://semitaslamerayema.com/sourdough-bread-miami/,bakeries,state_sweep_best_of,https://semitaslamerayema.com/sourdough-bread-miami/,"Identified as Miami's fresh artisan sourdough, a favorite among locals",2026-06-16
Osono Bread,Miami,FL,https://www.osonobread.com/,bakeries,language_lane_naturally_leavened,https://www.osonobread.com/,Miami artisan bakery known for naturally leavened sourdough breads and pastries,2026-06-16
Nonna's Bread,Tampa,FL,https://nonnasbread.com/,bakeries,state_sweep_best_of,https://nonnasbread.com/,"Tampa's top artisan bakery, traditional sourdough and rye, long fermentation no yeast or sugar",2026-06-16
Sassypants Sourdough,Tampa,FL,https://www.sassypantssourdough.com/,bakeries,state_sweep_best_of,https://www.sassypantssourdough.com/,Veteran-owned craft bakery specializing in individual-batch organic sourdough loaves,2026-06-16
Tampa Sourdough Co.,Tampa,FL,https://tampasourdoughco.com/,bakeries,state_sweep_best_of,https://tampasourdoughco.com/,German-influenced bakery making old-world sourdough boules,2026-06-16
Olde Hearth Bread Company,Orlando,FL,,bakeries,state_sweep_best_of,https://tastychomps.com/2025/03/inside-look-sourdough-breadhouse-in-casselberry.html,Orlando's original artisan bakery serving natural fresh-baked breads,2026-06-16
Jax Bread Co.,Jacksonville,FL,https://www.jaxbread.com/,bakeries,state_sweep_best_of,https://www.jaxbread.com/about,Traditional artisan bread bakery making French-style sourdoughs from a 14-year-old levain starter,2026-06-16
The French Pantry,Jacksonville,FL,,bakeries,state_sweep_best_of,https://www.aol.com/articles/best-artisan-bread-jacksonville-4-101517611.html,Listed among Jacksonville's must-visit artisan bread bakeries,2026-06-16
1748 Bakehouse,Jacksonville,FL,,bakeries,state_sweep_best_of,https://www.aol.com/articles/best-artisan-bread-jacksonville-4-101517611.html,Notable Jacksonville sourdough bread bakery among the best,2026-06-16
Bread Bandits,Sarasota,FL,,bakeries,state_sweep_best_of,https://www.sarasotamagazine.com/eat-and-drink/2023/11/best-bakeries-sarasota,Artisan loaves with natural starters and long fermentation; owner is a sixth-generation baker,2026-06-16
The Bakero,Sarasota,FL,https://thebakero.com/,bakeries,state_sweep_best_of,https://thebakero.com/,"European-style bakery and cafe making real sourdough with four ingredients, no shortcuts",2026-06-16
Atria,Sarasota,FL,,bakeries,language_lane_naturally_leavened,https://www.sarasotamagazine.com/eat-and-drink/2023/11/best-bakeries-sarasota,"Makes sourdough loaf with freshly milled grain, milling its own flour on site",2026-06-16
Camelot Breads,Sarasota,FL,,bakeries,state_sweep_best_of,https://www.sarasotamagazine.com/eat-and-drink/2023/11/best-bakeries-sarasota,Family bakery creating bread from a sourdough starter with great texture,2026-06-16
Naples Sourdough Company,Naples,FL,https://naplessourdough.com/,bakeries,state_sweep_best_of,https://naplessourdough.com/,"Slow-fermented 48-hour sourdough, each loaf handcrafted with active starter",2026-06-16
Landert Bread,Naples,FL,,bakeries,state_sweep_best_of,https://naplesfloridarentals.com/blog/the-best-bread-in-naples-3-local-spots-worth-a-stop,"Crusty sourdough, protein, and multi-grain breads at a Naples storefront",2026-06-16
Sour & Dough Artisan Bakery,Fort Myers,FL,https://www.souranddoughbakery.com/,bakeries,state_sweep_best_of,https://www.souranddoughbakery.com/,French-styled artisan bakery serving sourdough crafted with traditional French techniques,2026-06-16
Bread Artist,Venice,FL,https://breadartist.com/,bakeries,language_lane_naturally_leavened,https://breadartist.com/,"Every loaf naturally leavened with wild yeast, shaped by hand",2026-06-16
Simply Bread,Satellite Beach,FL,https://www.simplybreadforyou.com/,bakeries,language_lane_naturally_leavened,https://www.simplybreadforyou.com/,"Naturally leavened bread fermented minimum 20 hours, baked in a stone-lined oven",2026-06-16
Lore Bakehouse,Orlando,FL,https://www.lorebakehouse.com/,bakeries,language_lane_naturally_leavened,https://www.lorebakehouse.com/,Florida artisan bread bakery shop featured among naturally leavened sourdough makers,2026-06-16
The Sourdough Stand,Columbus,OH,https://thesourdoughstand.com/,bakeries,state_sweep_best_of,https://thesourdoughstand.com/,Artisan sourdough using ancient and heirloom grains in Columbus,2026-06-16
Omega Artisan Baking,Columbus,OH,,bakeries,language_lane_naturally_leavened,https://columbusunderground.com/ohios-own-old-world-sensibilities-at-rush-creek-bread-ma1/,"Uses whole grains and fresh-milled wheat, handcrafts all breads free from preservatives",2026-06-16
Boujee Bread,Cleveland,OH,https://heavenlydelightsbakery.com/bakery-near-me/boujee-bread-handcrafted-sourdough/,bakeries,state_sweep_best_of,https://heavenlydelightsbakery.com/bakery-near-me/boujee-bread-handcrafted-sourdough/,Women-owned artisan bakery specializing in world-class sourdough and focaccia,2026-06-16
Atticus Bread Co.,Cincinnati,OH,https://www.atticusbreadco.com/,bakeries,state_sweep_best_of,https://www.atticusbreadco.com/,Cincinnati artisan bread bakery featured in local best bread bakeries coverage,2026-06-16
Em's Sourdough Bread,Cincinnati,OH,https://www.facebook.com/emsbread/,bakeries,state_sweep_best_of,https://www.cincinnatimagazine.com/features/three-of-the-best-local-bread-bakeries-in-town/,"Must-try sourdough at Findlay Market, bread baked fresh daily",2026-06-16
The Farm On Central,Dayton,OH,https://farmoncentral.com/sourdough-bakery/,bakeries,state_sweep_best_of,https://farmoncentral.com/sourdough-bakery/,Sourdough bakery serving the Dayton and Springboro area,2026-06-16
Boosalis Baking and Cafe,Dayton,OH,,bakeries,state_sweep_best_of,https://www.yelp.com/search?find_desc=Artisan+Bakery&find_loc=Dayton%2C+OH,Artisan bakery among the top Dayton-area sourdough and bread options,2026-06-16
Ochre Bakery,Detroit,MI,,bakeries,language_lane_naturally_leavened,https://everafterinthewoods.com/this-little-michigan-bakery-is-known-for-some-of-the-best-sourdough-around/,"Breads and pastries made with natural leavening, ranked best new restaurant by Bon Appetit",2026-06-16
Field & Fire,Grand Rapids,MI,,bakeries,state_sweep_best_of,https://wanderlog.com/place/details/1417010/field--fire,Beloved Grand Rapids bakery known for exceptional bread including Italian White and sourdough,2026-06-16
Schnitz Bakery,Grand Rapids,MI,https://wanderlog.com/place/details/4357314/schnitz-bakery,bakeries,state_sweep_best_of,https://wanderlog.com/place/details/4357314/schnitz-bakery,Grand Rapids bakery praised for fresh sliced sourdough bread,2026-06-16
Common Good Bakery,Traverse City,MI,https://www.commongoodbakery.com/,bakeries,state_sweep_best_of,https://www.commongoodbakery.com/,"Award-winning artisan bakery, signature sourdough 40% whole grain, 36-hour fermentation",2026-06-16
SAMAHA Bakery,Traverse City,MI,https://www.samahabakery.com/,bakeries,state_sweep_best_of,https://www.samahabakery.com/,Family-owned Northern Michigan artisan bakery creating exceptional sourdough breads,2026-06-16
Stone House Bread,Traverse City,MI,https://stonehousebread.com/,bakeries,state_sweep_best_of,https://stonehousebread.com/,"Known for legendary long-fermented sourdough, founded 1995, retail presence",2026-06-16
Rising Bread,Milwaukee,WI,https://www.risingbreadwi.com/bread-menu/,bakeries,language_lane_naturally_leavened,https://www.risingbreadwi.com/bread-menu/,"Naturally leavened, long-fermented sourdough with farm-fresh Wisconsin ingredients",2026-06-16
ORiGIN Breads,Madison,WI,https://www.originbreads.com/,bakeries,language_lane_naturally_leavened,https://www.originbreads.com/,Handcrafted long-fermented sourdough using 100% regionally grown stone-milled organic grains,2026-06-16
Muddy Fork Bakery,Bloomington,IN,https://muddyforkbakery.com/,bakeries,state_sweep_best_of,https://muddyforkbakery.com/,Indiana's only wood-fired brick-oven bakery making organic sourdough and whole-grain breads,2026-06-16
Bread & Bake,St. Louis,MO,https://www.breadandbake.com/,bakeries,language_lane_naturally_leavened,https://www.breadandbake.com/,"72-hour fermentation sourdough, just whole-grain flour water and salt, no shortcuts",2026-06-16
Poupart's Bakery,Lafayette,LA,,bakeries,state_sweep_best_of,https://www.lafayettetravel.com/blog/stories/post/fresh-baked-bread-in-lafayette-la/,"True boulangerie established 1967, breads made fresh daily including sourdough",2026-06-16
Goldfinch Bakery,Nashville,TN,https://goeatyourbreadwithjoy.com/meet-nashville-sourdough-baker-william-kruse-of-goldfinch-bakery/,bakeries,state_sweep_best_of,https://goeatyourbreadwithjoy.com/meet-nashville-sourdough-baker-william-kruse-of-goldfinch-bakery/,Specializes in locally made naturally fermented breads by a baker with two decades experience,2026-06-16
The Sourdough Lodge,Nashville,TN,https://sourdoughlodgebakery.com/,bakeries,state_sweep_best_of,https://sourdoughlodgebakery.com/,Woman-owned Nashville bakery making sourdough loaves with organic flour and natural starter,2026-06-16
The Ginger's Bread & Co,Memphis,TN,,bakeries,state_sweep_best_of,https://wanderlog.com/list/geoCategory/5449/best-bakeries-in-memphis,Husband-and-wife team making all things sourdough fresh every day in Midtown,2026-06-16
Hustle & Dough,Memphis,TN,,bakeries,state_sweep_best_of,https://wanderlog.com/list/geoCategory/5449/best-bakeries-in-memphis,Highly-rated for sourdough and artisan bread in Memphis,2026-06-16
Hillside Bakery,Knoxville,TN,https://www.hillside-bakery.com/,bakeries,language_lane_naturally_leavened,https://www.hillside-bakery.com/,"Handcrafted whole-grain sourdough breads, whole grains stone-ground in the bakery before each bake",2026-06-16
Paysan Bread,Knoxville,TN,,bakeries,state_sweep_best_of,https://www.visitknoxville.com/blog/post/where-to-find-sourdough-bread-in-knoxville/,Two locations offering country sourdough and bagels,2026-06-16
Bread and Butter,Chattanooga,TN,,bakeries,state_sweep_best_of,https://www.cha.guide/explore/baked-delights-a-tasty-tour-of-chattanoogas-top-artisanal-bakeries,Artisan bakery and market specializing in European and West Coast style sourdough breads,2026-06-16
Radical Bread Co.,Charleston,SC,https://www.radicalbreadco.com/,bakeries,state_sweep_best_of,https://www.radicalbreadco.com/,"Sourdough-focused bakery with 48-hour ferment, original and specialty loaves",2026-06-16
Brandon's Bread,Charleston,SC,,bakeries,language_lane_naturally_leavened,https://charlestonmag.com/features/bread_winners_here_s_where_to_find_the_best_crusty_baguettes_hearty_loaves_and_tangy,Naturally leavened sourdough made with grains grown and milled across the Carolinas,2026-06-16
Sour & Salt Bakery,Columbia,SC,https://www.lakemurraycountry.com/businesses/sour-salt-bakery/,bakeries,state_sweep_best_of,https://www.lakemurraycountry.com/businesses/sour-salt-bakery/,"Specializes in authentic sourdough bread and pastries with a maintained starter, Rosewood Drive",2026-06-16
Crust Bakehouse,Columbia,SC,,bakeries,state_sweep_best_of,https://whenincolumbia.com/best-bakeries-in-columbia/,"House Rosewood sourdough, multigrain, ciabatta and baguettes; many think best bread in Columbia",2026-06-16
Henry's Bread Kitchen,Columbia,SC,,bakeries,language_lane_naturally_leavened,https://whenincolumbia.com/best-bakeries-in-columbia/,"Custom breads using sprouted whole wheat, ancient grains and natural wild yeast",2026-06-16
Breaking Bread 803,Columbia,SC,,bakeries,state_sweep_best_of,https://www.yelp.com/search?find_desc=Sourdough+Bread&find_loc=Columbia%2C+SC,Among the top sourdough bread bakeries in Columbia,2026-06-16
OWL Bakery,Asheville,NC,,bakeries,language_lane_naturally_leavened,https://www.exploreasheville.com/article/ashevilles-rising-bread-scene-where-tradition-meets-innovation,"Old World Levain bakery making real sourdough with only starter, no commercial yeast",2026-06-16
Annie's Bakery,Asheville,NC,https://www.anniesbread.com/,bakeries,language_lane_naturally_leavened,https://www.anniesbread.com/,Makes loaves the old-world way with slow natural fermentation taking 48-72 hours,2026-06-16
Dukes Bread,Charlotte,NC,https://dukesbread.com/,bakeries,state_sweep_best_of,https://dukesbread.com/,"Artisan breads with a 200-year-old sourdough starter aged up to 24 hours, founded 2010",2026-06-16
The Accidental Baker,Charlotte,NC,,bakeries,state_sweep_best_of,https://www.aol.com/news/bakery-specializing-sourdough-gluten-free-172612420.html,"Bakery specializing in sourdough using organic ingredients, opened recently",2026-06-16
Copain Bakery & Provisions,Charlotte,NC,,bakeries,state_sweep_best_of,https://www.yelp.com/search?find_desc=Sourdough+Bread&find_loc=Charlotte%2C+NC,Listed among the top sourdough bread bakeries in Charlotte,2026-06-16
Ninth Street Bakery,Durham,NC,https://www.ninthstbakery.com/,bakeries,language_lane_naturally_leavened,https://www.ninthstbakery.com/,"Crusty artisan bread bursting with natural levain flavors, sourdough French bread",2026-06-16
Little Loaf Bakery and Schoolhouse,Wilmington,NC,,bakeries,state_sweep_best_of,https://www.allamericanatlas.com/bakeries-in-wilmington-north-carolina/,Bakery with 14 types of bread including renowned sourdough,2026-06-16
Rosalind Bakery,Pacifica,CA,https://www.rosalindbakery.com/,bakeries,language_lane_naturally_leavened,https://www.rosalindbakery.com/,"Production facility and storefront in Pacific Manor opened 2019, sourdough and pastries naturally-leavened and baked fresh daily by hand",2026-06-16
Bastion Bakery,Los Angeles,CA,https://www.bastionbakery.com/,bakeries,language_lane_naturally_leavened,https://www.bastionbakery.com/,Storefront at Grand Central Market serving naturally leavened French sourdough using organic California whole-grain flour,2026-06-16
Saint Pete's Bakery,Los Angeles,CA,https://saintpetesbakery.com/,bakeries,language_lane_naturally_leavened,https://saintpetesbakery.com/products/sourdough-boule,Sourdough loaves naturally leavened with wild yeast and a 24-hour cold ferment before baking,2026-06-16
The Bread Board,Falls City,OR,https://www.thebreadboard.net/,bakeries,language_lane_wood_fired,https://traveloregon.com/things-to-do/eat-drink/artisan-producers/the-bread-board/,Artisan bakery using wild yeast sourdough starters and hearth-baking in the largest wood fired bread oven in Oregon,2026-06-16
Farmstead Bread,Myrtle Point,OR,http://www.farmsteadbread.com/,bakeries,language_lane_wood_fired,http://www.farmsteadbread.com/,"Community Supported Bakery baking handmade wood fired loaves in a wood-fire brick oven, uses freshly milled wheat",2026-06-16
Rise Up Bakery,Ashland,OR,https://rogueproduce.com/2024/03/13/rise-up-bakery-local-artisan-bread/,bakeries,language_lane_wood_fired,https://rogueproduce.com/2024/03/13/rise-up-bakery-local-artisan-bread/,Southern Oregon bakery with a 13-foot wood-burning oven baking local artisan bread,2026-06-16
Mountain Oven Organic Bakery & Millhouse,Paonia,CO,https://www.mountainoven.com/,bakeries,language_lane_stone_milled,https://www.mountainoven.com/,Organic bakery and millhouse grinding whole grain flours in-house daily and fermenting with a high-altitude sourdough culture,2026-06-16
Kinship Bread,Denver,CO,https://kinshipbread.com/,bakeries,language_lane_stone_milled,https://kinshipbread.com/,Sourdough bread made with organic stone milled Colorado flour,2026-06-16
Swells Sourdough Bakery,Denver,CO,https://swellssourdough.com/,bakeries,language_lane_naturally_leavened,https://swellssourdough.com/,Colorado sourdough bakery emphasizing naturally fermented bread,2026-06-16
Bakery Brera,New York,NY,https://bakerybrera.com/,bakeries,language_lane_naturally_leavened,https://bakerybrera.com/product/pain-au-levain/,Freshly baked artisan breads including pain au levain sourdough made with fine flours from France and Japan,2026-06-16
Verdant Crumb,Seattle,WA,https://verdantcrumb.com/,bakeries,language_lane_fresh_milled,https://verdantcrumb.com/,"West Seattle artisan sourdough bakery using local, fresh Washington-milled wheat",2026-06-16
CRUMB Sourdough Bakery,Seattle,WA,https://www.crumbsourdoughbakery.com/,bakeries,language_lane_fresh_milled,https://www.crumbsourdoughbakery.com/,"Bakery fermenting dough and baking fresh each week using organic, freshly milled flour",2026-06-16
Dorothy's Bakery,Chicago,IL,https://www.dorothyschicago.com/,bakeries,language_lane_naturally_leavened,https://www.dorothyschicago.com/,"Lincoln Park storefront serving artisan sourdough breads, pastries and bagel sandwiches",2026-06-16
Chef SEBA,Des Plaines,IL,https://chefseba.com/,bakeries,language_lane_naturally_leavened,https://chefseba.com/,Handcrafted naturally fermented artisan sourdough bread baked fresh with organic ingredients,2026-06-16
The Ancestral Oven,Oak Lawn,IL,https://www.theancestraloven.com/,bakeries,language_lane_naturally_leavened,https://www.theancestraloven.com/,Full-fledged bakery and cafe specializing in authentic handcrafted sourdough bread,2026-06-16
Nourish,Chicago,IL,https://www.nourish.biz/,bakeries,language_lane_fresh_milled,https://www.nourish.biz/,Sourdough bakery featuring freshly-milled Illinois-grown organic and heirloom grains,2026-06-16
Dead King Bread,Philadelphia,PA,https://deadkingbread.myshopify.com/,bakeries,language_lane_naturally_leavened,https://deadkingbread.myshopify.com/,Located inside Manayunk Timber specializing in sourdough breads and naturally leavened tomato pie,2026-06-16
Merzbacher's,Philadelphia,PA,https://www.merzbachers.com/,bakeries,language_lane_naturally_leavened,https://www.merzbachers.com/,Philadelphia bakery crafting naturally leavened Citywide Sourdough,2026-06-16
Hominy Farm,Asheville,NC,https://www.hominyfarm.com/,bakeries,language_lane_wood_fired,https://www.hominyfarm.com/,Bakery focused on wood fired sourdough breads using a historic Turtlerock wood fired oven,2026-06-16
The Yeasty Boys Bakery,Edina,MN,https://www.theyeastyboysbakery.com/,bakeries,language_lane_naturally_leavened,https://www.theyeastyboysbakery.com/order/p/artisan-sourdough-2,"Sourdough bread naturally leavened with starter, made with only flour, salt and water",2026-06-16
Baker's Field Flour and Bread,Minneapolis,MN,https://www.bakersfieldflourandbread.com/,bakeries,language_lane_stone_milled,https://www.bakersfieldflourandbread.com/,Flour and bread bakery milling grain and baking naturally leavened loaves,2026-06-16
Farm Club,Traverse City,MI,https://www.farmclubtc.com/bakery,bakeries,language_lane_stone_milled,https://www.farmclubtc.com/bakery,"All baked goods made with organic Michigan-grown grains milled on their on-site stone mills, bread naturally leavened and fermented 12-24 hours",2026-06-16
Independent Baking Co.,Athens,GA,https://www.independentbaking.com/,bakeries,language_lane_naturally_leavened,https://www.independentbaking.com/,Athens bakery offering naturally leavened breads with unique ingredients,2026-06-16
Georgia Sourdough Co.,Atlanta,GA,https://georgiasourdoughco.com/,bakeries,language_lane_naturally_leavened,https://georgiasourdoughco.com/,Handmade naturally leavened products made with whole ingredients in Atlanta,2026-06-16
Emeraude Bakery,Mt. Juliet,TN,https://mainstreetmediatn.com/articles/chronicleofmtjuliet/the-emeraude-bakery-has-sourdough-bread-as-its-featured-attraction/,bakeries,language_lane_naturally_leavened,https://mainstreetmediatn.com/articles/chronicleofmtjuliet/the-emeraude-bakery-has-sourdough-bread-as-its-featured-attraction/,Bakery with sourdough bread as its featured attraction,2026-06-16
Grain + Honey Bake Shop,Springfield,TN,https://marketwagon.com/vendor.php?id=3318,bakeries,language_lane_naturally_leavened,https://marketwagon.com/vendor.php?id=3318,"Family-owned sourdough bread bakery, first location opened in Springfield in 2019",2026-06-16
Seasons Yield Farm Bakery,Lexington,VA,https://seasonsyieldfarm.com/,bakeries,language_lane_wood_fired,https://seasonsyieldfarm.com/,Organic wood-fired sourdough breads and pastries with a storefront at Wildberry Market and Seasons cafe in downtown Lexington,2026-06-16
Slow Dough Bread Co.,Houston,TX,https://www.slowdoughbreadco.com/bakery/,bakeries,language_lane_naturally_leavened,https://www.slowdoughbreadco.com/bakery/,"All-natural bakery delivering fresh breads daily in Houston, Austin and San Antonio",2026-06-16
Panis Vivus,Dover,NH,https://www.odbread.com/,bakeries,language_lane_naturally_leavened,https://www.odbread.com/,Artisan bakery offering fresh artisan sourdough bread for pickup in Dover,2026-06-16
Shoreline Yeast,Guilford,CT,https://www.shorelineyeast.com/,bakeries,language_lane_naturally_leavened,https://www.shorelineyeast.com/,Artisan bakery making naturally leavened sourdough in Guilford,2026-06-16
Mama Loebs Sourdough,Nampa,ID,https://www.mlsourdough.com/,bakeries,language_lane_naturally_leavened,https://www.mlsourdough.com/,Old World style bakery specializing in artisanal homemade breads in Boise and Nampa,2026-06-16
Nour Bread,Kansas City,MO,https://nourbread.com/,bakeries,language_lane_naturally_leavened,https://nourbread.com/,"Kansas City microbakery offering small-batch naturally leavened sourdough with organic, locally sourced ingredients",2026-06-16
Armour Hills Bakery,Kansas City,MO,https://www.armourhillsbakery.com/,bakeries,language_lane_naturally_leavened,https://www.armourhillsbakery.com/order,Kansas City bakery selling artisan sourdough bread,2026-06-16
Luna Bakery KC,Kansas City,MO,https://www.lunabakerykc.com/,bakeries,language_lane_naturally_leavened,https://www.lunabakerykc.com/,Kansas City artisan sourdough bakery,2026-06-16
Kneads,Westport,CT,https://ctvisit.com/listings/kneads,bakeries,language_lane_fresh_milled,https://ctvisit.com/listings/kneads,"Family-run bakery, cafe and flour mill using a New American Stone Mill to make 100% whole grain organic flour for breads baked on site daily",2026-06-16
Bread & Culture,Flemington,NJ,https://www.breadandculture.com/,bakeries,language_lane_stone_milled,https://www.breadandculture.com/,"Small-batch bakery using local whole grains and stone-milled flours, sourdough starts with a 12-hour levain",2026-06-16
South County Bread Company,Wakefield,RI,https://www.southcountybread.com/,bakeries,language_lane_fresh_milled,https://www.southcountybread.com/,Family-owned bakery with in-house milled grains and a sourdough starter at the base of everything,2026-06-16
La Boulangerie,New Orleans,LA,https://countryroadsmagazine.com/cuisine/Louisiana-foodways/reflections_sourdough/,bakeries,language_lane_naturally_leavened,https://countryroadsmagazine.com/cuisine/Louisiana-foodways/reflections_sourdough/,New Orleans bakery doing a roaring trade in naturally leavened sourdough,2026-06-16
Wiltshire Bakery,Louisville,KY,https://thebluegrassvillageblog.com/the-top-ten-places-to-get-fresh-sourdough-bread-in-kentucky/,bakeries,language_lane_naturally_leavened,https://thebluegrassvillageblog.com/the-top-ten-places-to-get-fresh-sourdough-bread-in-kentucky/,Louisville bakery making sourdough bread via natural fermentation with local and organic ingredients,2026-06-16
Heritage Rise Sourdough,Elk Grove,CA,https://heritagerisesourdough.com/,bakeries,language_lane_naturally_leavened,https://heritagerisesourdough.com/,Home-based storefront in Elk Grove handcrafting items using a sourdough starter passed down since the 1790s,2026-06-16
Sacramento Sourdough,Sacramento,CA,https://www.sacramento-sourdough.com/,bakeries,language_lane_naturally_leavened,https://www.sacramento-sourdough.com/,Long-standing Sacramento bakery turning out natural sourdough for over three decades,2026-06-16
Hudson Bread,North Bergen,NJ,https://hudsonbread.com/,bakeries,language_lane_naturally_leavened,https://hudsonbread.com/,Artisan bread bakery offering a full range of sourdough loaves,2026-06-16
Leaven & Co.,New York,NY,https://www.leavenco.nyc/,bakeries,language_lane_naturally_leavened,https://www.leavenco.nyc/,NYC bakery focused on naturally leavened bread,2026-06-16
Metropol Bakery,Eugene,OR,https://metropolbakery.com/,bakeries,language_lane_naturally_leavened,https://metropolbakery.com/breads.html,Eugene bakery making all breads with four simple ingredients and sourdough starter developed with native yeasts,2026-06-16
The Bread Stop Bakery,Eugene,OR,https://www.thebreadstop.com/,bakeries,language_lane_naturally_leavened,https://www.thebreadstop.com/,Eugene bakery and cafe baking artisan sourdough,2026-06-16
Nashville Sourdough,Greenbrier,TN,https://nashvillesourdough.com/,bakeries,language_lane_naturally_leavened,https://nashvillesourdough.com/,Woman-owned micro-bakery dedicated entirely to the art of sourdough with simple clean ingredients,2026-06-16
Izzio Bakery,Louisville,CO,https://www.westword.com/food-drink/these-four-bakers-helped-create-the-colorado-bread-line-8383833/,bakeries,language_lane_naturally_leavened,https://www.westword.com/food-drink/these-four-bakers-helped-create-the-colorado-bread-line-8383833/,Uses nine distinct natural starters cultured in-house to leaven artisan breads,2026-06-16
Crumble Crust Creations,Colorado Springs,CO,https://crumblecrustcreations.com/2025/05/01/your-local-sourdough-bakery-in-colorado-springs/,bakeries,language_lane_naturally_leavened,https://crumblecrustcreations.com/2025/05/01/your-local-sourdough-bakery-in-colorado-springs/,Authentic sourdough breads naturally leavened with a wild starter maintained for over three years,2026-06-16
Seed Bakery,Pasadena,CA,https://www.seedbakerypasadena.com/,bakeries,language_lane_stone_milled,https://www.seedbakerypasadena.com/,Pasadena shop milling intact whole grains on a stone mill a few hours before baking with a 12-hour fermentation,2026-06-16
Colossus,Long Beach,CA,https://www.postcard.inc/places/colossus-long-beach-r6B_sGBLjD3,bakeries,language_lane_naturally_leavened,https://www.postcard.inc/places/colossus-long-beach-r6B_sGBLjD3,Daytime bakery 100% committed to naturally leavened dough with no commercial yeast and only organic flour,2026-06-16
Tommy & Atticus,Redondo Beach,CA,https://www.tommyandatticus.com/,bakeries,language_lane_naturally_leavened,https://www.tommyandatticus.com/,Opened first retail bakery in July 2023 with a mission of bringing traditional naturally leavened bread to LA,2026-06-16
BAS-QUE Bakery,Tacoma,WA,https://www.getbasque.com/,bakeries,language_lane_naturally_leavened,https://www.getbasque.com/,Tacoma artisan bakery making sourdough handmade with natural leavening and flours from local mills,2026-06-16
Essential Baking,Seattle,WA,https://essentialbaking.com/,bakeries,language_lane_naturally_leavened,https://essentialbaking.com/,Handcrafted organic breads made with simple ingredients and wild yeast,2026-06-16
Gloria Provisions,Seattle,WA,https://www.gloriaprovisions.com/,bakeries,language_lane_naturally_leavened,https://www.gloriaprovisions.com/,Artisan bakery offering sourdough bread and seasonal pastries for pickup in Seattle and Bainbridge Island,2026-06-16
The Sourdoughist,Tampa,FL,https://www.thesourdoughist.com/,bakeries,language_lane_naturally_leavened,https://www.thesourdoughist.com/,South Tampa bakery operating on no commercial yeast with every loaf naturally leavened,2026-06-16
Loaforia Bakery,Miami Beach,FL,https://www.loaforia.com/,bakeries,language_lane_naturally_leavened,https://www.loaforia.com/,Specializes in artisan sourdough and sourdough-based baked goods made in Miami Beach,2026-06-16
Island Breads,Tampa,FL,https://www.islandbreadsco.com/,bakeries,language_lane_naturally_leavened,https://www.islandbreadsco.com/,"Micro bakery with naturally leavened sourdough of only organic flour, water and sea salt, each loaf taking 3 days",2026-06-16
Mediterra Bakehouse,Pittsburgh,PA,https://www.mediterrabakehouse.com/,bakeries,language_lane_naturally_leavened,https://www.mediterrabakehouse.com/,Artisan bread bakery baking European-style sourdough loaves,2026-06-16
Jinx Bread,Austin,TX,https://www.jinxbread.com/,bakeries,language_lane_naturally_leavened,https://www.jinxbread.com/,Creates naturally leavened bread served at restaurants in greater Austin and Barton Creek Farmers' Market,2026-06-16
Loaf Bakehouse,Baltimore,MD,https://loafbakehouse.com/,bakeries,language_lane_naturally_leavened,https://loafbakehouse.com/aboutus/,Fell's Point bakery baking the old-world way using a sourdough culture instead of commercial yeast,2026-06-16
Atwater's,Baltimore,MD,https://www.atwatersfood.com/big-kitchen,bakeries,language_lane_naturally_leavened,https://www.atwatersfood.com/big-kitchen,Baltimore bakery producing artisan breads,2026-06-16
The Bread Barn,Indianapolis,IN,https://www.thehealeyfarm.com/bread-barn,bakeries,language_lane_naturally_leavened,https://www.thehealeyfarm.com/artisan-bakery-indianapolis,Small-batch artisan bakery in Franklin Township with naturally leavened sourdough using long fermentation,2026-06-16
Luv Bakery,Fishers,IN,https://luvbakery.com/,bakeries,language_lane_naturally_leavened,https://luvbakery.com/,Artisan sourdough bread bakery in Fishers,2026-06-16
Wide Awake Bakery,Ithaca,NY,https://www.wideawakebakery.com/,bakeries,language_lane_heritage_grain,https://ithacavoice.org/2023/10/bringing-home-the-bread-wide-awake-bakery-opens-storefront-in-ithaca/,"Community-focused bakery working with local organic grain farmers and millers, opened a storefront in Franklin Market in Ithaca",2026-06-16
Heritage Grand Bakery,New York,NY,https://www.heritagegrandbakery.com/,bakeries,language_lane_heritage_grain,https://www.heritagegrandbakery.com/restaurant/,Midtown bakery featuring ancient grains bread and wood fired pizza using regeneratively farmed ancient grains,2026-06-16
Cornrue Bakery,Westport,CT,,bakeries,affluent_suburb,https://www.ctbites.com/blog/2024/1/26/bread,Westport bakery known for award-winning naturally leavened sourdough loaves that sell out early,2026-06-16
Fatto a Mano,Westport,CT,,bakeries,affluent_suburb,https://www.ctbites.com/blog/2024/1/26/bread,"Westport artisan bakery whose founder was named 2022 CT Baker of the Year, making everything by hand",2026-06-16
Flour Water Salt Bread,Darien,CT,https://www.flourwatersaltbread.com,bakeries,affluent_suburb,https://patch.com/connecticut/newcanaan/iconic-local-bakery-opens-new-location-new-canaan,"Handmade naturally leavened sourdough bakery with locations in Darien, Greenwich and New Canaan CT",2026-06-16
Palmer's Bakery,Darien,CT,https://www.palmersdarien.com,bakeries,affluent_suburb,https://www.palmersdarien.com/bakery/,Darien-New Canaan bakery offering artisan breads baked fresh daily,2026-06-16
Bread Boutique,Princeton,NJ,https://breadboutique.gotoeat.net,bakeries,affluent_suburb,https://breadboutique.gotoeat.net/,Princeton artisan bakery whose standout sourdough is often served straight from the oven,2026-06-16
Terra Momo Bread Company,Princeton,NJ,https://www.terramomo.com,bakeries,affluent_suburb,https://www.terramomo.com/terra-momo-bread-company/,Princeton bread bakery (formerly Witherspoon Bread Company) baking artisan loaves since 1998,2026-06-16
Montclair Bread Company,Montclair,NJ,,bakeries,affluent_suburb,https://patch.com/new-jersey/montclair/new-owners-expand-menu-and-hours-of-the-montclair-bread-company,"Montclair bakery offering baguettes, sourdough, challah and ancient grain loaves under award-winning baker",2026-06-16
BAKE Bakery,Summit,NJ,,bakeries,affluent_suburb,https://patch.com/new-jersey/summit/knead-pick-me-bake-bakery-makes-grand-opening-summit,"Downtown Summit bakery making freshly baked sourdough, Italian, semolina and baguettes daily",2026-06-16
La Parisienne French Bakery,Larchmont,NY,,bakeries,affluent_suburb,https://westchestermagazine.com/uncategorized/upper-crust-the-countys-best-bread-bakeries/,"Larchmont French bakery making sourdough rounds, multigrain and rustic baguettes fresh daily",2026-06-16
The Bread Factory,Scarsdale,NY,,bakeries,affluent_suburb,https://westchestermagazine.com/uncategorized/upper-crust-the-countys-best-bread-bakeries/,"Westchester bakery using Italian hearth deck and Swedish ovens, noted for ethereal sourdough baguette",2026-06-16
Breadfolks,Hudson,NY,,bakeries,affluent_suburb,https://www.chronogram.com/food-drink/hudson-valley-sourdough-compendium-12613877/,Hudson bakery with lines around the block for its artisanal sourdough loaves and pastries,2026-06-16
All You Knead Artisan Bakery,Beacon,NY,https://www.allyoukneadny.com,bakeries,affluent_suburb,https://www.allyoukneadny.com,Beacon bakery whose owner crafts precise three-to-four-day sourdough loaves,2026-06-16
Beacon Bread Co.,Beacon,NY,,bakeries,affluent_suburb,https://www.chronogram.com/food-drink/hudson-valley-sourdough-compendium-12613877/,Beacon bakery serving sourdough staple to the Hudson Valley since 2014,2026-06-16
Hudson Baking Company,Hudson,NY,https://www.hudsonbakingco.com,bakeries,affluent_suburb,https://www.hudsonbakingco.com/,Hudson NY artisan bakery making naturally leavened breads and pastries,2026-06-16
Kingston Bread + Bar,Kingston,NY,,bakeries,affluent_suburb,https://hvmag.com/food/sourdough-hudson-valley/,"All-day Hudson Valley bakery offering artisanal bread and pastries, grew from one-man operation",2026-06-16
Thom's Bread,Lancaster,PA,,bakeries,affluent_suburb,https://www.yelp.com/search?find_desc=Sourdough&find_loc=Lancaster%2C+PA,Downtown Lancaster bakery that elevates sourdough to an artisanal art form,2026-06-16
Elsewhere Bread,Lancaster,PA,https://www.elsewherebread.com,bakeries,affluent_suburb,https://www.elsewherebread.com/,Lancaster bakery offering naturally leavened sourdough bread and pastries made with organic grains,2026-06-16
Lancaster Sourdough Co.,Lancaster,PA,https://lancastersourdough.com,bakeries,affluent_suburb,https://lancastersourdough.com/,Neighborhood Lancaster bakery offering handcrafted long-fermented sourdough goods,2026-06-16
Five Points Artisan Bakeshop,Pittsburgh,PA,https://fivepointsartisanbakeshop.com,bakeries,affluent_suburb,https://fivepointsartisanbakeshop.com/,Squirrel Hill family-owned artisan bakeshop with extensive bread menu including several sourdoughs,2026-06-16
Mediterra Bake House,Sewickley,PA,,bakeries,affluent_suburb,https://www.pittsburghmagazine.com/love-sourdough-find-the-best-there-is-at-these-five-bake-shops/,Pittsburgh-suburb bakery in Sewickley and Mt. Lebanon making breads with a levain sourdough starter,2026-06-16
Driftwood Oven,Pittsburgh,PA,,bakeries,affluent_suburb,https://www.pghcitypaper.com/food-drink/where-to-pick-up-some-of-pittsburghs-best-fresh-baked-bread-from-baguettes-to-challah-to-sourdough-19029849/,Pittsburgh bakery known for sourdough crust and a robust supply of crusty bread loaves,2026-06-16
DeEtta's Bakery,Naperville,IL,,bakeries,affluent_suburb,https://www.yelp.com/search?find_desc=Sourdough+Bread&find_loc=Naperville%2C+IL,Naperville bakery created out of a passion for artisanal baked goods and breads,2026-06-16
Give Thanks Bakery,Royal Oak,MI,https://givethanksbakery.com,bakeries,affluent_suburb,https://givethanksbakery.com/,Royal Oak European artisan bakery using long cool fermentation for classical French and German breads,2026-06-16
Madrona Bakery,Mill Valley,CA,,bakeries,affluent_suburb,https://marinmagazine.com/food-drink/the-best-bakeries-in-marin/,Mill Valley cafe known for wood-fired bread and laminated pastries,2026-06-16
M.H. Bread and Butter,San Anselmo,CA,,bakeries,affluent_suburb,https://marinmagazine.com/food-drink/the-best-bakeries-in-marin/,San Anselmo bakery at Red Hill Center with a loyal following for bread and flaky croissants,2026-06-16
Flour Craft Bakery,San Anselmo,CA,,bakeries,affluent_suburb,https://marinmagazine.com/food-drink/the-best-bakeries-in-marin/,Marin County bakery known for brioche loaves and walnut sourdough with San Anselmo and Mill Valley locations,2026-06-16
Victoria Bakery & Cafe,Larkspur,CA,,bakeries,affluent_suburb,https://marinmagazine.com/food-drink/the-best-bakeries-in-marin/,"Larkspur bakery making focaccia, pain de mie and croissants",2026-06-16
Backhaus Bread,San Mateo,CA,,bakeries,affluent_suburb,https://www.yelp.com/search?find_desc=Bread&find_loc=San+Mateo%2C+CA,San Mateo bakery providing naturally leavened loaves since its first brick-and-mortar in 2019,2026-06-16
GK Sourdough & Pastry,Los Altos,CA,https://www.gkpastry.com,bakeries,affluent_suburb,https://www.gkpastry.com/,Los Altos bakery on Main St featuring signature sourdough breads and focaccias,2026-06-16
Old Sasoon Bakery,Pasadena,CA,,bakeries,affluent_suburb,https://explorela.org/best-bakery-in-pasadena-ca,"Pasadena bakery whose artisan breads, especially sourdough, are a must-try",2026-06-16
Europane Bakery,Pasadena,CA,,bakeries,affluent_suburb,https://www.visitpasadena.com/blog/must-visit-bakeries-in-pasadena/,"Pasadena bakery with house-baked sourdough, multigrain, olive and rosemary currant breads",2026-06-16
Bree'Osh,Santa Barbara,CA,https://breeosh.com,bakeries,affluent_suburb,https://breeosh.com/,Santa Barbara French bakery fermenting sourdough cultures with heritage grains for 15 to 72 hours,2026-06-16
Deux Bakery,Santa Barbara,CA,,bakeries,affluent_suburb,https://santabarbaraca.com/itinerary/buzzworthy-santa-barbara-bakeries/,Santa Barbara bakery described as having the best sourdough in town,2026-06-16
Oat Bakery,Santa Barbara,CA,https://www.santabarbaraspotlight.com/places/oat-bakery-downtown,bakeries,affluent_suburb,https://www.santabarbaraspotlight.com/places/oat-bakery-downtown,Downtown Santa Barbara bakery celebrated for sesame charcoal sourdough and artisan breads,2026-06-16
Helena Avenue Bakery,Santa Barbara,CA,,bakeries,affluent_suburb,https://santabarbaraca.com/itinerary/buzzworthy-santa-barbara-bakeries/,Santa Barbara bakery making organic breads with locally milled flour,2026-06-16
Prager Brothers Artisan Breads,Encinitas,CA,https://www.pragerbrothers.com,bakeries,affluent_suburb,https://www.pragerbrothers.com/,Encinitas family bakery making Old World hand-formed naturally leavened organic sourdough,2026-06-16
La Jolla Baking Co.,La Jolla,CA,https://www.lajollabaking.com,bakeries,affluent_suburb,https://www.lajollabaking.com/,La Jolla bakery making sourdough loaves and artisan breads,2026-06-16
The Sparrow Bakery,Bend,OR,,bakeries,affluent_suburb,https://www.oldmilldistrict.com/dining/ms-bakery-bend/,"Central Oregon's most popular bakery, famous for its Ocean Roll and fresh breads",2026-06-16
M's Bakery,Bend,OR,https://www.oldmilldistrict.com/dining/ms-bakery-bend/,bakeries,affluent_suburb,https://www.oldmilldistrict.com/dining/ms-bakery-bend/,"Bend Old Mill District bakery offering sourdough country loaves, focaccias and baguettes",2026-06-16
The Village Baker,Bend,OR,,bakeries,affluent_suburb,https://bendexplored.com/eat-drink/best-bend-bakeries/,"Bend mainstay for fresh bread over 25 years, known for Black Butte Porter sourdough",2026-06-16
BA Bakehouse,Bellevue,WA,,bakeries,affluent_suburb,https://www.yelp.com/biz/ba-bakehouse-bellevue-2,Bellevue artisan bakehouse specializing in naturally fermented sourdough and laminated pastries,2026-06-16
The Bake Shop,Park City,UT,,bakeries,affluent_suburb,https://saltlakemagazine.com/the-bake-shop-park-city-bakery/,Park City artisanal bakery offering the best sourdough loaf in town,2026-06-16
Volker's Bakery,Park City,UT,,bakeries,affluent_suburb,https://www.parkcitymag.com/eat-and-drink/park-city-bakeries,Park City bakery famous for sourdough bread that locals swear by,2026-06-16
Hawk & Sparrow,Heber City,UT,,bakeries,affluent_suburb,https://www.parkcitymag.com/eat-and-drink/park-city-bakeries,Heber brick-and-mortar making organic naturally fermented country sourdough with local Central Milling flour,2026-06-16
Aspen Baking Company,Aspen,CO,https://www.aspenbaking.com,bakeries,affluent_suburb,https://www.aspenbaking.com/about,Aspen all-natural bakery established 1994 with the resolve to make the best sourdough bread in Colorado,2026-06-16
Cindybread Artisan Bakery & Deli,Telluride,CO,,bakeries,affluent_suburb,https://www.colorado.com/telluride/cindybread-artisan-bakery-deli,Telluride artisan bakery and deli offering homemade breads,2026-06-16
Albemarle Baking Company,Charlottesville,VA,,bakeries,affluent_suburb,https://www.visitcharlottesville.org/directory/albemarle-baking-company/,Charlottesville bakery with a Pavailler brick oven where artisan bakers prepare everything by hand,2026-06-16
MarieBette Cafe & Bakery,Charlottesville,VA,http://www.mariebette.com,bakeries,affluent_suburb,http://www.mariebette.com/,"Charlottesville bakery making Virginia Sourdough with local flour and robust crust, baked fresh daily",2026-06-16
Cou Cou Rachou,Charlottesville,VA,,bakeries,affluent_suburb,https://wanderlog.com/place/details/2655162/cou-cou-rachou,Charlottesville French patisserie making artisanal breads with seasonal organic ingredients,2026-06-16
Bien Cuit,Brooklyn,NY,,bakeries,affluent_suburb,https://devourtours.com/blog/best-brooklyn-bakeries/,Cobble Hill bakery since 2011 offering whole grain sourdough starter bread,2026-06-16
Mazzola Bakery,Brooklyn,NY,,bakeries,affluent_suburb,https://devourtours.com/blog/best-brooklyn-bakeries/,Cobble Hill neighborhood bakeshop known for its lard bread and Italian cookies,2026-06-16
Twin Bears Bakery,Frederick,MD,https://twinbearsbakery.com,bakeries,state_sweep_best_of,https://twinbearsbakery.com/,"Frederick family bakery specializing in naturally fermented sourdough bread and bagels, SF Baking Institute trained",2026-06-16
Doppio Pasticceria,Baltimore,MD,,bakeries,state_sweep_best_of,https://baltimore.org/what-to-do/where-to-eat/baltimore-bakeries-for-when-youre-craving-something-sweet/,Remington Baltimore bakery milling fresh flour in-house for seasonal sourdough bread,2026-06-16
Rind and Wheat,Spokane,WA,https://rindandwheat.com,bakeries,state_sweep_best_of,https://rindandwheat.com/,Spokane bakery making artisan bread,2026-06-16
Lucky Lady Bread Company,Spokane,WA,https://www.luckyladybread.com,bakeries,state_sweep_best_of,https://www.luckyladybread.com/,Women-owned Spokane small-batch sourdough baker using Central Milling organic flour and 170-year-old starter,2026-06-16
Pane d'Amore Artisan Bakery,Spokane,WA,,bakeries,state_sweep_best_of,https://wanderlog.com/place/details/1630292/pane-damore-artisan-bakery,Spokane-area artisan bakery making breads,2026-06-16
Hideaway Bakery,Eugene,OR,,bakeries,state_sweep_best_of,https://541eugene.com/bakeries-in-eugene/,Eugene bakery offering wood-fired artisanal breads including seeded and whole grain sourdough,2026-06-16
Sea Wolf Bakers,Seattle,WA,,bakeries,state_sweep_best_of,https://dailyhive.com/seattle/freshly-baked-bread-seattle,"Seattle family-owned craft bakery offering white, rye and seeded sourdough, baguette and ciabatta",2026-06-16
Living Bread Bakery,Rutherford,NJ,https://livingbreadbakery.com,bakeries,state_sweep_best_of,https://livingbreadbakery.com/,Rutherford NJ bakery stone-milling its own grains and hearth-baking handcrafted loaves,2026-06-16
Ken's Artisan Bakery,Portland,OR,,bakeries,state_sweep_best_of,https://www.pdxmonthly.com/eat-and-drink/2023/12/taste-test-best-sourdough-bread-portland-oregon,Portland must-visit for sourdough lovers among the city's top artisan bakeries,2026-06-16
Cafe Olli,Portland,OR,,bakeries,state_sweep_best_of,https://www.pdxmonthly.com/eat-and-drink/2023/12/taste-test-best-sourdough-bread-portland-oregon,Portland bakery cafe tested among the best sourdough in the city,2026-06-16
Bourke Street Bakery,New York,NY,https://www.bourkestreetbakery.com,bakeries,affluent_suburb,https://www.bourkestreetbakery.com/sourdough-2,NYC artisan bakery making naturally leavened sourdough bread,2026-06-16
Bakers & Co.,Annapolis,MD,,bakeries,state_sweep_best_of,https://www.annapolisdigs.com/blog/best-desserts-in-annapolis-bakery-edition/,Eastport Annapolis bakery specializing in freshly baked sourdough and French baguettes,2026-06-16
Bread Story,New York,NY,https://bread-story.com/,bakeries,ethnic_french_boulangerie,https://frenchly.us/best-french-bakeries-new-york-city/,"East Village French bakery opened by head baker Yann Ledoux, formerly head baker at Maison Kayser NY",2026-06-16
Mille-Feuille,New York,NY,https://www.millefeuille-nyc.com/,bakeries,ethnic_french_boulangerie,https://frenchly.us/best-french-bakeries-new-york-city/,"Baking croissants, breads and pastries from scratch every morning since 2011 across Manhattan and Brooklyn",2026-06-16
Almondine Bakery,Brooklyn,NY,,bakeries,ethnic_french_boulangerie,https://frenchly.us/best-french-bakeries-new-york-city/,DUMBO French bakery opened by artisan French baker Herve Poussot in 2004,2026-06-16
Sproll's Fine German Bakery,Milwaukee,WI,,bakeries,ethnic_german_rye,https://wanderlog.com/place/details/2962435/sprolls-fine-german-bakery,German bakery operating since 1978 specializing in rye breads made with sourdough,2026-06-16
Oneg Bakery,Brooklyn,NY,https://www.onegbakery.com/,bakeries,ethnic_jewish_rye,https://www.yelp.com/search?find_desc=Jewish+Bakery&find_loc=Brooklyn%2C+NY,"Family bakery with traditional Jewish staples including challah and rye, founders emigrated to Brooklyn from Hungary",2026-06-16
Ibarra Bakery,Los Angeles,CA,https://www.yelp.com/biz/ibarra-bakery-los-angeles-3,bakeries,ethnic_panaderia,https://www.yelp.com/biz/ibarra-bakery-los-angeles-3,"Panaderia offering fresh bolillos and teleras, some stuffed with cheese and beans",2026-06-16
Panaderia Cuscatleca,Los Angeles,CA,,bakeries,ethnic_panaderia,https://www.theinfatuation.com/los-angeles/guides/best-panaderias-pan-dulce-bakeries-los-angeles,"Pico-Union panaderia baking bread styles from Mexico, El Salvador and Guatemala",2026-06-16
Krown Bakery & Eatery,Minneapolis,MN,https://www.exploreminnesota.com/profile/krown-bakery-eatery/34617,bakeries,ethnic_scandinavian_rye,https://www.exploreminnesota.com/profile/krown-bakery-eatery/34617,"European and Scandinavian baking, bakes fresh bread daily including Swedish Limpa and rye varieties",2026-06-16
Taste of Scandinavia Bakery & Cafe,Little Canada,MN,,bakeries,ethnic_scandinavian_rye,https://wanderlog.com/place/details/2655427/taste-of-scandinavia-bakery--cafe,"Scandinavian bakery known for baked goods and bread, especially the rye bread",2026-06-16
Kolatek's Bakery & Deli,Chicago,IL,,bakeries,ethnic_regional_tradition,https://fooditor.com/speaking-organic-polish-kolateks-bakery-deli/,"Northwest Side Polish bakery; owner expert on sprouted grains, spelt and sourdough breads",2026-06-16
Ideal Bakery,Chicago,IL,https://idealbakery.net/,bakeries,ethnic_german_rye,https://idealbakery.net/,"Family bakery offering rye and wheat breads inspired by German, Polish, Russian and Italian traditions with sourdough recipe",2026-06-16
Valerio's Bakeshop,National City,CA,https://valeriosusa.com/,bakeries,ethnic_asian_bread,https://valeriosusa.com/,Family-owned Filipino bakery; pandesal with golden crumb-coated crust baked fresh daily,2026-06-16
Bread Deluxe Bakery,National City,CA,https://bread-deluxe-bakery.place-all.com/,bakeries,ethnic_asian_bread,https://bread-deluxe-bakery.place-all.com/,"Family-run Filipino bakery in South San Diego known for pandesal, ube cheese rolls and pan de coco",2026-06-16
Marla Bakery,San Francisco,CA,,bakeries,ethnic_french_boulangerie,https://sourflour.org/2025/03/the-20-best-sourdough-and-artisanal-bread-bakeries-in-san-francisco/,"Offers naturally leavened breads including sourdough, French-style breads and a sourdough baguette",2026-06-16
Fressen Artisan Bakery,Portland,OR,https://www.fressenartisanbakery.com/,bakeries,ethnic_german_rye,https://www.pdxmonthly.com/eat-and-drink/2012/12/fressen-artisan-bakery-january-2013,German baker Edgar Loesch makes Old World breads including deep licorice-y Franconian rye,2026-06-16
Solodko Boston,Boston,MA,,bakeries,ethnic_regional_tradition,https://www.yelp.com/search?find_desc=Ukrainian+Bakery&find_loc=Philadelphia%2C+PA,Ukrainian bakery in Brighton offering Ukrainian confectionery and traditional baked goods,2026-06-16
European Breads Bakery,Philadelphia,PA,https://europeanbreads.com/new-products/ukrainian-rye,bakeries,ethnic_regional_tradition,https://europeanbreads.com/new-products/ukrainian-rye,Eastern European bakery producing Ukrainian rye and traditional rye breads,2026-06-16
Panaderia Del Refugio,Chicago,IL,https://ruspagesusa.com/catalog/chikago/panaderia_del_refugio/,bakeries,ethnic_panaderia,https://ruspagesusa.com/catalog/chikago/panaderia_del_refugio/,Every afternoon pulls fresh batches of bolillos and teleras from the ovens with thin crispy exterior and airy center,2026-06-16
Panaderia Nuevo Leon,Chicago,IL,http://panaderianuevoleonpilsen.com/,bakeries,ethnic_panaderia,http://panaderianuevoleonpilsen.com/,"Traditional self-serve Mexican bakery in Pilsen since 1973 with conchas, empanadas and bread",2026-06-16
Boulangerie Saint Georges,Washington,DC,https://capitolhillbid.org/go/saint-georges,bakeries,ethnic_french_boulangerie,https://www.popville.com/2026/04/grand-opening-boulangerie-saint-georges-french-baking-dc-capitol-hill/,Authentic French boulangerie on Capitol Hill; breads and viennoiserie made in-house daily by a French baker,2026-06-16
Boulangerie Christophe,Washington,DC,,bakeries,ethnic_french_boulangerie,https://www.tripadvisor.com/Restaurant_Review-g28970-d12217948-Reviews-Boulangerie_Christophe-Washington_DC_District_of_Columbia.html,Full French style bakery and pastry shop in Georgetown with artisan breads,2026-06-16
La Boulangerie Boul'Mich,Miami,FL,https://www.laboulangerieusa.com/,bakeries,ethnic_french_boulangerie,https://www.laboulangerieusa.com/,French artisanal bakery cafe operating in Miami for over 20 years,2026-06-16
Ficelle Bakery,Miami,FL,https://ficellebakeryusa.com/,bakeries,ethnic_french_boulangerie,https://ficellebakeryusa.com/,Artisanal French bakery with a modern vibe in the Miami River Landing area,2026-06-16
Atelier Monnier,Miami,FL,https://ateliermonnier.com/,bakeries,ethnic_french_boulangerie,https://ateliermonnier.com/,French bakery and wine boutique serving artisan breads and viennoiserie in Miami,2026-06-16
Bova's Bakery,Boston,MA,https://bovabakeryboston.net/,bakeries,ethnic_regional_tradition,https://bovabakeryboston.net/about/,Italian bakery in Boston's North End since 1926 with warm homemade Italian breads,2026-06-16
Parziale's Bakery,Boston,MA,https://www.parzialesbakery.com/,bakeries,ethnic_regional_tradition,https://www.parzialesbakery.com/,North End Italian bakery serving classic homemade Italian bread since 1907,2026-06-16
Diamond Bakery,Los Angeles,CA,,bakeries,ethnic_jewish_rye,https://www.jewishla.org/l-a-bakeries-for-rosh-hashanah/,"Jewish bakery on Fairfax serving LA since 1946, known for its rye bread and challah",2026-06-16
Fred's Bakery,Los Angeles,CA,,bakeries,ethnic_jewish_rye,https://www.findyourbaker.com/blog/best-jewish-bakeries-in-los-angeles-ca,"Specializes in rye bread, challah, bagels and Eastern European pastries on S Robertson Blvd",2026-06-16
Beverlywood Bakery,Los Angeles,CA,,bakeries,ethnic_jewish_rye,https://www.timeout.com/los-angeles/restaurants/beverlywood-bakery,Jewish bakery since 1946 with kosher recipes and famous challah bread,2026-06-16
North Shore Kosher Bakery,Chicago,IL,https://northshorekosherbakery.com/,bakeries,ethnic_jewish_rye,https://northshorekosherbakery.com/,Family-owned kosher bakery famous for fresh baked breads including challah and Israeli-style rye,2026-06-16
Bowery Bagels,Portland,OR,https://www.bowerybagels.com/,bakeries,ethnic_jewish_rye,https://www.bowerybagels.com/,New York-style bagel bakery with bakers preparing house-made loaves in North Kenton neighborhood,2026-06-16
Banh Mi Che Cali Bakery,Westminster,CA,,bakeries,ethnic_asian_bread,https://www.tripadvisor.com/Restaurant_Review-g33260-d3971094-Reviews-Banh_Mi_Che_Cali_Bakery-Westminster_California.html,Little Saigon bakery offering baguette and French roll bread sold by the loaf to take out,2026-06-16
New Palace Bakery,Hamtramck,MI,https://www.newpalacebakery.com/,bakeries,ethnic_regional_tradition,https://www.michigan.org/property/new-palace-bakery,Family-owned Polish/European bakery since 1908; rye bread receives high praise from out-of-state visitors,2026-06-16
Servatii Pastry Shop,Cincinnati,OH,https://servatii.com/,bakeries,ethnic_german_rye,https://servatii.com/,German-style bakery in Cincinnati offering traditional German bread,2026-06-16
A&M Bakery,St. Louis,MO,,bakeries,ethnic_german_rye,https://www.stlmag.com/dining/best-bread-bakeries-in-st-louis/,"Opened by a baker from Bosnia via Germany, offering German-style rye bread in South County",2026-06-16
Resch's Bakery,Columbus,OH,https://reschbakery.com/,bakeries,ethnic_german_rye,https://reschbakery.com/Columbus_Bakery/rye-bread/,Family-run bakery since 1912 selling fresh breads including Light German Rye,2026-06-16
Golden Crown Panaderia,Albuquerque,NM,https://goldencrown.biz/,bakeries,ethnic_panaderia,https://goldencrown.biz/,Old Town Albuquerque panaderia since 1972 on Food & Wine's 100 Best Bakeries with fresh-baked bread,2026-06-16
Los Ranchos Bakery,Albuquerque,NM,,bakeries,ethnic_panaderia,https://newmexico.tablemagazine.com/blog/bakeries-albuquerque/,Top artisan bread option among Albuquerque bakeries,2026-06-16
Panaderia La Central,Phoenix,AZ,https://www.northwestvalleyeats.com/listings/panaderia-bakery-phoenix-az,bakeries,ethnic_panaderia,https://www.northwestvalleyeats.com/listings/panaderia-bakery-phoenix-az,Family-owned bakery since 2007; known for mini bolillos and Torcidos stuffed bolillos,2026-06-16
Le Panier,Seattle,WA,https://lepanier.com/,bakeries,ethnic_french_boulangerie,https://lepanier.com/,Classic French bakery and boulangerie in Pike Place Market,2026-06-16
Paradise Bakery,Glendale,CA,,bakeries,ethnic_regional_tradition,https://www.laweekly.com/top-5-armenian-bakeries-in-los-angeles/,Armenian bakery for fresh lavash and pita bread on W Glenoaks Blvd,2026-06-16
Zhengyalov Hatz,Glendale,CA,https://guide.michelin.com/us/en/california/glendale/restaurant/zhengyalov-hatz,bakeries,ethnic_regional_tradition,https://guide.michelin.com/us/en/california/glendale/restaurant/zhengyalov-hatz,"Armenian bakery where chefs knead, roll out and griddle specialty flatbread",2026-06-16
Old German Bakery,Hoboken,NJ,https://oldgermanbakery.com/,bakeries,ethnic_german_rye,https://oldgermanbakery.com/about-us,Traditional German bakery in downtown Hoboken with breads and pretzels; founder missed genuine German bread,2026-06-16
Orwashers,New York,NY,https://www.orwashers.com/,bakeries,ethnic_jewish_rye,https://www.orwashers.com/,"Founded 1916 by Hungarian immigrant family for traditional rye, black and grain breads; Upper East Side storefront",2026-06-16
Kouzeh Bakery,Los Angeles,CA,https://www.kouzehbakery.com/,bakeries,ethnic_regional_tradition,https://nazdikia.com/en/los-angles/persian-bakery/,Persian bakery noted as one of the best in LA for high quality authentic Sangak and Barbari bread,2026-06-16
Asal Bakery and Kabob,Los Angeles,CA,,bakeries,ethnic_regional_tradition,https://nazdikia.com/en/los-angles/persian-bakery/,Persian bakery serving fresh Sangak bread,2026-06-16
Sangak Express,Reseda,CA,,bakeries,ethnic_regional_tradition,https://nazdikia.com/en/los-angles/persian-bakery/,No-frills bakery focused on fresh-baked Persian sangak bread,2026-06-16
Aki's BreadHaus,Minneapolis,MN,,bakeries,ethnic_german_rye,https://andrewzimmern.com/the-best-authentic-german-bakery-in-minneapolis/,Northeast Minneapolis storefront; daily breads from sunflower rye to dark sourdough by German baker Aki Berndt,2026-06-16
Delightful Pastries,Chicago,IL,https://www.delightfulpastries.com/specialty-breads,bakeries,ethnic_regional_tradition,https://www.delightfulpastries.com/specialty-breads,Chicago bakery offering Polish and Eastern European specialty breads,2026-06-16
Duke Bakery,Arcadia,CA,,bakeries,ethnic_asian_bread,https://www.timeout.com/los-angeles/restaurants/best-chinese-bakeries-in-los-angeles,"Innovative shop combining Japanese, European and Taiwanese artisan bread-making styles",2026-06-16
La Boulangerie & Co,Chicago,IL,https://laboulangerieandco.com/,bakeries,ethnic_french_boulangerie,https://laboulangerieandco.com/our-products,French boulangerie founded by Paris-trained expat Vincent Colombet importing premium French flour for breads,2026-06-16
Maison Parisienne,Chicago,IL,https://www.maison-parisienne.com/,bakeries,ethnic_french_boulangerie,https://www.maison-parisienne.com/french-baguette-wholesale-chicago,Artisanal French cafe and boulangerie rated as having the best French baguette in Chicago,2026-06-16
Frenchette Bakery,New York,NY,,bakeries,ethnic_french_boulangerie,https://frenchly.us/best-french-bakeries-new-york-city/,Boulangerie offshoot of Frenchette grounded in classic French technique with a modern New York edge,2026-06-16
La Usuluteca,Los Angeles,CA,,bakeries,ethnic_panaderia,https://www.theinfatuation.com/los-angeles/guides/best-panaderias-pan-dulce-bakeries-los-angeles,Salvadoran panaderia in Mid-City open since 2013 baking traditional Central American breads,2026-06-16
Wyoming Pastry Shop,Cincinnati,OH,,bakeries,ethnic_german_rye,https://en.wikipedia.org/wiki/Wyoming_Pastry_Shop,Family-owned bakery holding rights to Cincinnati's Original Bacher Rye bread,2026-06-16
Sour Mama Bakery,Wyandotte,MI,,bakeries,capacity_expansion,https://issuu.com/ssmag/docs/wyandotte_warrior_march_2025,Owner Angie Gambino celebrated the March 1 2025 grand opening of her brick-and-mortar sourdough bakery offering naturally leavened breads,2026-06-16
Voyageurs Bakehouse,Green Bay,WI,https://voyageurs.co/,bakeries,capacity_expansion,https://thebusinessnews.com/northeast/voyageurs-bakehouse-expands-into-new-downtown-green-bay-space/,Sourdough bakery expanding into a new downtown Green Bay space and a third De Pere location amid growing demand,2026-06-16
Home Kneads,Slater,IA,,bakeries,capacity_expansion,https://www.aol.com/articles/slater-main-street-welcome-sourdough-205322585.html,Sourdough bakery expanding to open a weekend retail storefront on Slater Main Street while growing wholesale,2026-06-16
Balloon Roof Baking Co,Tacoma,WA,,bakeries,sold_out_demand_signals,https://www.aol.com/tacoma-gain-everyday-source-sourdough-131500130.html,"Pop-up sells through 1,000 loaves every week at the Proctor market and is opening its first retail storefront on 6th Ave",2026-06-16
Artisan Bread Gallery,Houston,TX,,bakeries,capacity_expansion,https://communityimpact.com/houston/cy-fair-jersey-village/business/2025/07/07/artisan-bread-gallery-offers-handcrafted-european-baked-goods-in-cy-fair/,Handcrafted European sourdough bakery expanding with a second location set to open this summer on Jones Road,2026-06-16
YeastCo Bakery,Houston,TX,https://www.yeastcobakery.com/,bakeries,sold_out_demand_signals,https://www.yeastcobakery.com/,Sourdough bakery in Garden Oaks Houston with retail storefront and naturally leavened bread focus,2026-06-16
Good Hands Bread Co.,Dayton,OH,,bakeries,capacity_expansion,https://spectrumnews1.com/oh/columbus/news/2025/11/26/good-hands-bread-opens-dayton,Farmers market sourdough staple opened its first storefront at 527 Wayne Avenue in December 2025,2026-06-16
Wildflour,Canyon Lake,TX,,bakeries,capacity_expansion,https://mycanyonlake.com/wildflour-opens-second-location-on-north-side-of-canyon-lake/,Bakery opened a second location on the north side of Canyon Lake,2026-06-16
Sourdough & Moore,San Diego,CA,,bakeries,capacity_expansion,https://obrag.org/2025/11/sourdough-moores-naturally-leavened-breads-and-pastries-coming-to-newport-ave-in-ob/,Naturally leavened bakery opened its first brick-and-mortar in Ocean Beach November 14 2025 after years at farmers markets,2026-06-16
Mi Pan Bakery,San Diego,CA,,bakeries,capacity_expansion,https://sandiegomagazine.com/food-drink/mi-pan-bakery-opening-in-mission-gorge/,Farmers market sourdough favorite opening its first permanent storefront in Mission Gorge after selling out at markets,2026-06-16
Knead Me Bakery,Shenandoah,TX,,bakeries,capacity_expansion,https://hellowoodlands.com/eat-local-knead-me-bakery-is-serving-up-sourdough-and-baked-goods-in-shenandoah/,Farmers market sourdough bakery opened its first brick-and-mortar location in Shenandoah,2026-06-16
Brooklyn Sour,High Falls,NY,,bakeries,capacity_expansion,https://www.chronogram.com/food-drink/brooklyn-sour-high-falls-bakery/,Home sourdough bakery opened its first storefront in High Falls in 2025 after outgrowing the apartment,2026-06-16
Relic Bageri,San Diego,CA,,bakeries,capacity_expansion,https://whatnow.com/san-diego/restaurants/relic-bageri-opening-brick-and-mortar-in-east-village/,Sourdough-focused bakery opening its first brick-and-mortar in East Village San Diego,2026-06-16
The Sourdough Co.,St. Petersburg,FL,https://community.cltampa.com/location/the-sourdough-co-16662594,bakeries,sold_out_demand_signals,https://www.cltampa.com/food-drink/new-bakery-the-sourdough-co-opens-this-weekend-in-st-pete-16662590/,Florida's first sourdough-only bakery moved from a cottage kitchen to a brick-and-mortar in the Edge District with 14 artisan loaves,2026-06-16
Sourdough Society,Jersey City,NJ,,bakeries,capacity_expansion,https://www.hobokengirl.com/sourdough-society-jersey-city-store/,Sourdough Society soft-opened its brick-and-mortar in the Harborside building with grand opening November 28 2025,2026-06-16
Croix Bakehouse,Frisco,TX,,bakeries,capacity_expansion,https://communityimpact.com/dallas-fort-worth/frisco/business/2025/03/17/croix-bakehouse-offers-croissants-sourdough-in-new-frisco-storefront/,Croissant and sourdough bakery opened a new Frisco storefront in 2025,2026-06-16
Underground Baking,Hendersonville,NC,https://undergroundbaking.com/,bakeries,sold_out_demand_signals,https://undergroundbaking.com/,Hendersonville's original artisan bakery with retail focus on artisan bread,2026-06-16
CastleDough,Castle Rock,CO,https://www.castledough.com/,bakeries,sold_out_demand_signals,https://www.castledough.com/,Artisan sourdough bakery in Castle Rock Colorado with retail storefront,2026-06-16
Cou Cou Bakehouse,Grand Rapids,MI,,bakeries,sold_out_demand_signals,https://wgrd.com/cou-cou-bakehouse-bakery-grand-rapids/,Viral pop-up known for sellout crowds signed a lease to open its first brick-and-mortar storefront on Fulton Street,2026-06-16
Grains of Love Sourdough Bakery,Rockford,OH,,bakeries,capacity_expansion,https://mercercountyoutlook.net/2026/02/05/village-of-rockford-issues-proclamation-honoring-grains-of-love-sourdough-bakery-and-cafe/,Sourdough bakery and cafe held its grand opening in Rockford and was honored with a village proclamation in 2026,2026-06-16
Sourdough House & Coffee Bar,Benton Harbor,MI,,bakeries,capacity_expansion,https://www.heraldpalladium.com/communities/benton_harbor/sourdough-house-coffee-bar-brings-a-fresh-baked-business-to-benton-harbor/article_9ec6f634-b274-54bc-a99d-b0e3402c39ce.html,Sourdough bakery opened in the Benton Harbor Arts District with a grand opening featuring sourdough bread tastings,2026-06-16
Southeast Sourdough,Washington,DC,,bakeries,bread_club_subscription,https://wtop.com/food-restaurant/2026/05/southeast-sourdough-anacostia-bakery/,Anacostia fresh-milled sourdough bakery began in 2025 and expanded to two CSA bread-share programs,2026-06-16
Living Bread,Rutherford,NJ,,bakeries,capacity_expansion,https://www.boozyburbs.com/2026/02/18/opening-alert-living-bread-bakery-rutherford-nj/,Organic artisanal sourdough bakery milling its own grain now open at 19 Franklin Place Rutherford in 2026,2026-06-16
Sourland Bread,Hopewell,NJ,,bakeries,capacity_expansion,https://mercerme.com/new-in-hopewell-sourland-bread-opens-in-hopewell-fare/,Organic sourdough bakery opening its own storefront inside Hopewell Fare,2026-06-16
Liv Breads,Millburn,NJ,https://www.livbreads.com/,bakeries,sold_out_demand_signals,https://www.livbreads.com/,Artisan sourdough bakery and coffee bar with retail storefront in New Jersey,2026-06-16
Mitz Bakery,Hellertown,PA,,bakeries,capacity_expansion,https://www.wfmz.com/features/eat-sip-shop/local-teachers-open-new-lehigh-valley-bakery-offering-fresh-bread-sweet-treats-and-more/article_be7a7d1a-416e-41d1-b079-73492548898b.html,Local teachers opened a new Lehigh Valley bakery offering fresh sourdough rye whole wheat and specialty loaves,2026-06-16
Mel the Bakery,Hudson,NY,,bakeries,capacity_expansion,https://www.chronogram.com/food-drink/nora-allen-mel-the-bakery-moves-to-hudson-19841491/,Sourdough bakery took over the former Breadfolks space in Hudson to expand into a larger storefront,2026-06-16
Night Heron Bread,Alameda,CA,https://www.nightheronbread.com/,bakeries,bread_club_subscription,https://www.nightheronbread.com/order-bread/p/bread-club-country-loaf,Neighborhood sourdough bakery runs a Country Bread Club with weekly Tuesday and Saturday pickup,2026-06-16
Bread and Buttered,Cedar Rapids,IA,,bakeries,capacity_expansion,https://www.thegazette.com/lifestyles/food-drink/bread-and-buttered-brings-new-sourdough-specialty-bakery-for-loaves-sweet-treats-to-cedar-rapids/article_88f95233-d86f-556b-b3b8-437e41e7d5de.html,Sourdough specialty bakery opened a new location at NewBo City Market in July 2025,2026-06-16
Anh's Bread Therapy,Cedar Rapids,IA,,bakeries,capacity_expansion,https://khak.com/anhs-bread-therapy-cedar-rapids-moving/,Popular NewBo City Market artisan bread bakery opening a new location in 2025,2026-06-16
Round River Baking,Pocatello,ID,,bakeries,capacity_expansion,https://www.idahostatejournal.com/news/local/quality-ingredients-sourdough-dreams-and-a-10-month-old-in-tow-pocatellos-round-river-baking/article_da6eb2c6-49e4-4568-8242-14fb847c9b7f.html,Pocatello sourdough bakery under new ownership continuing its artisan sourdough storefront in 2025,2026-06-16
Wild Rose Bread Company,Bountiful,UT,https://www.wildrosesourdough.com/,bakeries,sold_out_demand_signals,https://www.wildrosesourdough.com/,Sourdough bakery serving artisan loaves in Bountiful Utah,2026-06-16
The Good News Bread Company,Franklin,TN,https://www.thegoodnewsbread.co/,bakeries,sold_out_demand_signals,https://www.thegoodnewsbread.co/,Bakery baking sourdough batches using Kentucky mill flour in Franklin,2026-06-16
Flour House Bakers,Tomball,TX,,bakeries,capacity_expansion,https://communityimpact.com/houston/tomball-magnolia/business/2026/05/27/flour-house-bakers-opening-new-tomball-storefront-this-summer/,After 10 years the sourdough bakery is opening its first storefront in Tomball this summer,2026-06-16
Dough-Re-Mi,Meridian,MS,https://doughremi-bakery.com/,bakeries,capacity_expansion,https://www.wtok.com/2025/09/09/sourdough-storefront-opens-meridian/,Small-batch sourdough micro bakery opened its storefront on 4th Street in Meridian in September 2025,2026-06-16
Crescent Bakes,Astoria,NY,https://crescentbakes.com/,bakeries,bread_club_subscription,https://crescentbakes.com/products/cobble-hill-bread-csa,French sourdough bakery runs a weekly Cobble Hill Bread CSA share in NYC,2026-06-16
Au Contraire Bakery,Kansas City,MO,,bakeries,bread_club_subscription,https://www.kcfarmschool.org/sign-up-for-csa/bread-of-the-week-8drwb,Subscription delivers one loaf of artisan sourdough bread each week,2026-06-16
California Bakeshop,Redwood City,CA,https://californiabakeshop.com/,bakeries,sold_out_demand_signals,https://californiabakeshop.com/,Family-owned bakery offering naturally leavened artisan loaves made with organic flour,2026-06-16
Leavened Loaf,Hughson,CA,https://www.instagram.com/leavenedloafbakery/,bakeries,sold_out_demand_signals,https://www.instagram.com/leavenedloafbakery/,Naturally leavened sourdough bakery based in Hughson California,2026-06-16
Night Moves Bread,South Portland,ME,,bakeries,press_awards_recent_momentum,https://www.mainepublic.org/business-and-economy/2026-01-24/7-maine-bakers-chefs-and-restauranteurs-semifinalists-for-2026-james-beard-awards,2026 James Beard Outstanding Bakery semifinalist; naturally leavened bread bakery,2026-06-12
Born & Bread Bakehouse,Lakeland,FL,,bakeries,press_awards_recent_momentum,https://www.wtsp.com/article/life/food/james-beard-awards-semifinalists-2026-tampa-chefs-restaurants-bakery/67-38cf65ab-8627-494f-a091-19f809733eb8,Named 2026 James Beard Outstanding Bakery semifinalist,2026-06-12
Cafe Dear Leon,Baltimore,MD,,bakeries,press_awards_recent_momentum,https://www.thebanner.com/culture/food-drink/james-beard-semifinalists-baltimore-FTRNKHEQHJGAZN4D7RLZVIUV2I/,2026 James Beard Outstanding Bakery semifinalist (Canton Baltimore),2026-06-12
Wild Crumb,Bozeman,MT,,bakeries,press_awards_recent_momentum,https://www.myfoxzone.com/article/news/nation-world/james-beard-semifinalists-list-2026/507-c58835cc-5376-4b50-862f-ce81837d9aa0,2026 James Beard Outstanding Bakery semifinalist,2026-06-12
The Burque Bakehouse,Albuquerque,NM,,bakeries,press_awards_recent_momentum,https://www.myfoxzone.com/article/news/nation-world/james-beard-semifinalists-list-2026/507-c58835cc-5376-4b50-862f-ce81837d9aa0,2026 James Beard Outstanding Bakery semifinalist,2026-06-12
Fire Island Rustic Bakeshop,Anchorage,AK,,bakeries,press_awards_recent_momentum,https://www.myfoxzone.com/article/news/nation-world/james-beard-semifinalists-list-2026/507-c58835cc-5376-4b50-862f-ce81837d9aa0,2026 James Beard Outstanding Bakery semifinalist,2026-06-12
Mercado Sin Nombre,Austin,TX,,bakeries,press_awards_recent_momentum,https://www.axios.com/local/austin/2026/01/22/james-beard-announces-semifinalists,2026 James Beard Outstanding Bakery semifinalist,2026-06-12
Breadshop,Honolulu,HI,,bakeries,press_awards_recent_momentum,https://crafttocrumb.com/james-beard-awards-names-2024-semifinalists/,Repeat James Beard Outstanding Bakery semifinalist (2024; also shortlisted 2023),2026-06-12
La Casita Bakeshop,Richardson,TX,,bakeries,press_awards_recent_momentum,https://crafttocrumb.com/james-beard-awards-names-2024-semifinalists/,Repeat James Beard Outstanding Bakery semifinalist (2024),2026-06-12
Zak the Baker,Miami,FL,,bakeries,press_awards_recent_momentum,https://crafttocrumb.com/james-beard-awards-names-2024-semifinalists/,Repeat James Beard Outstanding Bakery semifinalist (2024); kosher sourdough bakery,2026-06-12
Badolina Bakery,Houston,TX,,bakeries,press_awards_recent_momentum,https://www.bakemag.com/articles/19849-james-beard-foundation-reveals-2025-outstanding-bakery-and-outstanding-pastry-chef-baker-award-semifinalists,2025 James Beard Outstanding Bakery semifinalist (Sof Hospitality Group),2026-06-12
Flour & Flower,St. Joseph,MN,,bakeries,best_of_city_list,https://bringmethenews.com/minnesota-lifestyle/new-york-times-list-of-best-22-bakeries-in-us-include-two-from-minnesota,Named to NYT 22 Best Bakeries Across the U.S. (Dec 2024),2026-06-12
The Place,Camden,ME,,bakeries,best_of_city_list,https://www.penbaypilot.com/article/new-york-times-names-place-list-top-22-bakeries-across-country/253624,NYT 22 Best Bakeries in the U.S. (2024); local-flour croissant dough and loaves,2026-06-12
Saint Bread,Seattle,WA,,bakeries,best_of_city_list,https://www.king5.com/article/life/food/seattle-bakery-among-best-us-new-york-times/281-394746f9-6d68-4c4a-9649-eeaf1d7ab1e5,Named to NYT 22 Best Bakeries in the U.S. (2024),2026-06-12
Lagniappe Bakehouse,New Orleans,LA,,bakeries,best_of_city_list,https://www.wwltv.com/article/news/local/orleans/new-orleans-bakery-named-among-22-best-in-us-by-the-new-york-times/289-1c7ebd07-7a63-44bf-a6f4-37cb4f93b4a4,Named to NYT 22 Best Bakeries in the U.S. (2024),2026-06-12
Hewn,Evanston,IL,https://hewnbread.com,bakeries,press_awards_recent_momentum,https://hewnbread.com/test-1-post/,Named one of Food & Wine's 100 Best Bakeries in America; hand-forged artisan bread,2026-06-12
Allez Bakery,Cincinnati,OH,,bakeries,press_awards_recent_momentum,https://www.citybeat.com/food-drink/the-dish/blog/21132184/allez-otr-named-one-of-best-bakeries-in-america-by-food-wine-magazine,Named one of Food & Wine's 100 Best Bakeries in America (bread-focused OTR bakery),2026-06-12
Belleville,Portland,ME,,bakeries,press_awards_recent_momentum,https://www.portlandfoodmap.com/100-best-bakeries-in-america/,Named one of Food & Wine's 100 Best Bakeries in America,2026-06-12
Keith Giusto Bread Club,Petaluma,CA,https://kgbreadclub.com,bakeries,existing_club_transition,https://kgbreadclub.com/product/bread-club/,Runs an artisan sourdough Bread Club subscription with local pickup in Petaluma,2026-06-12
Lola's,Omaha,NE,https://lolasomaha.com,bakeries,existing_club_transition,https://lolasomaha.com/breadsubscription,Weekly sourdough bread subscription billed as 'a CSA for bread' (two loaves/week),2026-06-12
BreadHive Bakery & Cafe,Buffalo,NY,https://www.breadhive.com,bakeries,existing_club_transition,https://www.breadhive.com/shop/bread-club,Bread Club subscription: weekly bread share with Monday pickup; worker-owned sourdough bakery,2026-06-12
ACQ Bread Co.,New Orleans,LA,https://www.acqbread.com,bakeries,existing_club_transition,https://www.acqbread.com/subscribe/acq-csa-subscription,Weekly bread CSA subscription (1-2 loaves/week with bakery pickup),2026-06-12
Barrio Bread,Tucson,AZ,,bakeries,existing_club_transition,https://tucsoncsa.org/offerings/bread/,Weekly bread share offered through Tucson CSA; heritage-grain sourdough bakery,2026-06-12
Butter Bakery Cafe,Minneapolis,MN,https://butterbakerycafe.com,bakeries,existing_club_transition,https://butterbakerycafe.com/csb,Runs community supported bakery (CSB) shares paid upfront for weekly baked goods,2026-06-12
Gardiner Bakehouse,Gardiner,NY,https://gardinerbakehouse.com,bakeries,existing_club_transition,https://gardinerbakehouse.com/bread-subscription,Offers a community-supported bread subscription,2026-06-12
Companion Breads,Mahtomedi,MN,https://www.companionbreads.com,bakeries,existing_club_transition,https://www.companionbreads.com/community-supported-bakery/,Wood-fired CSB: naturally leavened rustic breads sold by subscription and farmers markets,2026-06-12
Brown Paper Baking Co.,Tacoma,WA,https://brownpaperbaking.com,bakeries,existing_club_transition,https://brownpaperbaking.com/subscribe-1,CSB bread shares ($48-51 subscriptions) for naturally leavened sourdough breads and pastries,2026-06-12
Beck's Bakery,Arcata,CA,https://becksbakery.com,bakeries,existing_club_transition,https://becksbakery.com/,8-week CSB bread subscription; 100% whole grain stone-milled sourdough (farmers market pickup),2026-06-12
Orwasher's Bakery,New York,NY,,bakeries,best_of_city_list,https://devourtours.com/blog/best-bread-in-nyc/,Century-old handcrafted bread bakery cited among NYC's best bread (levain and sourdough baguettes),2026-06-12
She Wolf Bakery,Brooklyn,NY,,bakeries,best_of_city_list,https://devourtours.com/blog/best-bread-in-nyc/,Cited among NYC's best bread; crispy-crusted sharp sourdough sold at Greenmarkets,2026-06-12
Sullivan Street Bakery,New York,NY,,bakeries,best_of_city_list,https://devourtours.com/blog/best-bread-in-nyc/,Jim Lahey's no-knead bread pioneer cited among NYC's best bread bakeries,2026-06-12
Pain d'Avignon,New York,NY,,bakeries,best_of_city_list,https://www.8it.world/nyc/best-bread-in-nyc/,Cited among NYC's best breads for its legendary country sourdough (Essex Market shop),2026-06-12
Baker's Bench,Los Angeles,CA,,bakeries,press_awards_recent_momentum,https://www.chowhound.com/2032344/best-bakeries-los-angeles/,Featured on NYT best US bakeries list and Eater LA's best bakeries,2026-06-12
Gjusta,Venice,CA,,bakeries,best_of_city_list,https://www.chowhound.com/2032344/best-bakeries-los-angeles/,Named among LA's best bakeries; well known for sourdough breads,2026-06-12
Jyan Isaac Bread,Santa Monica,CA,,bakeries,best_of_city_list,https://www.chowhound.com/2032344/best-bakeries-los-angeles/,Named among LA's best bakeries for carefully crafted loaves,2026-06-12
Gusto Bread,Long Beach,CA,,bakeries,press_awards_recent_momentum,https://www.chowhound.com/2032344/best-bakeries-los-angeles/,James Beard best-bakery finalist two years running; NYT best US bakeries list; panaderia,2026-06-12
Petitgrain Boulangerie,Santa Monica,CA,,bakeries,best_of_city_list,https://www.chowhound.com/2032344/best-bakeries-los-angeles/,Named among LA's best bakeries (boulangerie by LA baking-school co-owner),2026-06-12
Publican Quality Bread,Chicago,IL,,bakeries,best_of_city_list,https://everafterinthewoods.com/chicago-illinois-spots-with-fresh-bread-youll-want-to-take-home-immediately/,Legendary Chicago bread reputation; sourdough singled out among city's best,2026-06-12
pHlour,Chicago,IL,,bakeries,best_of_city_list,https://bestchicago.us/sourdough-bread/,Named among Chicago's best sourdough; long-fermented loaves with crisp crust,2026-06-12
Au Levain Bakery & Cafe,Chicago,IL,,bakeries,best_of_city_list,https://bestchicago.us/sourdough-bread/,Named among Chicago's best sourdough bread bakeries (North Center),2026-06-12
La Fournette,Chicago,IL,,bakeries,best_of_city_list,https://bestchicago.us/sourdough-bread/,Named among Chicago's best sourdough bread bakeries,2026-06-12
D'Amato's Bakery,Chicago,IL,,bakeries,best_of_city_list,https://bestchicago.us/sourdough-bread/,Named among Chicago's best bread bakeries (Italian bread institution),2026-06-12
Hendrickx Belgian Bread Crafter,Chicago,IL,,bakeries,best_of_city_list,https://bestchicago.us/sourdough-bread/,Named among Chicago's best bread bakeries (Belgian bread specialist),2026-06-12
Sweet Rabbit Bakery,Chicago,IL,,bakeries,best_of_city_list,https://bestchicago.us/sourdough-bread/,Named among Chicago's best sourdough; house sourdough with crispy crust,2026-06-12
Ovenbird Bakery,Baltimore,MD,,bakeries,best_of_city_list,https://www.tastingtable.com/2060082/usa-bakeries-best-sourdough-bread/,Tasting Table 20 US bakeries with top-tier sourdough; European-style sourdough breads,2026-06-12
Josey Baker Bread,San Francisco,CA,,bakeries,best_of_city_list,https://sourflour.org/2025/03/the-20-best-sourdough-and-artisanal-bread-bakeries-in-san-francisco/,Named among SF's best sourdough; hearty whole-grain sourdoughs at The Mill,2026-06-12
Acme Bread Company,Berkeley,CA,,bakeries,best_of_city_list,https://sourflour.org/2025/03/the-20-best-sourdough-and-artisanal-bread-bakeries-in-san-francisco/,Named among SF Bay Area's best artisanal bread bakeries; sourdough standout,2026-06-12
Firebrand Artisan Breads,Oakland,CA,,bakeries,best_of_city_list,https://sourflour.org/2025/03/the-20-best-sourdough-and-artisanal-bread-bakeries-in-san-francisco/,Named among Bay Area's best bread; hand-crafted wood-fired sourdough,2026-06-12
Rize Up Bakery,San Francisco,CA,,bakeries,best_of_city_list,https://sourflour.org/2025/03/the-20-best-sourdough-and-artisanal-bread-bakeries-in-san-francisco/,Named among SF's best sourdough; sells via farmers markets grocers and cafes,2026-06-12
Neighbor Bakehouse,San Francisco,CA,,bakeries,best_of_city_list,https://sourflour.org/2025/03/the-20-best-sourdough-and-artisanal-bread-bakeries-in-san-francisco/,Named among SF's best bread bakeries for sourdough loaves and pastries,2026-06-12
Mighty Bread Company,Philadelphia,PA,,bakeries,best_of_city_list,https://montco.today/2025/09/best-bakeries-in-philadelphia-2/,Small-batch naturally leavened breads; named among Pennsylvania's best bakeries,2026-06-12
Lost Bread Co.,Philadelphia,PA,,bakeries,best_of_city_list,https://www.yelp.com/search?find_desc=Bread+Bakery&find_loc=Philadelphia%2C+PA,Named among Philadelphia's top bread bakeries (bread-first artisan bakery),2026-06-12
Metropolitan Bakery,Philadelphia,PA,,bakeries,best_of_city_list,https://philadelphia.today/2025/04/best-2-bakeries-in-philadelphia/,Artisanal bread bakery since 1993 named among Philadelphia's best,2026-06-12
Sarcone's Bakery,Philadelphia,PA,,bakeries,best_of_city_list,https://www.yelp.com/search?find_desc=Bread+Bakery&find_loc=Philadelphia%2C+PA,Century-old Italian bread bakery named among Philadelphia's top bread bakeries,2026-06-12
Kaplan's New Model Bakery,Philadelphia,PA,,bakeries,best_of_city_list,https://philadelphia.today/2025/04/best-2-bakeries-in-philadelphia/,100-year-old bakery still using perpetual sourdough; named among city's best,2026-06-12
Ben's Bread Co.,Seattle,WA,https://bensbread.com,bakeries,best_of_city_list,https://bensbread.com/,Family-run small-batch naturally leavened bread bakery cited among Seattle's best,2026-06-12
Tall Grass Bakery,Seattle,WA,,bakeries,best_of_city_list,https://dailyhive.com/seattle/freshly-baked-bread-seattle,Specializes in naturally leavened breads (pain au levain); among Seattle's best bread,2026-06-12
Warm Corner Sourdough Bakery,Seattle,WA,,bakeries,best_of_city_list,https://www.yelp.com/search?find_desc=Bread+Bakeries&find_loc=Seattle%2C+WA,Rated among Seattle's top sourdough bread bakeries,2026-06-12
Tabor Bread,Portland,OR,,bakeries,best_of_city_list,https://sreebakers.com/bakers-stories/best-bakeries-in-portland-for-fresh-sourdough-and-natural,Whole-grain wood-fired sourdough; among Portland's best natural-fermentation bakeries,2026-06-12
Little T American Baker,Portland,OR,,bakeries,best_of_city_list,https://sreebakers.com/bakers-stories/best-bakeries-in-portland-for-fresh-sourdough-and-natural,Named among Portland's best bread bakeries; local organic ingredients,2026-06-12
Dos Hermanos Bakery,Portland,OR,,bakeries,best_of_city_list,https://www.pdxmonthly.com/eat-and-drink/2023/12/taste-test-best-sourdough-bread-portland-oregon,Ranked among Portland's best sourdough breads,2026-06-12
The Brewer's Bread,Portland,OR,,bakeries,best_of_city_list,https://www.pdxmonthly.com/eat-and-drink/2023/12/taste-test-best-sourdough-bread-portland-oregon,Ranked among Portland's best sourdough breads,2026-06-12
Flour Market,Portland,OR,,bakeries,best_of_city_list,https://www.pdxmonthly.com/eat-and-drink/2023/12/taste-test-best-sourdough-bread-portland-oregon,Ranked among Portland's best sourdough breads,2026-06-12
Starter Bread,Portland,OR,https://www.starterbread.com,bakeries,best_of_city_list,https://www.pdxmonthly.com/eat-and-drink/2023/12/taste-test-best-sourdough-bread-portland-oregon,Ranked among Portland's best sourdough breads,2026-06-12
Rebel Bread,Denver,CO,https://rebelbreadco.com,bakeries,best_of_city_list,https://rebelbreadco.com/,Small-batch artisan bread bakery ranked among Denver's best sourdough,2026-06-12
Reunion Bread Co.,Denver,CO,,bakeries,best_of_city_list,https://do303.com/p/the-best-bakeries-bakery-in-denver-boulder,Some of Denver's best sourdough batards; expanding from RiNo stall to new brick-and-mortar,2026-06-12
Hearth Bakery,Denver,CO,,bakeries,best_of_city_list,https://www.livingthesweetlifedenver.com/what-types-of-breads-are-available-at-bakeries-in-denver-colorado,Mills local Rocky Mountain grains for fresh bread loaves; among Denver's best bread,2026-06-12
Bakery Four,Denver,CO,,bakeries,best_of_city_list,https://do303.com/p/the-best-bakeries-bakery-in-denver-boulder,Naturally leavened sourdough loaves; named among Denver's best bakeries,2026-06-12
Clear Flour Bread,Brookline,MA,,bakeries,best_of_city_list,https://www.thefoodlens.com/boston/guides/bread/,European-style bread mainstay since 1982; named among Boston's best bread bakeries,2026-06-12
Steel & Rye Bakery,Milton,MA,,bakeries,best_of_city_list,https://www.bostonglobe.com/2025/07/09/magazine/french-pastries-best-boston-bakeries/,Sourdough from local flour; named among Boston's best bakeries (Boston Globe 2025),2026-06-12
La Saison Bakery,Cambridge,MA,,bakeries,best_of_city_list,https://www.bostonglobe.com/2025/07/09/magazine/french-pastries-best-boston-bakeries/,Sourdough breads featured among Boston's best bakeries (Boston Globe 2025),2026-06-12
Hi-Rise Bread Company,Cambridge,MA,,bakeries,best_of_city_list,https://www.thefoodlens.com/boston/guides/bread/,Crafts a dozen-plus bread varieties daily; among Boston's best bread,2026-06-12
Mamadou's Artisan Bakery,Winchester,MA,,bakeries,best_of_city_list,https://www.thefoodlens.com/boston/guides/bread/,Fresh sourdough since 2008; named among Boston area's best bread,2026-06-12
Hungry Ghost Bread,Northampton,MA,https://hungryghostbread.com,bakeries,best_of_city_list,https://hungryghostbread.com/,Wood-fired sourdough bread bakery cited in Boston-area best-bread search results,2026-06-12
Bricco Panetteria,Boston,MA,,bakeries,best_of_city_list,https://www.thefoodlens.com/boston/guides/bread/,Artisan Italian bread bakery named among Boston's best bread,2026-06-12
Manifest Bread,Riverdale Park,MD,,bakeries,sold_out_demand_signals,https://washingtonian.com/2025/06/23/where-to-grab-the-best-bread-in-the-dc-area/,Immediate hit with DC bread lovers; recently reopened with a bigger renovated space (capacity expansion),2026-06-12
Elle,Washington,DC,,bakeries,best_of_city_list,https://washingtonian.com/2025/06/23/where-to-grab-the-best-bread-in-the-dc-area/,Named among DC's best bread (Washingtonian 2025); sourdough baguette standout,2026-06-12
Bread Alley,Washington,DC,,bakeries,best_of_city_list,https://www.yelp.com/search?find_desc=sourdough+bread+bakery&find_loc=Washington%2C+DC,Listed among top sourdough bread bakeries in Washington DC,2026-06-12
Seylou,Washington,DC,https://www.seylou.com,bakeries,best_of_city_list,https://www.seylou.com/,Whole-grain sourdough bakery and mill ranked among DC's top bread bakeries,2026-06-12
A Baked Joint,Washington,DC,,bakeries,best_of_city_list,https://washingtonian.com/2025/06/23/where-to-grab-the-best-bread-in-the-dc-area/,Artisanal breads incl. country sourdough; named among DC's best bread,2026-06-12
Bread Furst,Washington,DC,,bakeries,best_of_city_list,https://washingtonian.com/2025/06/23/where-to-grab-the-best-bread-in-the-dc-area/,Mark Furstenberg's DC classic; crusty levain named among DC's best bread,2026-06-12
Colette Bread & Bakeshop,Atlanta,GA,,bakeries,best_of_city_list,https://www.atlantamagazine.com/dining-news/a-sourdough-lovers-guide-to-atlanta/,Known for incredible sourdough; small-batch community-focused bread bakery,2026-06-12
Flour + Time,Atlanta,GA,,bakeries,best_of_city_list,https://www.yelp.com/search?find_desc=sourdough+bread+bakery&find_loc=Atlanta%2C+GA,Listed among Atlanta's top sourdough bakeries,2026-06-12
Evergreen Butcher Baker,Atlanta,GA,,bakeries,best_of_city_list,https://www.atlantamagazine.com/dining-news/a-sourdough-lovers-guide-to-atlanta/,Country sourdough and seasonal hearth breads from butcher-bakery hybrid,2026-06-12
Mission Bakery,Atlanta,GA,,bakeries,best_of_city_list,https://www.atlantamagazine.com/dining-news/a-sourdough-lovers-guide-to-atlanta/,Featured in Atlanta Magazine's sourdough lover's guide,2026-06-12
Superpana Bakeshop,Atlanta,GA,,bakeries,best_of_city_list,https://www.atlantamagazine.com/dining-news/a-sourdough-lovers-guide-to-atlanta/,Rustico sourdough loaf featured in Atlanta sourdough guide; sells via farmers market and retailers,2026-06-12
Alon's Bakery & Market,Atlanta,GA,,bakeries,best_of_city_list,https://eatingwitherica.com/2026/01/where-to-find-fresh-bread-in-atlanta/,European-style breads and sourdough loaves; Atlanta fresh-bread guide pick,2026-06-12
Rustica Bakery,Minneapolis,MN,,bakeries,best_of_city_list,https://mspmag.com/eat-and-drink/our-favorite-local-breads/,Perfect sourdough loaves since 2004; Twin Cities best-breads pick,2026-06-12
Sun Street Breads,Minneapolis,MN,,bakeries,best_of_city_list,https://mspmag.com/eat-and-drink/our-favorite-local-breads/,Kingfield Sourdough and hearth breads; Twin Cities best-breads pick,2026-06-12
Asa's Bakery,Minneapolis,MN,,bakeries,best_of_city_list,https://mspmag.com/eat-and-drink/our-favorite-local-breads/,Rotating sourdough breads with locally milled flour; Twin Cities best-breads pick,2026-06-12
Brake Bread,St. Paul,MN,,bakeries,best_of_city_list,https://mspmag.com/eat-and-drink/our-favorite-local-breads/,Sourdough from MN-milled flour; Twin Cities best-breads pick,2026-06-12
Razava Bread Co.,St. Paul,MN,,bakeries,best_of_city_list,https://mspmag.com/eat-and-drink/mill-city-rising-best-bakeries-of-the-twin-cities/,Slow-fermented high-hydration sourdough; Twin Cities best-bakeries pick,2026-06-12
LAUNE Bread,Minneapolis,MN,,bakeries,best_of_city_list,https://mspmag.com/eat-and-drink/our-favorite-local-breads/,Local-grain naturally leavened bread; Twin Cities best-breads pick,2026-06-12
ThoroughBread,Austin,TX,,bakeries,press_awards_recent_momentum,https://austin.culturemap.com/news/restaurants-bars/01-28-22-best-bread-food-wine-magazine-thoroughbread-austin/,Named to Food & Wine's best bread in Texas; naturally fermented organic sourdough,2026-06-12
Sanford Sourdough Bakery,Austin,TX,,bakeries,best_of_city_list,https://www.yelp.com/search?find_desc=sourdough+bread+bakery&find_loc=Austin%2C+TX,Highly rated Austin sourdough bakery (top of city sourdough lists),2026-06-12
New World Bakery,Austin,TX,,bakeries,best_of_city_list,https://www.yelp.com/search?find_desc=Sourdough+Bread&find_loc=Austin%2C+TX,Featured among Austin's top sourdough bakeries,2026-06-12
Texas French Bread,Austin,TX,,bakeries,best_of_city_list,https://www.atasteofkoko.com/best-restaurants-in-austin/austin-bakeries,Artisan bread institution named among Austin's best bakeries,2026-06-12
Upper Crust Bakery,Austin,TX,,bakeries,best_of_city_list,https://www.yelp.com/search?find_desc=bread+bakeries&find_loc=Austin%2C+TX,Featured among Austin's top bread bakeries,2026-06-12
Magnol French Baking,Houston,TX,,bakeries,best_of_city_list,https://houstonfoodfinder.com/foodfinds/the-best-bakeries-in-houston-for-freshly-baked-bread/,Named among Houston's best bread bakeries (French bread-first bakery),2026-06-12
Angela's Oven,Houston,TX,,bakeries,best_of_city_list,https://houstonfoodfinder.com/foodfinds/the-best-bakeries-in-houston-for-freshly-baked-bread/,Organic sourdough and pain de campagne; among Houston's best bread bakeries,2026-06-12
Weights + Measures Bake Shop,Houston,TX,,bakeries,best_of_city_list,https://houstonfoodfinder.com/foodfinds/the-best-bakeries-in-houston-for-freshly-baked-bread/,Daily-baked sourdough rye and baguettes; among Houston's best bread,2026-06-12
BreadHaus,Grapevine,TX,https://breadhaus.com,bakeries,best_of_city_list,https://breadhaus.com/blog/best-artisan-bakeries-dallas-fort-worth,Fully organic artisan bakery; every loaf naturally leavened and fermented 24-72 hours,2026-06-12
D's Sourdough,Dallas,TX,https://www.dsbreads.com,bakeries,best_of_city_list,https://www.dsbreads.com/,100% organic 60-84 hour fermented sourdough sold weekends at Dallas Farmers Market,2026-06-12
The Sour Boule,Fort Worth,TX,https://thesourboule.com,bakeries,best_of_city_list,https://thesourboule.com/,Sourdough bakery & cafe with naturally fermented bread; among DFW's best sourdough,2026-06-12
Oak Cliff Bread,Dallas,TX,,bakeries,best_of_city_list,https://diningout.com/dallas/explore-the-best-bakeries-in-dallas/,Known for sourdough; named among DFW's best bread bakeries,2026-06-12
Empire Baking Company,Dallas,TX,,bakeries,best_of_city_list,https://www.yelp.com/search?find_desc=sourdough+bread&find_loc=Dallas%2C+TX,Highly rated among Dallas' best sourdough bread bakeries,2026-06-12
Village Baking Co.,Dallas,TX,,bakeries,best_of_city_list,https://www.yelp.com/search?find_desc=bread+bakeries&find_loc=Dallas%2C+TX,Highly rated among Dallas' best bread bakeries,2026-06-12
The Bread Club,Dallas,TX,https://www.thebreadclub.com,bakeries,press_awards_recent_momentum,https://www.dallasobserver.com/food-drink/the-bread-club-dallas-uptowns-newest-bakery-40650636/,New Uptown bakery by ex-Frenchette head baker stone-milling Texas grains in-house,2026-06-12
Dozen Bakery,Nashville,TN,,bakeries,best_of_city_list,https://nashville.citycast.fm/food-drink/best-bakeries-nashville,Called the best sourdough in town; Nashville best-bakeries pick,2026-06-12
Mama Bread,Nashville,TN,,bakeries,best_of_city_list,https://www.theinfatuation.com/nashville/guides/best-bakeries-nashville,Textbook-perfect sourdough and whole grain loaves; Nashville best-bakeries pick,2026-06-12
Flour Your Dreams,Nashville,TN,,bakeries,best_of_city_list,https://styleblueprint.com/nashville/everyday/fresh-baked-bread-in-nashville/,Signature sourdough boule; featured in Nashville fresh-baked bread guide,2026-06-12
La Vie Bakehouse,Nashville,TN,,bakeries,best_of_city_list,https://wanderlog.com/list/geoCategory/8967/best-bread-bakeries-in-nashville,Known for ridiculously good slow-fermentation sourdough; top Nashville bread list,2026-06-12
Mrs. Sourdough Organic Bakery,Nashville,TN,https://www.mrssourdough.com,bakeries,best_of_city_list,https://www.mrssourdough.com/,Handmade organic 36-hour fermented sourdough loaves in Nashville,2026-06-12
Baked & Free,Nashville,TN,https://bakedandfree.com,bakeries,best_of_city_list,https://bakedandfree.com/,Small-batch artisan sourdough bakery in Nashville,2026-06-12
Proof Bread,Mesa,AZ,,bakeries,best_of_city_list,https://www.phoenixnewtimes.com/restaurants/top-10-bread-bakeries-in-greater-phoenix-6543525,Phoenix-area sourdough staple for over a decade; everything from one sourdough starter,2026-06-12
Noble Bread,Phoenix,AZ,,bakeries,best_of_city_list,https://www.phoenixnewtimes.com/restaurants/top-10-bread-bakeries-in-greater-phoenix-6543525,Traditional hearth-baked loaves; vies for Phoenix's sourdough crown,2026-06-12
Mrs. Saradough,Phoenix,AZ,,bakeries,best_of_city_list,https://www.yelp.com/search?find_desc=Sourdough+Bread&find_loc=Phoenix%2C+AZ,Ranked among Phoenix's top sourdough bakeries,2026-06-12
A Lovely Loaf,Phoenix,AZ,,bakeries,best_of_city_list,https://www.yelp.com/search?find_desc=Sourdough+Bread&find_loc=Phoenix%2C+AZ,Ranked among Phoenix's top sourdough bread bakeries,2026-06-12
Wayfarer Bread & Pastry,San Diego,CA,,bakeries,best_of_city_list,https://sandiegomagazine.com/features/san-diego-bakery-scene/,Tartine-trained baker; naturally fermented organic sourdoughs in Bird Rock,2026-06-12
Prager Brothers Artisan Breads,Carlsbad,CA,,bakeries,best_of_city_list,https://sandiegomagazine.com/features/san-diego-bakery-scene/,Famed for milling its own grains; among San Diego's best sourdough,2026-06-12
Sadie Rose Baking Co.,San Diego,CA,,bakeries,best_of_city_list,https://sandiegomagazine.com/features/san-diego-bakery-scene/,Well-regarded San Diego sourdough and ciabatta bakery,2026-06-12
Izola,San Diego,CA,,bakeries,best_of_city_list,https://www.atly.com/united-states/california/san-diego/best-bakery-sourdough,Renowned for sourdough breads (and croissants); among San Diego's best,2026-06-12
Companion Bread Co.,San Diego,CA,,bakeries,press_awards_recent_momentum,https://sandiegomagazine.com/food-drink/companion-bread-co/,Upstart winning over top chefs; mills its own California grains in City Heights,2026-06-12
Shoreside Bakery,San Diego,CA,,bakeries,best_of_city_list,https://www.atly.com/united-states/california/san-diego/best-bakery-sourdough,Artisan sourdough bread with European techniques; San Diego best-sourdough pick,2026-06-12
Dudley's Bakery,Santa Ysabel,CA,,bakeries,small_market_local_dominance,https://sandiegomagazine.com/features/san-diego-bakery-scene/,Rural icon since 1963 famed for date nut raisin and jalapeno-cheddar bread,2026-06-12
Little Mill Bread Co.,Marshall,MN,,bakeries,sold_out_demand_signals,https://www.marshallindependent.com/news/local-news/2025/11/baking-sourdough-ends-up-being-a-rising-business/,100+ loaves/week that usually sell out by 10:30am at farmers market,2026-06-12
Starrlight Bakery,Brooklyn,NY,,bakeries,sold_out_demand_signals,https://bushwickdaily.com/food-and-drink/bushwicks-solar-powered-starrlight-bakery-expands-to-all-day-bread-service/,Solar-powered Bushwick bakery expanding to all-day bread service (capacity expansion),2026-06-12
Domaselo,Miami,FL,https://domaselo.com,bakeries,best_of_city_list,https://domaselo.com/,Organic stone-milled slow-fermented sourdough; among Miami's top sourdough bakeries,2026-06-12
Casa Bake,Miami,FL,,bakeries,best_of_city_list,https://www.theinfatuation.com/miami/guides/best-bakeries-miami,European-style sourdough bakery named among Miami's best,2026-06-12
Madruga Bakery,Miami,FL,,bakeries,best_of_city_list,https://www.yelp.com/search?find_desc=Sourdough+Bread+Bakery&find_loc=Miami%2C+FL,Named among Miami's top sourdough bread bakeries,2026-06-12
True Loaf,Miami,FL,,bakeries,best_of_city_list,https://www.yelp.com/search?find_desc=Sourdough+Bread+Bakery&find_loc=Miami%2C+FL,Named among Miami's top sourdough bread bakeries,2026-06-12
Flour & Weirdoughs,Miami,FL,,bakeries,best_of_city_list,https://www.hungrypost.com/miami/news/the-best-bakeries-in-miami/,Creative sourdough innovations (cacio e pepe loaf); Miami best-bakeries pick,2026-06-12
Dong Phuong Bakery,New Orleans,LA,https://www.dpbakery.com,bakeries,seasonal_preorder,https://www.nola.com/entertainment_life/eat-drink/dong-phuong-preorder/article_c5ad608a-ada8-4a1e-9300-873dc6f89baf.html,James Beard-winning bakery; king cake preorders (60000+ cakes/season) plus famous French bread for banh mi,2026-06-12
Sourdough Ida,Detroit,MI,,bakeries,best_of_city_list,https://www.yelp.com/search?find_desc=sourdough+bread&find_loc=Detroit%2C+MI,Ranked among Detroit's top sourdough bread bakeries,2026-06-12
Give Thanks Bakery,Detroit,MI,,bakeries,best_of_city_list,https://www.yelp.com/search?find_desc=Bread+Bakeries&find_loc=Detroit%2C+MI,Ranked among Detroit's top bread bakeries; sourdough praised by reviewers,2026-06-12
Zingerman's Bakehouse,Ann Arbor,MI,,bakeries,best_of_city_list,https://www.yelp.com/search?cflt=bakeries&find_loc=Ann+Arbor%2C+MI,33+ years of artisan baking with freshly milled regional grains on own stone mills,2026-06-12
Avalon International Breads,Ann Arbor,MI,,bakeries,best_of_city_list,https://www.yelp.com/search?cflt=bakeries&find_loc=Ann+Arbor%2C+MI,Renowned for exceptional bread selection incl. chewy sourdoughs,2026-06-12
Q Bakehouse & Market,Ann Arbor,MI,,bakeries,best_of_city_list,https://wanderlog.com/list/geoCategory/442740/best-bakeries-in-ann-arbor,Named among Ann Arbor's top bakeries,2026-06-12
La Farm Bakery,Cary,NC,https://www.lafarmbakery.com,bakeries,existing_club_transition,https://www.lafarmbakery.com/shop,Offers a bread subscription box; renowned French boulangerie,2026-06-12
Flat Rock Village Bakery,Flat Rock,NC,https://www.villagebakerync.com,bakeries,small_market_local_dominance,https://www.villagebakerync.com/order-online/breads,Wood-fired brick oven bread bakery anchoring small WNC village,2026-06-12
Red Hen Baking Co.,Middlesex,VT,https://www.redhenbaking.com,bakeries,small_market_local_dominance,https://www.redhenbaking.com/retail/,Vermont artisan bread bakery distributed at dozens of stores and restaurants across VT/NH,2026-06-12
Standard Baking Co.,Portland,ME,,bakeries,best_of_city_list,https://fastfoodclub.com/p/the-best-local-bakery-in-every-state-for-fresh-bread-and-warm-pastries/,Best-bakery-in-state pick; long fermentation and decisively crackling baguettes,2026-06-12
Wheatfields Bakery,Lawrence,KS,,bakeries,best_of_city_list,https://fastfoodclub.com/p/the-best-local-bakery-in-every-state-for-fresh-bread-and-warm-pastries/,Best-bakery-in-state pick; hearth-baked sourdough boules with blistered crusts,2026-06-12
Community Bakery,Little Rock,AR,,bakeries,best_of_city_list,https://fastfoodclub.com/p/the-best-local-bakery-in-every-state-for-fresh-bread-and-warm-pastries/,Best-bakery-in-state pick; fresh baguettes and neighborhood institution,2026-06-12
Farm To Market Bread Co.,Kansas City,MO,,bakeries,best_of_city_list,https://kctoday.6amcity.com/food/join-the-sourdough-revolution-in-kansas-city,Named among Kansas City's top sourdough bread bakeries,2026-06-12
Ibis Bakery,Kansas City,MO,,bakeries,best_of_city_list,https://www.kcur.org/podcast/up-to-date/2025-12-20/kansas-city-best-bakeries-pastries,Named among KC's best bakeries; breads singled out,2026-06-12
The Sourdough Spot,North Kansas City,MO,https://thesourdoughspot.com,bakeries,best_of_city_list,https://thesourdoughspot.com/,Handmade two-day-process sourdough loaves in Iron District,2026-06-12
Heirloom Bakery & Hearth,Kansas City,MO,,bakeries,best_of_city_list,https://kctoday.6amcity.com/food/join-the-sourdough-revolution-in-kansas-city,Named among KC's top sourdough bakeries; rosemary wheat hearth loaf,2026-06-12
Sour Rabbit Bakery,Kansas City,MO,,bakeries,best_of_city_list,https://www.yelp.com/search?find_desc=Sourdough+Bread&find_loc=Kansas+City%2C+MO,Ranked among KC's top sourdough bread bakeries,2026-06-12
Knead Bakehouse + Provisions,St. Louis,MO,,bakeries,best_of_city_list,https://www.riverfronttimes.com/best-st-louis-sourdough/,A decade of some of the region's best sourdough (Riverfront Times top 5 sourdough),2026-06-12
Mr. Meowski's Sourdough,St. Charles,MO,,bakeries,best_of_city_list,https://www.riverfronttimes.com/best-st-louis-sourdough/,One of the metro's most excellent bakeries; must-visit for sourdough lovers,2026-06-12
Union Loafers Cafe and Bread Bakery,St. Louis,MO,,bakeries,best_of_city_list,https://www.riverfronttimes.com/best-st-louis-sourdough/,The gold standard of fresh bread in St. Louis,2026-06-12
Upper Crust Bread,St. Louis,MO,,bakeries,best_of_city_list,https://www.riverfronttimes.com/best-st-louis-sourdough/,Cult-following sourdough starter turned micro bakery (RFT top 5 sourdough),2026-06-12
Allegro Hearth Bakery,Pittsburgh,PA,,bakeries,best_of_city_list,https://www.pittsburghmagazine.com/love-sourdough-find-the-best-there-is-at-these-five-bake-shops/,Two dozen bread types from one live sourdough starter; Pittsburgh best-sourdough pick,2026-06-12
Madeleine Bakery,Pittsburgh,PA,,bakeries,best_of_city_list,https://www.pittsburghmagazine.com/love-sourdough-find-the-best-there-is-at-these-five-bake-shops/,Pittsburgh best-sourdough pick (sourdough olive-herb and multigrain loaves),2026-06-12
La Gourmandine,Pittsburgh,PA,,bakeries,best_of_city_list,https://www.pghcitypaper.com/food-drink/where-to-pick-up-some-of-pittsburghs-best-fresh-baked-bread-from-baguettes-to-challah-to-sourdough-19029849/,French-baker-owned; baguettes and sourdough among Pittsburgh's best bread,2026-06-12
Breadworks,Pittsburgh,PA,https://www.breadworkspgh.com,bakeries,best_of_city_list,https://www.breadworkspgh.com/,Pittsburgh bread bakery cited among city's best bread,2026-06-12
Companion Bakeshop,Santa Cruz,CA,https://www.companionbakeshop.com,bakeries,existing_club_transition,https://www.goodtimes.sc/companion-bakeshop-2/,Westside Santa Cruz sourdough bakery rooted in CSA-style direct sales and farmers markets,2026-06-12
Leavened,Cleveland,OH,,bakeries,best_of_city_list,https://www.yelp.com/search?find_desc=Bread+Bakeries&find_loc=Cleveland%2C+OH,Named among Cleveland's top bread bakeries (sourdough-focused),2026-06-12
Blackbird Baking Company,Cleveland,OH,,bakeries,best_of_city_list,https://www.yelp.com/search?find_desc=Bread+Bakeries&find_loc=Cleveland%2C+OH,Named among Cleveland's top bread bakeries,2026-06-12
On the Rise Artisan Breads,Cleveland,OH,,bakeries,best_of_city_list,https://www.yelp.com/search?find_desc=Bread+Bakeries&find_loc=Cleveland%2C+OH,Named among Cleveland's top bread bakeries,2026-06-12
Alby's Bakery,Columbus,OH,,bakeries,best_of_city_list,https://wanderlog.com/list/geoCategory/8993/best-bread-bakeries-in-columbus,Minimalist bread-focused bakery; among Columbus' best bread,2026-06-12
Dan the Baker,Columbus,OH,,bakeries,best_of_city_list,https://www.cutlerhomes.com/blog/2021/09/20/celebrate-sourdough-september-at-these-9-columbus-bakeries,World-renowned sourdough with time-honored practices; Columbus best-bread pick,2026-06-12
Rush Creek Bread,Columbus,OH,,bakeries,best_of_city_list,https://www.yelp.com/search?find_desc=Sourdough+Bread&find_loc=Columbus%2C+OH,Named among Columbus' top sourdough bread bakeries,2026-06-12
Beehive Bread Company,Columbus,OH,,bakeries,best_of_city_list,https://www.yelp.com/search?find_desc=Sourdough+Bread&find_loc=Columbus%2C+OH,Named among Columbus' top sourdough bread bakeries,2026-06-12
Auddino's Italian Bakery,Columbus,OH,,bakeries,best_of_city_list,https://wanderlog.com/list/geoCategory/8993/best-bread-bakeries-in-columbus,Italian bread bakery named among Columbus' best bread,2026-06-12
Blue Oven Bakery,Cincinnati,OH,,bakeries,best_of_city_list,https://www.yelp.com/search?find_desc=Bread+Bakeries&find_loc=Cincinnati%2C+OH,Wood-fired bread bakery named among Cincinnati's best bread,2026-06-12
Sixteen Bricks Artisan Bakehouse,Cincinnati,OH,,bakeries,best_of_city_list,https://www.yelp.com/search?find_desc=Bread+Bakeries&find_loc=Cincinnati%2C+OH,Named among Cincinnati's top bread bakeries,2026-06-12
Madison Sourdough,Madison,WI,https://www.madisonsourdough.com,bakeries,best_of_city_list,https://www.madisonsourdough.com/,Naturally leavened sourdough from Wisconsin-grown grains; Madison's top bread bakery,2026-06-12
Batch Bakehouse,Madison,WI,,bakeries,best_of_city_list,https://www.yelp.com/search?find_desc=Bread+Bakeries&find_loc=Madison%2C+WI,Named among Madison's top bread bakeries,2026-06-12
Stella's Bakery,Madison,WI,,bakeries,best_of_city_list,https://www.yelp.com/search?find_desc=Bread+Bakeries&find_loc=Madison%2C+WI,Named among Madison's top bread bakeries,2026-06-12
Clasen's European Bakery,Middleton,WI,,bakeries,best_of_city_list,https://www.yelp.com/search?find_desc=Bread+Bakeries&find_loc=Madison%2C+WI,European bread bakery named among Madison area's best,2026-06-12
Far Breton Bakery,Madison,WI,,bakeries,best_of_city_list,https://www.yelp.com/search?find_desc=Bread+Bakeries&find_loc=Madison%2C+WI,Named among Madison's top bread bakeries,2026-06-12
Rocket Baby Bakery,Wauwatosa,WI,https://www.rocketbabybakery.com,bakeries,best_of_city_list,https://www.rocketbabybakery.com/,Milwaukee Magazine Best of the Burbs 2026; fresh breads and French baking,2026-06-12
The Bread Pedalers,Milwaukee,WI,,bakeries,best_of_city_list,https://www.yelp.com/search?find_desc=Sourdough+Bread&find_loc=Milwaukee%2C+WI,Named among Milwaukee's top sourdough bread bakeries,2026-06-12
Amaranth Bakery & Cafe,Milwaukee,WI,,bakeries,best_of_city_list,https://www.yelp.com/search?find_desc=Sourdough+Bread&find_loc=Milwaukee%2C+WI,Named among Milwaukee's top sourdough bread,2026-06-12
Wildflour Bakery,Milwaukee,WI,,bakeries,best_of_city_list,https://www.yelp.com/search?find_desc=Sourdough+Bread&find_loc=Milwaukee%2C+WI,Named among Milwaukee's top sourdough bread,2026-06-12
Boulted Bread,Raleigh,NC,,bakeries,best_of_city_list,https://thisisraleigh.com/best-raleigh-bakeries/,Takes sourdough seriously; local organic stone-milled grains; Raleigh best-bakeries pick,2026-06-12
Union Special,Raleigh,NC,,bakeries,best_of_city_list,https://thisisraleigh.com/best-raleigh-bakeries/,Fresh homemade bread and pastries; Raleigh best-bakeries pick,2026-06-12
Verdant Bread,Charlotte,NC,,bakeries,sold_out_demand_signals,https://everafterinthewoods.com/north-carolina-bakeries-that-locals-guard-like-secrets-and-youll-taste-why/,Go-to Charlotte sourdough source that just opened its own bread shop on Monroe,2026-06-12
Sunflour Baking Company,Charlotte,NC,https://sunflourbakingcompany.com,bakeries,best_of_city_list,https://sunflourbakingcompany.com/pages/bread-bakery-charlotte-nc,Naturally leavened breads baked on French radiant stone hearth,2026-06-12
Mother,Asheville,NC,,bakeries,best_of_city_list,https://www.exploreasheville.com/article/ashevilles-rising-bread-scene-where-tradition-meets-innovation,Downtown staple known for naturally leavened sourdough from organic local grains,2026-06-12
City Bakery,Asheville,NC,,bakeries,best_of_city_list,https://www.exploreasheville.com/article/ashevilles-rising-bread-scene-where-tradition-meets-innovation,Longtime favorite for artisan breads incl. classic sourdough,2026-06-12
Europa Crust Sourdough Bakery,Richmond,VA,,bakeries,best_of_city_list,https://rictoday.6amcity.com/culture/fresh-bread-bakeries-richmond-va,Old-World style sourdough bread specialist in Richmond,2026-06-12
Idle Hands Bread Company,Richmond,VA,,bakeries,best_of_city_list,https://rictoday.6amcity.com/culture/fresh-bread-bakeries-richmond-va,100% sourdough bread and pastry bakery in the Fan District,2026-06-12
RVA Bakehouse,Richmond,VA,https://www.rvabakehouse.com,bakeries,sold_out_demand_signals,https://www.rvabakehouse.com/,Artisanal sourdough bakery newly opened in bigger Libbie Mill location,2026-06-12
Montana Gold Bread Co.,Richmond,VA,,bakeries,best_of_city_list,https://rictoday.6amcity.com/culture/fresh-bread-bakeries-richmond-va,Carytown bread bakery celebrating 30 years in Richmond,2026-06-12
Top Knot Artisan Bakery,Norfolk,VA,,bakeries,best_of_city_list,https://www.yelp.com/search?find_desc=Sourdough+Bread&find_loc=Norfolk%2C+VA,Named among Norfolk's top sourdough bakeries,2026-06-12
The Bakehouse at Chelsea,Norfolk,VA,,bakeries,best_of_city_list,https://www.yelp.com/search?find_desc=Sourdough+Bread&find_loc=Norfolk%2C+VA,Named among Norfolk's top sourdough bakeries,2026-06-12
Bellegarde Bakery,New Orleans,LA,,bakeries,press_awards_recent_momentum,https://www.tastingtable.com/1780315/best-bakeries-new-orleans/,Employee-owned cooperative milling heirloom grains in-house; 2025 James Beard nomination,2026-06-12
Levee Baking Co.,New Orleans,LA,,bakeries,best_of_city_list,https://www.tastingtable.com/1780315/best-bakeries-new-orleans/,Specialized sourdough loaves; among New Orleans' best bakeries,2026-06-12
Breads on Oak,New Orleans,LA,,bakeries,best_of_city_list,https://www.tastingtable.com/1780315/best-bakeries-new-orleans/,Wild sourdough organic breads from stone hearth oven; NOLA best-bakeries pick,2026-06-12
Ayu Bakehouse,New Orleans,LA,,bakeries,best_of_city_list,https://www.tastingtable.com/1780315/best-bakeries-new-orleans/,Among New Orleans' highest-rated bakeries; baguettes and breads,2026-06-12
Leavity Bread,Salt Lake City,UT,,bakeries,best_of_city_list,https://saltlake.citycast.fm/best/the-best-salt-lake-bread,Bakery-cafe in Ballpark neighborhood; loaves stocked at Liberty Heights Fresh and Caputo's,2026-06-12
House of Bread SLC,Salt Lake City,UT,https://www.houseofbreadslc.com,bakeries,best_of_city_list,https://www.houseofbreadslc.com/,Family-run organic sourdough specialist; among SLC's best bread,2026-06-12
Vosen's Bread Paradise,Salt Lake City,UT,,bakeries,best_of_city_list,https://www.yelp.com/search?find_desc=Bread+Bakeries&find_loc=Salt+Lake+City%2C+UT,German bread bakery named among SLC's best bread,2026-06-12
Eva's Bakery,Salt Lake City,UT,,bakeries,best_of_city_list,https://www.yelp.com/search?find_desc=Bread+Bakeries&find_loc=Salt+Lake+City%2C+UT,Downtown boulangerie named among SLC's best bread bakeries,2026-06-12
Faria Bakery,Sacramento,CA,,bakeries,best_of_city_list,https://www.sacramentotop10.com/food-dining/bakeries/,Naturally leavened bread from local ingredients; Sacramento favorite,2026-06-12
Manzanita Bakehouse,Sacramento,CA,,bakeries,best_of_city_list,https://www.yelp.com/search?find_desc=sourdough+bread&find_loc=Sacramento%2C+CA,Named among Sacramento's top sourdough bakeries,2026-06-12
Moonbelly Bakery,Sacramento,CA,,bakeries,best_of_city_list,https://www.yelp.com/search?find_desc=sourdough+bread&find_loc=Sacramento%2C+CA,Named among Sacramento's top sourdough bakeries,2026-06-12
Grateful Bread Company,Sacramento,CA,,bakeries,best_of_city_list,https://www.mklibrary.com/best-bakeries-in-sacramento/,Bakes with a nearly 30-year-old sourdough starter,2026-06-12
Sourdough Bread House,Casselberry,FL,,bakeries,best_of_city_list,https://tastychomps.com/2025/03/inside-look-sourdough-breadhouse-in-casselberry.html,Local gem for Orlando-area artisanal sourdough; custom specialty loaf orders,2026-06-12
State Flour Bakery,Tampa,FL,,bakeries,best_of_city_list,https://uncoveringflorida.com/these-12-florida-bakeries-are-still-baking-sourdough-the-old-school-way/,Handcrafted sourdough with long fermentation and wild yeast,2026-06-12
Fearless Bread,Tampa,FL,,bakeries,best_of_city_list,https://www.yelp.com/search?find_desc=Sourdough+Bread&find_loc=Tampa%2C+FL,Named among Tampa's top sourdough bakeries,2026-06-12
The Bread Artisans,Tampa,FL,,bakeries,best_of_city_list,https://www.yelp.com/search?find_desc=Sourdough+Bread&find_loc=Tampa%2C+FL,Named among Tampa's top sourdough bread bakeries,2026-06-12
Normandy Farms Artisan Bakery,Charleston,SC,,bakeries,best_of_city_list,https://charlestonmag.com/features/bread_winners_here_s_where_to_find_the_best_crusty_baguettes_hearty_loaves_and_tangy,Charleston's first European-style artisan bakery (1999); daily baguettes and boules,2026-06-12
Grit Bakery,Charleston,SC,,bakeries,press_awards_recent_momentum,https://www.postandcourier.com/food/now_open/grit-bakery-charleston-sourdough-bread/article_71671b8a-f57f-44aa-8968-50e734bb74cd.html,New downtown bakery specializing in sourdough; featured in Post and Courier,2026-06-12
Baguette Magic,Charleston,SC,,bakeries,best_of_city_list,https://charlestonmag.com/features/bread_winners_here_s_where_to_find_the_best_crusty_baguettes_hearty_loaves_and_tangy,Weekly schedule of sourdough multigrain and specialty loaves; Charleston bread winner,2026-06-12
Weltons Tiny Bakeshop,Charleston,SC,,bakeries,best_of_city_list,https://www.yelp.com/search?find_desc=Sourdough+Bread&find_loc=Charleston%2C+SC,Named among Charleston's top sourdough bread spots,2026-06-12
Stevedore Bakery,Savannah,GA,,bakeries,best_of_city_list,https://www.yelp.com/search?find_desc=Sourdough+Bread&find_loc=Savannah%2C+GA,Named among Savannah's top sourdough bread bakeries,2026-06-12
Auspicious Baking Company,Savannah,GA,,bakeries,best_of_city_list,https://www.yelp.com/search?find_desc=Sourdough+Bread&find_loc=Savannah%2C+GA,Named among Savannah's top sourdough bread bakeries,2026-06-12
The New Old Standard Baking,Savannah,GA,,bakeries,best_of_city_list,https://www.yelp.com/search?find_desc=Sourdough+Bread&find_loc=Savannah%2C+GA,Named among Savannah's top sourdough bread bakeries,2026-06-12
Continental Bakery,Birmingham,AL,,bakeries,best_of_city_list,https://wanderlog.com/list/geoCategory/8215/best-bread-shops-in-birmingham,48-hour signature sourdough from a 30-year-old starter; Birmingham's best European breads,2026-06-12
Orientee Bakery,Birmingham,AL,,bakeries,best_of_city_list,https://wanderlog.com/list/geoCategory/8215/best-bread-shops-in-birmingham,Variety of sourdough loaves and ciabatta; among Birmingham's best bread,2026-06-12
Radio Bakery,Brooklyn,NY,https://www.radiobakery.nyc,bakeries,seasonal_preorder,https://www.radiobakery.nyc/preorders,Thanksgiving pie preorders with items selling out (pumpkin cheesecake pie sold out),2026-06-12
Lulu's,Memphis,TN,,bakeries,best_of_city_list,https://ilovememphisblog.com/2021/01/where-to-get-fresh-bread-in-memphis,Worker-owned bakery with sourdough and focaccia; Memphis fresh-bread guide,2026-06-12
Feel Good Sourdough,Louisville,KY,,bakeries,best_of_city_list,https://www.yelp.com/search?find_desc=Bread+Bakeries&find_loc=Louisville%2C+KY,Named among Louisville's top bread bakeries,2026-06-12
Smor Nordic Bakeri,Louisville,KY,,bakeries,best_of_city_list,https://www.yelp.com/search?find_desc=Bread+Bakeries&find_loc=Louisville%2C+KY,Nordic bread bakery named among Louisville's best,2026-06-12
Jasmin Bakery European Bread,Louisville,KY,,bakeries,best_of_city_list,https://www.yelp.com/search?find_desc=Bread+Bakeries&find_loc=Louisville%2C+KY,European bread bakery named among Louisville's best,2026-06-12
Blue Dog Bakery & Cafe,Louisville,KY,,bakeries,best_of_city_list,https://www.yelp.com/search?find_desc=Bread+Bakeries&find_loc=Louisville%2C+KY,Wood-fired bread bakery named among Louisville's best,2026-06-12
Moxie Bread Co,Louisville,CO,,bakeries,best_of_city_list,https://www.yelp.com/search?find_desc=Bread+Bakeries&find_loc=Louisville%2C+KY,Artisan sourdough baguettes and wholewheat loaves (Boulder County trio of shops),2026-06-12
Amelia's,Indianapolis,IN,,bakeries,best_of_city_list,https://www.thehealeyfarm.com/post/indianapolis-sourdough-bread-guide-savoring-sourdough-bread-in-indianapolis,Indianapolis bread bakery featured in city sourdough guide,2026-06-12
BreadWorks at Broad Ripple,Indianapolis,IN,,bakeries,best_of_city_list,https://www.thehealeyfarm.com/post/indianapolis-sourdough-bread-guide-savoring-sourdough-bread-in-indianapolis,Featured in Indianapolis sourdough bread guide,2026-06-12
Native Bread,Indianapolis,IN,,bakeries,best_of_city_list,https://www.thehealeyfarm.com/post/indianapolis-sourdough-bread-guide-savoring-sourdough-bread-in-indianapolis,Featured in Indianapolis sourdough bread guide,2026-06-12
Seven Stars Bakery,Providence,RI,https://sevenstarsbakery.com,bakeries,press_awards_recent_momentum,https://sevenstarsbakery.com/highlights/,Selected by Food Network as one of the best bread bakeries in the US; natural sourdough starters,2026-06-12
Provencal Bakery,Middletown,RI,,bakeries,best_of_city_list,https://www.rimonthly.com/where-to-get-artisan-bread-in-rhode-island/,Traditional European artisan breads daily on Aquidneck Island,2026-06-12
LaSalle Bakery,Providence,RI,,bakeries,best_of_city_list,https://www.rimonthly.com/where-to-get-fresh-bread-in-rhode-island/,Rhode Island staple baking fresh bread since the 1960s,2026-06-12
Sal's Bakery,Providence,RI,,bakeries,best_of_city_list,https://www.yelp.com/search?find_desc=Bread+Bakeries&find_loc=Providence%2C+RI,Named among Providence's top bread bakeries,2026-06-12
Anastasia's Artisan Bread,Buffalo,NY,,bakeries,best_of_city_list,https://www.yelp.com/search?find_desc=Sourdough&find_loc=Buffalo%2C+NY,Named among Buffalo's top sourdough bakeries,2026-06-12
Five Points Bakery,Buffalo,NY,,bakeries,best_of_city_list,https://www.yelp.com/search?find_desc=Bread+Bakeries&find_loc=Buffalo%2C+NY,Whole-grain bread bakery named among Buffalo's best,2026-06-12
Artigiana,Buffalo,NY,,bakeries,best_of_city_list,https://www.yelp.com/search?find_desc=Bread+Bakeries&find_loc=Buffalo%2C+NY,Named among Buffalo's top bread bakeries,2026-06-12
DiCamillo Bakery,Niagara Falls,NY,,bakeries,best_of_city_list,https://www.yelp.com/search?find_desc=Bread+Bakeries&find_loc=Buffalo%2C+NY,Historic Italian bread bakery named among Buffalo area's best,2026-06-12
Flour City Bread Company,Rochester,NY,,bakeries,best_of_city_list,https://www.yelp.com/search?find_desc=Bread+Bakeries&find_loc=Rochester%2C+NY,Named among Rochester's top bread bakeries,2026-06-12
Bread & Butter Bakery,Rochester,MN,,bakeries,sold_out_demand_signals,https://rochesterlocal.com/rochestermn/sourdough-bread/,Lines form 15 minutes before opening; sourdough specifically praised,2026-06-12
Columbus Baking Co.,Syracuse,NY,,bakeries,best_of_city_list,https://www.yelp.com/search?find_desc=bread+bakeries&find_loc=Syracuse%2C+NY,Syracuse Italian bread staple called the absolute best,2026-06-12
Sparrowbush Bakery,Hudson,NY,,bakeries,best_of_city_list,https://hvmag.com/food/sourdough-hudson-valley/,Naturally leavened loaves with freshly milled flour; Hudson Valley sourdough standout,2026-06-12
Bread Alone,Boiceville,NY,,bakeries,best_of_city_list,https://hvmag.com/food/sourdough-hudson-valley/,Long-fermentation sourdough since 1983 with Hudson Valley cafe locations,2026-06-12
Newburgh Flour Shop,Newburgh,NY,,bakeries,best_of_city_list,https://hvmag.com/food/sourdough-hudson-valley/,Artisanal rye multigrain and sourdough batards since 2018,2026-06-12
Le Perche,Hudson,NY,,bakeries,best_of_city_list,https://hvmag.com/food/sourdough-hudson-valley/,Wood-fired oven country sourdoughs; Hudson Valley sourdough spot,2026-06-12
Slate Sourdough,Tulsa,OK,https://slatesourdough.com,bakeries,best_of_city_list,https://slatesourdough.com/,Downtown Tulsa organic artisan sourdough bakery,2026-06-12
Farrell Bread & Bakery,Tulsa,OK,https://www.farrellbread.com,bakeries,best_of_city_list,https://www.farrellbread.com/,Family-owned bakery known for signature sourdough loaves,2026-06-12
Country Bird Bakery,Tulsa,OK,,bakeries,best_of_city_list,https://wanderlog.com/list/geoCategory/9040/best-bread-bakeries-in-tulsa,Named among Tulsa's top bread bakeries,2026-06-12
Saint Amon Baking,Tulsa,OK,,bakeries,best_of_city_list,https://wanderlog.com/list/geoCategory/9040/best-bread-bakeries-in-tulsa,Named among Tulsa's top bread bakeries,2026-06-12
Harvey Bakery & Kitchen,Oklahoma City,OK,,bakeries,best_of_city_list,https://www.yelp.com/search?find_desc=Sourdough+Bread&find_loc=Oklahoma+City%2C+OK,Named among OKC's top sourdough bread spots,2026-06-12
La Mie Bakery,Des Moines,IA,,bakeries,best_of_city_list,https://www.yelp.com/search?find_desc=Bread+Bakeries&find_loc=Des+Moines%2C+IA,Named among Des Moines' top bread bakeries,2026-06-12
Desert Bread,Las Vegas,NV,https://www.desertbreadlv.com,bakeries,best_of_city_list,https://www.desertbreadlv.com/,Named best sourdough in Las Vegas; small-batch freshly milled grains,2026-06-12
Something Sourdough Co.,San Antonio,TX,https://somethingsourdoughco.com,bakeries,best_of_city_list,https://somethingsourdoughco.com/,All-organic naturally fermented sourdough; among San Antonio's top sourdough,2026-06-12
Broadway Daily Bread,San Antonio,TX,,bakeries,best_of_city_list,https://www.yelp.com/search?find_desc=Bread+Bakeries&find_loc=San+Antonio%2C+TX,Longstanding bread bakery named among San Antonio's best,2026-06-12
Loaf Sourdough Panaderia,San Antonio,TX,,bakeries,best_of_city_list,https://www.yelp.com/search?find_desc=Sourdough+Bread&find_loc=San+Antonio%2C+TX,Named among San Antonio's top sourdough bakeries,2026-06-12
Spread the Loaves,San Antonio,TX,https://www.spreadtheloaves.com,bakeries,best_of_city_list,https://www.spreadtheloaves.com/,Named among San Antonio's top sourdough bread bakeries,2026-06-12
Burread Bakery,Boise,ID,https://www.burreadbakery.com,bakeries,best_of_city_list,https://www.burreadbakery.com/,Sourdough specialist using organic Idaho/Utah flour in downtown Boise,2026-06-12
The Grain Shed,Spokane,WA,,bakeries,best_of_city_list,https://wanderlog.com/list/geoCategory/9044/best-bread-shops-in-spokane,Local-grain focused bread bakery among Spokane's best,2026-06-12
Wild Leaven Bakery,Taos,NM,https://wildleavenbakery.com,bakeries,best_of_city_list,https://www.ediblenm.com/eight-around-the-state-artisan-bakeries/,Long-fermentation organic artisan sourdough; Edible NM artisan bakeries pick,2026-06-12
Sage Bakehouse,Santa Fe,NM,,bakeries,best_of_city_list,https://www.yelp.com/search?find_desc=bread+bakeries&find_loc=Santa+Fe%2C+NM,Named among Santa Fe's top bread bakeries,2026-06-12
Bread Shop,Santa Fe,NM,,bakeries,best_of_city_list,https://www.yelp.com/search?find_desc=Sourdough&find_loc=Santa+Fe%2C+NM,Named among Santa Fe's top sourdough bakeries,2026-06-12
Bosque Baking Co.,Albuquerque,NM,,bakeries,best_of_city_list,https://www.yelp.com/search?find_desc=bread+bakeries&find_loc=Albuquerque%2C+NM,Khorasan wheat sourdough noted among Albuquerque's best bread,2026-06-12
Ihatov Bread and Coffee,Albuquerque,NM,,bakeries,best_of_city_list,https://www.yelp.com/search?find_desc=bread+bakeries&find_loc=Albuquerque%2C+NM,Japanese artisan bread bakery among Albuquerque's best,2026-06-12
Eli Zabar's,New York,NY,https://www.elizabar.com,bakeries,existing_club_transition,https://www.elizabar.com/Bread-of-the-Month-Club-P48.aspx,Runs a Bread of the Month Club delivering a monthly loaf,2026-06-12
Winner,Brooklyn,NY,https://www.winner.nyc,bakeries,best_of_city_list,https://www.winner.nyc/location/winner-bakery/,Park Slope bread-first bakery and cafe,2026-06-12
Roscoe's Sourdough,Honolulu,HI,,bakeries,best_of_city_list,https://www.yelp.com/search?find_desc=Sourdough+Bread&find_loc=Honolulu%2C+HI,Ranked among Honolulu's top sourdough bakeries,2026-06-12
Fendu Boulangerie,Honolulu,HI,,bakeries,best_of_city_list,https://www.honolulumagazine.com/best-breads-honolulu/,Sourdough batard with real crackle; supplies top Oahu restaurants,2026-06-12
Wallflour Bake Shop,Honolulu,HI,,bakeries,sold_out_demand_signals,https://www.honolulumagazine.com/best-breads-honolulu/,Locals line up for its sourdough at Kakaako Farmers Market,2026-06-12
Epi-Ya Boulangerie & Patisserie,Honolulu,HI,,bakeries,best_of_city_list,https://www.yelp.com/search?find_desc=sourdough+bread+bakery&find_loc=Honolulu%2C+HI,Ranked among Honolulu's top sourdough bread bakeries,2026-06-12
Machine Shop,Philadelphia,PA,,bakeries,press_awards_recent_momentum,https://www.visitphilly.com/articles/philadelphia/guide-to-philadelphias-james-beard-award-honored-restaurants/,2025 James Beard Outstanding Bakery semifinalist,2026-06-12
East Rock Breads,New Haven,CT,,bakeries,best_of_city_list,https://www.yelp.com/search?find_desc=sourdough+bread&find_loc=New+Haven%2C+CT,Sourdough with crunchy crust singled out among New Haven's best bread,2026-06-12
Lupi Marchigiano Bakery,New Haven,CT,,bakeries,best_of_city_list,https://www.yelp.com/search?find_desc=Bread&find_loc=New+Haven%2C+CT,Italian bread bakery named among New Haven's best,2026-06-12
Small State Provisions,West Hartford,CT,,bakeries,best_of_city_list,https://www.ctbites.com/blog/2024/1/26/bread,Fresh sourdough praised; CT Bites bread bakers guide pick,2026-06-12
Spruce & Rye Baking,Hartford,CT,,bakeries,best_of_city_list,https://www.yelp.com/search?find_desc=Bread+Bakeries&find_loc=Hartford%2C+CT,Sourdough-starter breads from organic ancient wheat varietals,2026-06-12
Hartford Baking Company,West Hartford,CT,,bakeries,best_of_city_list,https://www.ctbites.com/blog/2024/1/26/bread,Founded to bring fresh artisan bread to Connecticut; CT bread guide pick,2026-06-12
Bread & Friends,Portland,ME,,bakeries,best_of_city_list,https://www.afar.com/magazine/portland-maine-is-americas-best-bakery-town,Mills own grain and bakes in Llopis wood-fired brick oven (AFAR best-bakery-town feature),2026-06-12
Tandem Bakery,Portland,ME,,bakeries,best_of_city_list,https://www.afar.com/magazine/portland-maine-is-americas-best-bakery-town,Sourdough from flour milled on site with locally grown wheat,2026-06-12
ZU Bakery,Portland,ME,,bakeries,press_awards_recent_momentum,https://www.afar.com/magazine/portland-maine-is-americas-best-bakery-town,James Beard-recognized naturally leavened wood-fired bread,2026-06-12
Orchard Hill Breadworks,East Alstead,NH,,bakeries,small_market_local_dominance,https://www.onlyinyourstate.com/food/new-hampshire/artisan-creations-food-nh,All breads naturally leavened and wood-fired; called one of NH's best bakeries,2026-06-12
Elmore Mountain Bread,Elmore,VT,https://www.elmoremountainbread.com,bakeries,small_market_local_dominance,https://www.elmoremountainbread.com/,Wood-fired micro-bakery with own stone flour mill in rural Vermont,2026-06-12
Motzi Bread,Baltimore,MD,https://www.motzibread.com,bakeries,existing_club_transition,https://www.motzibread.com/subscribe,CSA-inspired six-month bread subscription with prepaid credits and weekly preorder menu,2026-06-12
L'Aroma Bakery & Deli,Anchorage,AK,,bakeries,best_of_city_list,https://alaskansightsandbites.com/ultimate-anchorage-bakery-guide/,True artisan bakers making fresh breads daily; Anchorage bakery guide pick,2026-06-12
A Friendly Bread,Baltimore,MD,,bakeries,existing_club_transition,https://www.baltimoremagazine.com/section/fooddrink/baltimore-bread-subscription-services/,Delivers fresh sourdough across Baltimore with monthly subscriptions,2026-06-12
B Bistro + Bakery,Miami,FL,,bakeries,best_of_city_list,https://www.eatthis.com/best-bakeries-2025/,Named to Eat This Not That's 30 Best Bakeries in America (2025),2026-06-12
Bakery Nouveau,Seattle,WA,,bakeries,best_of_city_list,https://dailyhive.com/seattle/freshly-baked-bread-seattle,Traditional sourdoughs (miche pave au levain) and ryes; nationally recognized Seattle bakery,2026-06-12
The Sourdough Boulangerie,Colorado Springs,CO,,bakeries,best_of_city_list,https://www.yelp.com/search?find_desc=Sourdough+Bread+Bakery&find_loc=Colorado+Springs%2C+CO,Named among Colorado Springs' top sourdough bakeries,2026-06-12
Nature's Start Bread,Colorado Springs,CO,,bakeries,best_of_city_list,https://www.yelp.com/search?find_desc=Sourdough+Bread+Bakery&find_loc=Colorado+Springs%2C+CO,Known for amazing sourdough loaves; among Colorado Springs' best,2026-06-12
Nightingale Bread,Colorado Springs,CO,,bakeries,best_of_city_list,https://www.yelp.com/search?find_desc=Bread+Bakeries&find_loc=Colorado+Springs%2C+CO,Named among Colorado Springs' top bread bakeries,2026-06-12
The Bread Chic,Fort Collins,CO,,bakeries,best_of_city_list,https://www.yelp.com/search?find_desc=Bread+Bakeries&find_loc=Fort+Collins%2C+CO,Called some of the best sourdough by reviewers; top Fort Collins bread bakery,2026-06-12
Bread Fellow,Fort Collins,CO,,bakeries,best_of_city_list,https://www.yelp.com/search?find_desc=Bread+Bakeries&find_loc=Fort+Collins%2C+CO,Named among Fort Collins' top bread bakeries,2026-06-12
Babette's,Longmont,CO,,bakeries,best_of_city_list,https://boulderweekly.com/food/where-to-get-that-bread/,Large sourdough loaves; Boulder-area best-bread pick,2026-06-12
Vulcan Mine Bakery,Lafayette,CO,,bakeries,best_of_city_list,https://boulderweekly.com/food/where-to-get-that-bread/,Handmade loaves from a solar-powered bakery; Boulder-area best-bread pick,2026-06-12
Button Rock Bakery,Longmont,CO,,bakeries,best_of_city_list,https://boulderweekly.com/food/where-to-get-that-bread/,Daily sourdough ciabatta and baguettes; Boulder-area best-bread pick,2026-06-12
Beyond Bread,Tucson,AZ,,bakeries,best_of_city_list,https://www.yelp.com/search?find_desc=Bread+Bakeries&find_loc=Tucson%2C+AZ,Bread-first Tucson bakery named among city's best,2026-06-12
Cafe Francais Boulangerie et Patisserie,Tucson,AZ,,bakeries,best_of_city_list,https://www.yelp.com/search?find_desc=Sourdough+Bread&find_loc=Tucson%2C+AZ,Named among Tucson's top sourdough bread bakeries,2026-06-12
1989 Bake House,Tucson,AZ,,bakeries,best_of_city_list,https://www.yelp.com/search?find_desc=Sourdough+Bread&find_loc=Tucson%2C+AZ,Named among Tucson's top sourdough bread bakeries,2026-06-12
Savage Goods,El Paso,TX,,bakeries,best_of_city_list,https://www.yelp.com/search?find_desc=Sourdough+Bread&find_loc=El+Paso%2C+TX,Named among El Paso's top sourdough bread spots,2026-06-12
Weirdoughs Bakery & Cafe,El Paso,TX,,bakeries,best_of_city_list,https://www.yelp.com/search?find_desc=Sourdough+Bread&find_loc=El+Paso%2C+TX,Named among El Paso's top sourdough bakeries,2026-06-12
Gaston's Bakery,Boise,ID,https://gastonsbakery.com/,bakeries,state_sweep_best_of,https://gastonsbakery.com/,"Locally owned Boise Bench bakery offering fresh artisan breads and sourdough, milling its own flour from Idaho and Montana wheat",2026-06-12
Zeppole Baking Co.,Boise,ID,https://www.zeppolebakery.com/,bakeries,state_sweep_best_of,https://www.zeppolebakery.com/,Handcrafted old-world breads for the Treasure Valley since 1993 with a 28-year-old sourdough starter,2026-06-12
Hearthbread Bakehouse,Spokane,WA,,bakeries,best_of_city_list,https://www.yelp.com/search?find_desc=Sourdough+Bread&find_loc=Spokane%2C+WA,Ranked among the top sourdough bread bakeries in Spokane,2026-06-12
Boulevard Bread Company,Little Rock,AR,,bakeries,best_of_city_list,https://littlerockfoodie.com/the-definitive-little-rock-baked-goods-guide/,European-style bakery renowned for artisan breads — fresh ciabatta and sourdoughs with locally sourced ingredients,2026-06-12
Old Mill Bread Bakery & Cafe,Little Rock,AR,,bakeries,best_of_city_list,https://www.allamericanatlas.com/bakeries-in-little-rock-arkansas/,Beloved Little Rock bread bakery since 1992 with loaves baked fresh every morning including classic sourdough,2026-06-12
Serenity Farm Bread,Leslie,AR,,bakeries,small_market_local_dominance,https://arkansasgrown.org/listing/serenity-farm-bread/,"Long-running sourdough bread bakery dominating tiny Leslie AR, listed by Arkansas Grown",2026-06-12
On the Rise Bread Co.,Bozeman,MT,https://www.ontherisebread.co/,bakeries,state_sweep_best_of,https://www.ontherisebread.co/,"Retail artisan bakery baking sourdough bread and pastries since 1997, billed as Bozeman's best sourdough",2026-06-12
Fabers Bakery & Deli,Bozeman,MT,,bakeries,state_sweep_best_of,https://wanderlog.com/list/geoCategory/442764/best-bakeries-in-bozeman,"Bozeman bakery with a rotating bread selection of sourdough, ciabatta and baguettes",2026-06-12
Le Fournil,Billings,MT,,bakeries,press_awards_recent_momentum,https://z100missoula.com/le-fournil-bakery-montana/,French artisan bread bakery named to Food & Wine's 100 Best Bakeries in America,2026-06-12
Birmingham Breadworks,Birmingham,AL,https://birminghambreadworks.com/,bakeries,best_of_city_list,https://birminghambreadworks.com/,Anchors Birmingham's artisan bread movement with daily small-batch long-fermented sourdoughs,2026-06-12
Flour Head Bakery,Knoxville,TN,,bakeries,best_of_city_list,https://www.visitknoxville.com/blog/post/where-to-find-sourdough-bread-in-knoxville/,"Locally owned artisan bakery making Knoxville Sourdough, baguettes and brioche with unbleached unbromated flours",2026-06-12
Sovereign Sourdough,Knoxville,TN,,bakeries,best_of_city_list,https://www.visitknoxville.com/blog/post/where-to-find-sourdough-bread-in-knoxville/,"South Knoxville staple for handcrafted small-batch natural sourdough, focaccia and English muffins",2026-06-12
Niedlov's Bakery & Cafe,Chattanooga,TN,,bakeries,best_of_city_list,https://exploringchatt.com/bakeries-for-bread-in-chattanooga/,Chattanooga's busy bread-first bakery making everything from scratch since 2002,2026-06-12
EVO Craft Bakery,North Charleston,SC,,bakeries,best_of_city_list,https://charlestonmag.com/features/bread_winners_here_s_where_to_find_the_best_crusty_baguettes_hearty_loaves_and_tangy,"European-style craft bakery with baguettes, bâtards and boules available daily, cited in Charleston Magazine's Bread Winners",2026-06-12
Rise Bakery,Greenville,SC,,bakeries,best_of_city_list,https://kiddingaroundgreenville.com/buy-fresh-bread,West Greenville artisan bakery known for freshly baked sourdough loaves and croissants,2026-06-12
Gulf Coast Sourdough,Tampa,FL,http://www.gulfcoastsourdough.com/,bakeries,best_of_city_list,http://www.gulfcoastsourdough.com/,Artisan sourdough bakery founded 2015 with a Seminole Heights storefront,2026-06-12
Community Loaves,Jacksonville,FL,,bakeries,best_of_city_list,https://bluewaterhealthyliving.com/news/national-news/florida/best-artisan-bread-in-jacksonville-here-are-4-must-visit-bakeries/,Named a must-visit Jacksonville artisan bread bakery for long-fermentation sourdough with freshly milled grains,2026-06-12
St. Gabriel Bakery,Jacksonville,FL,,bakeries,best_of_city_list,https://bluewaterhealthyliving.com/news/national-news/florida/best-artisan-bread-in-jacksonville-here-are-4-must-visit-bakeries/,Family-run traditional artisanal bakeshop opened 2024 turning out 40+ varieties of scratch-made breads,2026-06-12
Up All Night Bakery,Richmond,VA,,bakeries,wood_fired_bread,https://rictoday.6amcity.com/culture/fresh-bread-bakeries-richmond-va,Northside Richmond bread bakery where pastry chef Jonathan Highfield bakes loaves in a hand-built wood-fired oven,2026-06-12
Anicca Bakery,Albany,NY,,bakeries,best_of_city_list,https://www.yelp.com/search?find_desc=Sourdough+Bread&find_loc=Albany%2C+NY,Named among the top sourdough bread bakeries in Albany,2026-06-12
The Placid Baker,Troy,NY,,bakeries,best_of_city_list,https://www.yelp.com/search?find_desc=Sourdough+Bread&find_loc=Albany%2C+NY,Named among the top sourdough bread bakeries in the Albany capital region,2026-06-12
Bountiful Bread,Albany,NY,,bakeries,best_of_city_list,https://www.yelp.com/search?find_desc=Sourdough+Bread&find_loc=Albany%2C+NY,Bread-first bakery named among the top sourdough options in Albany,2026-06-12
Grist Milling & Bakery,Missoula,MT,https://abundantmontana.com/amt-lister/grist-milling-bakery/,bakeries,state_sweep_best_of,https://abundantmontana.com/amt-lister/grist-milling-bakery/,Naturally leavened sourdough using 100% organic Montana grain milled in-house on a Vermont granite stone mill,2026-06-16
Flathead Bread,Kalispell,MT,https://www.flatheadbread.com/,bakeries,language_lane_fresh_milled,https://www.flatheadbread.com/,"Organic artisan sourdough, long-fermented, milling its own whole wheat in house from organically grown wheat berries",2026-06-16
Lincoln Street Bakery,Lander,WY,,bakeries,language_lane_fresh_milled,https://www.onlyinyourstate.com/food/wyoming/artisan-creations-food-wy,2021 storefront seeking locally grown fresh-milled grains and wild natural yeast; long-fermentation sourdough baguettes and ancient-grain loaves,2026-06-16
Persephone Bakery,Jackson,WY,https://persephonebakery.com/,bakeries,state_sweep_best_of,https://www.travelmag.com/best-bakery-in-wyoming-and-the-reason-there-is-a-line-wrapping-around-the-block-every-single-saturday-morning/,"2020 James Beard semifinalist named best bakery in Wyoming; old-world fermentation, Pain au Levain and baguettes, line around the block",2026-06-16
Alibi Wood Fire,Laramie,WY,https://alibiwoodfire.com/bread/,bakeries,language_lane_wood_fired,https://alibiwoodfire.com/bread/,Bakery specializing in naturally leavened breads with organic ingredients baked in a wood-fire oven,2026-06-16
The Windy Kitchen,Cheyenne,WY,https://www.thewindykitchenincheyenne.com/,bakeries,state_sweep_best_of,https://www.thewindykitchenincheyenne.com/,"Artisan sourdough bakery offering fresh sourdough, bagels and handcrafted breads baked in Cheyenne",2026-06-16
Brick Oven Bakery,Bismarck,ND,,bakeries,state_sweep_best_of,https://familyvacationsus.com/bakeries-in-north-dakota-worth-waking-up-early-for/,Bismarck bakery offering naturally leavened sourdoughs and pastries in the French tradition,2026-06-16
Bread Poets Baking Company,Bismarck,ND,,bakeries,state_sweep_best_of,https://familyvacationsus.com/bakeries-in-north-dakota-worth-waking-up-early-for/,Artisan bread-making bakery in Bismarck known for its sourdoughs,2026-06-16
Sweet Home Sourdough,Sioux Falls,SD,https://sweethomesourdough.com/,bakeries,state_sweep_best_of,https://sweethomesourdough.com/,"Sioux Falls artisanal sourdough bakery making naturally fermented, preservative-free bread by traditional methods",2026-06-16
Le Quartier Bakery & Café,Lincoln,NE,https://lequartierbakingco.com/,bakeries,state_sweep_best_of,https://lequartierbakingco.com/bread/,"Neighborhood bakery specializing in artisan sourdough and croissants, handcrafted in Lincoln and Omaha; reviewers call its sourdough and baguettes the best bread in town",2026-06-16
Phoenix Bread,Kansas City,MO,,bakeries,language_lane_naturally_leavened,https://heavenlydelightsbakery.com/bakery-near-me/phoenix-bread/,"Small-scale artisan bakery using organic flours, wild yeasts and old-world techniques, focusing almost exclusively on naturally leavened stone-hearth-baked bread",2026-06-16
Jonny Bakes,Kansas City,MO,https://www.jonnybakeskc.com/,bakeries,language_lane_fresh_milled,https://www.jonnybakeskc.com/,"Artisan organic naturally leavened bread made with freshly milled locally sourced organic grains, water and salt",2026-06-16
Prairie Thunder Baking Company,Oklahoma City,OK,http://www.prairiethunderbaking.com/,bakeries,state_sweep_best_of,https://www.405magazine.com/fresh-sourdough-in-okc/,"Preeminent artisan bakery in Oklahoma City since 2008, everything fresh from scratch using old-world techniques",2026-06-16
Big Heart Bread,Rogers,AR,https://bigheartbread.com/,bakeries,language_lane_naturally_leavened,https://bigheartbread.com/,NW Arkansas artisan bakery specializing in naturally fermented sourdough breads baked in small batches with a crust that crackles,2026-06-16
Little Bread Company,Fayetteville,AR,,bakeries,state_sweep_best_of,https://www.yelp.com/search?find_desc=sourdough+bread&find_loc=Fayetteville,+AR,Top-rated Fayetteville artisan sourdough bread bakery
Frenchie Made In The Ozarks,Fayetteville,AR,,bakeries,ethnic_french_boulangerie,https://www.yelp.com/search?find_desc=sourdough+bread&find_loc=Fayetteville,+AR,French-style Fayetteville bakery among top sourdough bread options in NW Arkansas
Stone Mill Bread & Flour Company,Fayetteville,AR,,bakeries,language_lane_stone_milled,https://www.yelp.com/search?find_desc=sourdough+bread&find_loc=Fayetteville,+AR,Stone-milled artisan bread and flour bakery among top sourdough options in Fayetteville
The Sour Crumb,Madison,AL,https://thesourcrumb.com/,bakeries,language_lane_naturally_leavened,https://thesourcrumb.com/,Small-batch artisan bakery serving Madison AL where every loaf is naturally leavened with clean quality ingredients,2026-06-16
Bolivar Bread,Harpers Ferry,WV,https://www.bolivarbread.com/,bakeries,state_sweep_best_of,https://www.bolivarbread.com/,Woman-owned small-batch artisan bakery in uptown Harpers Ferry offering freshly baked bread including seeded sourdough,2026-06-16
Rising Creek Bakery,Morgantown,WV,https://risingcreekbakery.com/,bakeries,ethnic_regional_tradition,https://risingcreekbakery.com/,"Specializes in the Appalachian tradition of authentic Salt Rising Bread, sold at its Morgantown storefront",2026-06-16
Bluegrass Baking Company,Lexington,KY,,bakeries,state_sweep_best_of,https://thebluegrassvillageblog.com/the-top-ten-places-to-get-fresh-sourdough-bread-in-kentucky/,"Lexington bakery serving sourdough for over 20 years with crispy crust, chewy crumb and tangy flavor",2026-06-16
North South Baking Company,Covington,KY,,bakeries,state_sweep_best_of,https://thebluegrassvillageblog.com/the-top-ten-places-to-get-fresh-sourdough-bread-in-kentucky/,Popular Covington bakery focusing on fresh local ingredients with sourdough bread and croissants,2026-06-16
Wild Lab Bakery,Lexington,KY,https://www.wildlabbakery.com/,bakeries,language_lane_naturally_leavened,https://www.wildlabbakery.com/,Small-batch artisan bakery that opened a bread shop storefront in February 2024,2026-06-16
123Dough Bakery,Pound Ridge,NY,https://123dough.com/,bakeries,affluent_suburb,https://www.yelp.com/search?find_desc=Sourdough&find_loc=Westchester+County,+NY,"Pound Ridge artisan bakery using long natural fermentation techniques, top sourdough in Westchester County"
The Kneaded Bread,Port Chester,NY,,bakeries,affluent_suburb,https://www.yelp.com/search?find_desc=Sourdough&find_loc=Westchester+County,+NY,Featured among the top sourdough bakeries in Westchester County
Duck Island Bread Company,Huntington,NY,,bakeries,language_lane_naturally_leavened,https://www.longisland.com/news/07-07-20/10-bake-shops-on-long-island-to-get-the-best-bread.html,"Huntington bakery founded by a baker who studied in France and Germany, making most breads naturally leavened in small batches",2026-06-16
Blue Duck Bakery Cafe,Southampton,NY,https://blueduckbakerycafe.com/artisan-breads/,bakeries,affluent_suburb,https://blueduckbakerycafe.com/artisan-breads/,"North Fork bakery using 20-year-old levains and wild yeast from surrounding waters, vineyards and farms across multiple East End storefronts",2026-06-16
Fritzsche's Bakery,East Hampton,NY,,bakeries,affluent_suburb,https://www.longisland.com/news/07-07-20/10-bake-shops-on-long-island-to-get-the-best-bread.html,East Hampton bakery praised for its sourdough and pumpernickel breads,2026-06-16
Wave Hill Breads,Norwalk,CT,,bakeries,language_lane_fresh_milled,https://mofflylifestylemedia.com/how-flour-water-salt-bread-became-fairfield-countys-favorite-artisan-bakery/,Named to Food & Wine's Best Bread in Every State and 100 Best Bakeries in America; mills fresh organic whole grains in-house daily with up to 72-hour ferment,2026-06-16
Allegheny Bread Company,Ardmore,PA,https://alleghenybreadcompany.com/,bakeries,affluent_suburb,https://alleghenybreadcompany.com/,"Artisan bakery serving the Main Line and Chester County with freshly baked sourdough bread, voted Best Bakery on the Main Line",2026-06-16
Crossroads Bake Shop,Doylestown,PA,,bakeries,affluent_suburb,https://wanderlog.com/list/geoCategory/447834/best-bakeries-in-bucks-county,Doylestown bake shop renowned for its selection of artisan breads and pastries in Bucks County,2026-06-16
Meadowlark Bakery & Cafe,Warminster,PA,https://meadowlarkbakerycafe.com/,bakeries,affluent_suburb,https://meadowlarkbakerycafe.com/,"Warminster bakery offering house-made sourdough loaves, bagels and daily bread in Bucks County",2026-06-16
As Kneaded Bakery,San Leandro,CA,https://www.askneadedbakery.com/,bakeries,language_lane_naturally_leavened,https://www.kqed.org/bayareabites/83695/best-breads-baa-area,Arguably the most serious bread bakery in the East Bay with naturally leavened extra-tangy miche and caramelized baguettes,2026-06-16
Morell's Bread,Berkeley,CA,https://morellsbread.com/about/,bakeries,affluent_suburb,https://morellsbread.com/about/,"West Berkeley bakery baking traditional sourdough breads since 2000, started at Headlands Center for the Arts in Marin",2026-06-16
Base Camp Bakery,Oakland,CA,https://www.basecampbakery.com/,bakeries,language_lane_heritage_grain,https://www.basecampbakery.com/,Queer Korean-Chicana-owned artisanal bakery focused on naturally leavened bread made with organic whole grains grown in California,2026-06-16
61 Hundred Bread,Santa Ana,CA,,bakeries,affluent_suburb,https://haasunlimited.com/2025/11/the-best-bakeries-in-orange-county-right-now/,"Karlo Evaristo's bakery opened its first brick-and-mortar in Santa Ana, OC's essential stop for perfectly fermented sourdough batards",2026-06-16
Moses Bread,Tustin,CA,,bakeries,affluent_suburb,https://www.yelp.com/search?find_desc=Sourdough+Bread&find_loc=Orange+County,+CA,"Top of Yelp's Orange County sourdough listings, baker Dean Kim praised for fabulous sourdough"
Buttered Up Bakery,Scottsdale,AZ,https://butteredupbakery.com/product/sourdough-bread/,bakeries,language_lane_heritage_grain,https://butteredupbakery.com/product/sourdough-bread/,"Artisanal 72-hour fermented sourdough using Sonoran winter wheat and a touch of rye, open daily on Scottsdale Rd",2026-06-16
Lior The Baker,Scottsdale,AZ,,bakeries,affluent_suburb,https://www.yelp.com/search?find_desc=Sourdough+Bread&find_loc=Scottsdale,+AZ,Scottsdale bakery on Frank Lloyd Wright Blvd recognized for artisan baking
Fresh Baguette,Bethesda,MD,,bakeries,ethnic_french_boulangerie,https://bethesdamagazine.com/2022/04/25/breads-we-love-from-bethesda-and-rockville-bakeries/,"Founded 2013 by French baker Florent de Felcourt, baguettes made from organic flour leavened with sourdough starter over a 24-hour ferment",2026-06-16
Breads Unlimited,Bethesda,MD,https://breadsunlimited.com/,bakeries,affluent_suburb,https://breadsunlimited.com/,"Bethesda bakery baking fresh artisan breads daily, using a 60-year-old sourdough starter in its Russian pumpernickel",2026-06-16
Spring Mill Bread,Silver Spring,MD,,bakeries,affluent_suburb,https://www.yelp.com/search?cflt=bakeries&find_loc=Silver+Spring%2C+MD,Top artisan bread bakery in Silver Spring praised for sourdough,2026-06-16
Atwater,Sterling,VA,,bakeries,language_lane_fresh_milled,https://www.arlingtonmagazine.com/where-to-get-good-bread/,"Northern Virginia bakery where every step is done by hand, milling flour in-house and baking scalded rye sourdough in hearth ovens",2026-06-16
Rosetta Stone Artisan Bakery,Alexandria,VA,,bakeries,language_lane_naturally_leavened,https://www.yelp.com/search?find_desc=Sourdough+Bread+Bakery&find_loc=Alexandria%2C+VA,Alexandria bakery making olive and preserved-lemon sourdough plus potato and rosemary-garlic loaves,2026-06-16
Circle Of Hands Sourdough Bakery,Cambridge,MA,,bakeries,affluent_suburb,https://www.yelp.com/search?find_desc=Sourdough+Bread&find_loc=Cambridge,+MA,"Ranked in the top sourdough bread bakeries in Cambridge, MA"
Somerville Bread Company,Somerville,MA,,bakeries,capacity_expansion,https://patch.com/massachusetts/somerville/somerville-bread-company-expand-boston,Provides organic artisan bread to restaurants and groceries around Somerville and Boston and is expanding,2026-06-16
TGM Bread,Atlanta,GA,,bakeries,language_lane_naturally_leavened,https://diningout.com/atlanta/13-must-visit-bakeries-in-atlanta-for-artisan-bread-and-pastries/,Dedicated bakery behind The General Muir's bread program focusing on classic deli-style and artisan baking,2026-06-16
Honey and Rye Bakehouse,St. Louis Park,MN,,bakeries,affluent_suburb,https://www.exploreminnesota.com/food-and-drink/best-bakeries-minneapolis-st-paul,St. Louis Park bakehouse making sourdough loaves daily including its Park Sourdough Loaf,2026-06-16
Kolbe Market & Bakery,Denver,CO,,bakeries,language_lane_naturally_leavened,https://www.yelp.com/search?find_desc=Sourdough+Bread&find_loc=Denver%2C+CO,Top-rated sourdough bakery in Denver,2026-06-16
ZUbakery,Portland,ME,,bakeries,language_lane_wood_fired,https://www.tastingtable.com/2060082/usa-bakeries-best-sourdough-bread/,"James Beard Award-winning Portland bakery with naturally leavened, wood-fired bread",2026-06-16
Freshwater Baking Co.,Brunswick,ME,https://www.freshwaterbaking.com/,bakeries,language_lane_fresh_milled,https://www.freshwaterbaking.com/,"Brunswick bakery using regional grains milled in Maine, slowly fermenting naturally leavened dough, each loaf hand-shaped",2026-06-16
Soco Bread Co,Providence,RI,,bakeries,language_lane_stone_milled,https://www.rimonthly.com/where-to-get-artisan-bread-in-rhode-island/,Independently owned bakery with a vast selection of slow-fermentation sourdough breads made using Kenyon Grist Mill flour,2026-06-16
Seven Kings Market,Barrington,RI,https://7kingsmarket.com/,bakeries,affluent_suburb,https://7kingsmarket.com/,Authentic micro-bakery in Barrington RI offering classic sourdough and Asian breads,2026-06-16
Mims Bakery,Salt Lake City,UT,https://mimsslc.com/,bakeries,language_lane_naturally_leavened,https://mimsslc.com/,"Salt Lake City microbakery offering fresh sourdough, baguettes and artisan-made bread",2026-06-16
Sourdough and Sage,Eagle,ID,,bakeries,affluent_suburb,https://boisedev.com/2026/04/29/farm-to-table-feel-new-artisan-bakery-opens-in-eagle/,New farm-to-table artisan bakery opened in Eagle ID serving fresh-baked sourdough breads and baked goods,2026-06-16
Bet on Bread,Las Vegas,NV,https://betonbread.com/,bakeries,language_lane_fresh_milled,https://betonbread.com/,"Fresh-milled organic naturally leavened sourdough, milling grains by hand and cold fermenting every loaf 60 to 75 hours",2026-06-16
Rooted Bakery,North Las Vegas,NV,https://www.rootedbakeryco.com/,bakeries,language_lane_naturally_leavened,https://www.rootedbakeryco.com/,Handcrafted organic sourdough using slow fermentation and traditional techniques,2026-06-16
Bread Day,Las Vegas,NV,https://bread-day.com/,bakeries,language_lane_naturally_leavened,https://bread-day.com/,"Baking naturally leavened sourdough bread in Las Vegas since 2012, owner-baker Isabela Moraes",2026-06-16
Vegas Sourdough,Las Vegas,NV,,bakeries,language_lane_naturally_leavened,https://nextdoor.com/pages/vegas-sourdough-las-vegas-nv-1/,"Artisan sourdough using just flour, water and time",2026-06-16
Maui Wild Crust,Kihei,HI,https://mauiwildcrust.com/,bakeries,language_lane_naturally_leavened,https://mauiwildcrust.com/,"Artisan sourdough bread bakery in Maui, Hawaii",2026-06-16
Babes Bakery,Honolulu,HI,https://www.babesbakeryhawaii.com/,bakeries,language_lane_naturally_leavened,https://www.babesbakeryhawaii.com/,Kaimuki neighborhood bakery making artisan sourdough with a house-cultured starter and three-day fermentation,2026-06-16
La Tour Bakehouse,Honolulu,HI,,bakeries,affluent_suburb,https://www.yelp.com/search?find_desc=Sourdough+Bread&find_loc=Honolulu%2C+HI,Highly ranked Honolulu artisan bread and sourdough bakehouse,2026-06-16
Rustic Hearth Bread,Iowa City,IA,,bakeries,language_lane_fresh_milled,https://littlevillagemag.com/made-from-scratch/,Voted Food & Wine's best bread in Iowa 2022; mills its own flour and bakes naturally leavened loaves,2026-06-16
Enigma Artisan Bakery,Portsmouth,NH,,bakeries,state_sweep_best_of,https://newhampshireway.com/bakeries-in-portsmouth-nh/,Portsmouth bakery offering sourdough with superior flavor and exceptional quality alongside pastries,2026-06-16
Ceres Bakery,Portsmouth,NH,https://ceresbakery.com/breads/,bakeries,state_sweep_best_of,https://ceresbakery.com/breads/,"Portsmouth bakery baking white, wheat, anadama and white sourdough bread daily since 1980",2026-06-16
Farag Breads,Portsmouth,NH,,bakeries,language_lane_naturally_leavened,https://newhampshireway.com/bakeries-in-portsmouth-nh/,Scratch-made artisanal bread prepared daily on the New Hampshire Seacoast,2026-06-16
Slowfire Bakery,Montpelier,VT,,bakeries,language_lane_wood_fired,https://www.thefreshloaf.com/node/34003/vermont-sourdough-woodfired-oven-bakeries,Vermont sourdough wood-fired-oven bakery in the Montpelier area,2026-06-16
Boule Bakery,Burlington,VT,,bakeries,language_lane_naturally_leavened,https://newenglandcities.com/bakeries-in-vermont/,Naturally leavened sourdough breads and hand-crafted French pastries as the main focus,2026-06-16
Klinger's Bread Company,South Burlington,VT,https://klingersbread.com/,bakeries,language_lane_wood_fired,https://klingersbread.com/,South Burlington bakery offering hearth-baked artisan breads including sourdough rounds made fresh daily,2026-06-16
Fig & Fennel Bread Co.,Montpelier,VT,,bakeries,language_lane_naturally_leavened,https://newenglandcities.com/bakeries-in-vermont/,"Bakes naturally leavened, slowly fermented artisan sourdough for Montpelier and Stowe",2026-06-16
Norimoto Bakery,Portland,ME,,bakeries,affluent_suburb,https://theportlandlogbook.com/p/the-best-bakeries-in-portland-maine,Tiny storefront bakery in Portland's Deering Center known for handcrafted pastries and breads,2026-06-16
The Place Bakery,Camden,ME,,bakeries,sold_out_demand_signals,https://theportlandlogbook.com/p/the-best-bakeries-in-portland-maine,"Tiny Camden bakery with a line out the door before sunrise, known for obsessive attention to quality",2026-06-16
The Comerian,Comer,GA,https://www.thecomerian.com,bakeries,language_lane_stone_milled,https://www.thecomerian.com,"Small-batch bakery where breads are naturally leavened, hand-shaped and baked in a stone hearth oven using organic flours and grains",2026-06-16
Bread & Salt,Jersey City,NJ,,bakeries,language_lane_naturally_leavened,https://bestofnj.com/features/food/the-best-bakeries-in-new-jersey/,Widely considered the gold standard for naturally leavened bread and rustic-style baking in Jersey City,2026-06-16
Le French Dad Boulangerie,Montclair,NJ,,bakeries,ethnic_french_boulangerie,https://www.themontclairgirl.com/best-bread-bakery-montclair-new-jersey-essex-county/,Montclair boulangerie praised for its artisanal loaves and croissants,2026-06-16
The Village Baker of Ashland,Ashland,OR,https://www.artisan-bakers.com/,bakeries,state_sweep_best_of,https://www.artisan-bakers.com/,Downtown Ashland mainstay of 25-plus years with all sourdough-based breads including Italian sourdough and French country loaf,2026-06-16
Elegant Elephant Baking,Eugene,OR,,bakeries,state_sweep_best_of,https://www.yelp.com/search?find_desc=Sourdough&find_loc=Eugene,+OR,Top sourdough bakery in Eugene OR
La Mouette,Eugene,OR,,bakeries,ethnic_french_boulangerie,https://www.yelp.com/search?find_desc=Sourdough&find_loc=Eugene,+OR,French-style Eugene bakery among top sourdough options
Antler Baking Company,Bellingham,WA,,bakeries,state_sweep_best_of,https://www.yelp.com/search?find_desc=Bread+Bakeries&find_loc=Bellingham%2C+WA,Top Bellingham WA bread bakery focused on traditional artisan methods,2026-06-16
Raven Bakery,Bellingham,WA,,bakeries,state_sweep_best_of,https://www.yelp.com/search?find_desc=Bread+Bakeries&find_loc=Bellingham%2C+WA,Bellingham WA artisan bakery with naturally leavened breads,2026-06-16
Roman Artisan Bake,Bellingham,WA,,bakeries,language_lane_naturally_leavened,https://www.yelp.com/search?find_desc=Bread+Bakeries&find_loc=Bellingham%2C+WA,Bellingham WA artisan bakery making naturally leavened breads,2026-06-16
NC Sourdough House,Durham,NC,,bakeries,language_lane_naturally_leavened,https://www.yelp.com/search?find_desc=Sourdough+Bread&find_loc=Durham,+NC,Top sourdough bakery in Durham NC
Loaf,Durham,NC,,bakeries,state_sweep_best_of,https://www.yelp.com/search?find_desc=Sourdough&find_loc=Durham%2C+NC,Durham NC artisan bakery among top sourdough options,2026-06-16
Three Sisters Homestead and Bakery,Greenville,SC,https://www.threesistershomesteadandbakery.com/,bakeries,language_lane_naturally_leavened,https://www.threesistershomesteadandbakery.com/,Greenville bakery specializing in handcrafted sourdough bread with a storefront inside Westside Market on Augusta Street,2026-06-16
Kuso Bakery,Columbia,SC,,bakeries,language_lane_naturally_leavened,https://www.yelp.com/search?find_desc=Bread+Bakeries&find_loc=Columbia,+SC,Columbia SC bakery noted for excellent sourdough and bagels
